WARNING: A terminally deprecated method in sun.misc.Unsafe has been called
WARNING: sun.misc.Unsafe::allocateMemory has been called by io.netty.util.internal.PlatformDependent0$2 (file:/home/lam/workspace/OpenLatch/openlatch-server/target/openlatch-server-1.0-SNAPSHOT-executable.jar)
WARNING: Please consider reporting this to the maintainers of class io.netty.util.internal.PlatformDependent0$2
WARNING: sun.misc.Unsafe::allocateMemory will be removed in a future release
[main] INFO org.apache.ratis.server.RaftServer - Starting Apache Ratis Server -- RaftServerProxy n1
[main] INFO org.apache.ratis.server.RaftServer -                version: 3.3.0
[main] INFO org.apache.ratis.server.RaftServer -               revision: 4f4d3504f36151085d32224a200f23b3eae8d472
[main] INFO org.apache.ratis.server.RaftServer -                   java: Java HotSpot(TM) 64-Bit Server VM 25.0.3+9-LTS-195
[main] INFO org.apache.ratis.server.RaftServer -                   user: lam
[main] INFO org.apache.ratis.server.RaftServer -                 memory: max: 7.637 G, total: 496 M, free: 479.977 M
[main] INFO org.apache.ratis.server.RaftServer - raft.rpc.type = GRPC (default)
[main] INFO org.apache.ratis.grpc.GrpcConfigKeys - raft.grpc.admin.host = null (fallback to raft.grpc.server.host)
[main] INFO org.apache.ratis.grpc.GrpcConfigKeys - raft.grpc.admin.port = 35699 (fallback to raft.grpc.server.port)
[main] INFO org.apache.ratis.grpc.GrpcConfigKeys - raft.grpc.client.host = null (fallback to raft.grpc.server.host)
[main] INFO org.apache.ratis.grpc.GrpcConfigKeys - raft.grpc.client.port = 35699 (fallback to raft.grpc.server.port)
[main] INFO org.apache.ratis.grpc.GrpcConfigKeys - raft.grpc.server.port = 35699 (custom)
[main] INFO org.apache.ratis.grpc.server.GrpcServicesImpl - raft.grpc.message.size.max = 64MB (=67108864) (default)
[main] INFO org.apache.ratis.grpc.server.GrpcServicesImpl - raft.grpc.flow.control.window = 1MB (=1048576) (default)
[main] INFO org.apache.ratis.server.RaftServerConfigKeys - raft.server.rpc.request.timeout = 3000ms (default)
[main] INFO org.apache.ratis.grpc.GrpcConfigKeys - raft.grpc.server.heartbeat.channel = true (default)
[main] INFO org.apache.ratis.grpc.GrpcConfigKeys - raft.grpc.server.stub.pool.size = 1 (default)
[main] INFO org.apache.ratis.server.RaftServerConfigKeys - raft.server.log.appender.buffer.byte-limit = 4MB (=4194304) (default)
[main] INFO org.apache.ratis.grpc.GrpcConfigKeys - raft.grpc.use-epoll = true (default)
[main] INFO org.apache.ratis.grpc.GrpcConfigKeys - raft.grpc.server.boss-group.size = 0 (default)
[main] INFO org.apache.ratis.grpc.GrpcConfigKeys - raft.grpc.server.worker-group.size = 0 (default)
[main] INFO org.apache.ratis.grpc.GrpcConfigKeys - raft.grpc.client.worker-group.size = 0 (default)
[main] INFO org.apache.ratis.grpc.GrpcConfigKeys - raft.grpc.server.async.request.thread.pool.cached = true (default)
[main] INFO org.apache.ratis.grpc.GrpcConfigKeys - raft.grpc.server.async.request.thread.pool.size = 32 (default)
WARNING: A restricted method in java.lang.System has been called
WARNING: java.lang.System::loadLibrary has been called by org.apache.ratis.thirdparty.io.netty.util.internal.NativeLibraryUtil in an unnamed module (file:/home/lam/workspace/OpenLatch/openlatch-server/target/openlatch-server-1.0-SNAPSHOT-executable.jar)
WARNING: Use --enable-native-access=ALL-UNNAMED to avoid a warning for callers in this module
WARNING: Restricted methods will be blocked in a future release unless native access is enabled

[main] INFO org.apache.ratis.server.impl.DataStreamServerImpl - raft.datastream.type = DISABLED (default)
[main] INFO org.apache.ratis.server.RaftServerConfigKeys - raft.server.sleep.deviation.threshold = 300ms (default)
[main] INFO org.apache.ratis.server.RaftServerConfigKeys - raft.server.close.threshold = 60s (default)
[main] INFO org.apache.ratis.server.RaftServerConfigKeys - raft.server.leaderelection.leader.step-down.wait-time = 10s (default)
[main] INFO org.apache.ratis.server.RaftServerConfigKeys - raft.server.storage.dir = [/tmp/openlatch-roll-node-2211255187187984445] (custom)
[main] INFO org.apache.ratis.server.RaftServerConfigKeys - raft.server.threadpool.proxy.cached = false (custom)
[main] INFO org.apache.ratis.server.RaftServerConfigKeys - raft.server.threadpool.proxy.size = 4 (custom)
[n1-impl-thread1] INFO org.apache.ratis.server.RaftServer - n1: found a subdirectory /tmp/openlatch-roll-node-2211255187187984445/f0c77938-3a50-35c5-9d0a-d7f925094f13
[main] INFO org.apache.ratis.server.RaftServer - n1: addNew group-D7F925094F13:[n1|127.0.0.1:35699, n2|127.0.0.1:37717, n3|127.0.0.1:46107] returns group-D7F925094F13:java.util.concurrent.CompletableFuture@7d322cad[Not completed]
[n1-groupManagement] INFO org.apache.ratis.server.RaftServer$Division - n1: new RaftServerImpl for group-D7F925094F13:[n1|127.0.0.1:35699, n2|127.0.0.1:37717, n3|127.0.0.1:46107] with LockStateMachine-1:uninitialized
[n1-groupManagement] INFO org.apache.ratis.server.RaftServerConfigKeys - raft.server.rpc.timeout.min = 400ms (custom)
[n1-groupManagement] INFO org.apache.ratis.server.RaftServerConfigKeys - raft.server.rpc.timeout.max = 800ms (custom)
[n1-groupManagement] INFO org.apache.ratis.server.RaftServerConfigKeys - raft.server.rpc.sleep.time = 25ms (default)
[n1-groupManagement] INFO org.apache.ratis.server.RaftServerConfigKeys - raft.server.rpc.slowness.timeout = 60s (default)
[n1-groupManagement] INFO org.apache.ratis.server.RaftServerConfigKeys - raft.server.leaderelection.member.majority-add = false (default)
[n1-groupManagement] INFO org.apache.ratis.server.RaftServer$Division - n1@group-D7F925094F13: ConfigurationManager, init=conf: {index: -1, cur=peers:[n1|127.0.0.1:35699, n2|127.0.0.1:37717, n3|127.0.0.1:46107]|listeners:[], old=null}, confs=<EMPTY_MAP>
[n1-groupManagement] INFO org.apache.ratis.server.RaftServerConfigKeys - raft.server.notification.no-leader.timeout = 60s (default)
[n1-groupManagement] INFO org.apache.ratis.server.RaftServerConfigKeys - raft.server.read.timeout = 10s (default)
[n1-groupManagement] INFO org.apache.ratis.server.RaftServerConfigKeys - raft.server.retrycache.expirytime = 60s (default)
[n1-groupManagement] INFO org.apache.ratis.server.RaftServerConfigKeys - raft.server.retrycache.statistics.expirytime = 100ms (default)
[n1-groupManagement] INFO org.apache.ratis.server.RaftServerConfigKeys - raft.server.read.option = DEFAULT (default)
[n1-groupManagement] INFO org.apache.ratis.server.RaftServerConfigKeys - raft.server.read.read-after-write-consistent.write-index-cache.expiry-time = 60s (default)
[n1-groupManagement] INFO org.apache.ratis.server.RaftServerConfigKeys - raft.server.log.appender.install.snapshot.enabled = true (default)
[n1-groupManagement] INFO org.apache.ratis.server.RaftServerConfigKeys - raft.server.log.append-entries.compose.enabled = true (default)
[n1-groupManagement] INFO org.apache.ratis.server.RaftServerConfigKeys - raft.server.threadpool.server.cached = false (custom)
[n1-groupManagement] INFO org.apache.ratis.server.RaftServerConfigKeys - raft.server.threadpool.server.size = 4 (custom)
[n1-groupManagement] INFO org.apache.ratis.server.RaftServerConfigKeys - raft.server.threadpool.client.cached = false (custom)
[n1-groupManagement] INFO org.apache.ratis.server.RaftServerConfigKeys - raft.server.threadpool.client.size = 4 (custom)
[n1-impl-thread2] INFO org.apache.ratis.server.RaftServerConfigKeys - raft.server.storage.free-space.min = 0MB (=0) (default)
[n1-impl-thread2] INFO org.apache.ratis.server.RaftServerConfigKeys - raft.server.log.corruption.policy = EXCEPTION (default)
[n1-impl-thread2] INFO org.apache.ratis.server.storage.RaftStorageDirectory - Lock on /tmp/openlatch-roll-node-2211255187187984445/f0c77938-3a50-35c5-9d0a-d7f925094f13/in_use.lock acquired by nodename 19872@lam
[n1-impl-thread2] INFO org.apache.ratis.server.storage.RaftStorage - Read RaftStorageMetadata{term=1, votedFor=n2} from /tmp/openlatch-roll-node-2211255187187984445/f0c77938-3a50-35c5-9d0a-d7f925094f13/current/raft-meta
[n1-impl-thread2] INFO org.apache.ratis.server.RaftServer$Division - n1@group-D7F925094F13: set configuration conf: {index: 0, cur=peers:[n1|127.0.0.1:35699, n2|127.0.0.1:37717, n3|127.0.0.1:46107]|listeners:[], old=null}
[n1-impl-thread2] INFO io.github.lamspace.openlatch.server.raft.LockStateMachine - loaded snapshot at (t:1, i:15)
[n1-impl-thread2] INFO org.apache.ratis.server.RaftServerConfigKeys - raft.server.log.use.memory = false (default)
[n1-impl-thread2] INFO org.apache.ratis.server.RaftServer$Division - n1@group-D7F925094F13: getLatestSnapshot(LockStateMachine-1:n1:group-D7F925094F13) returns SingleFileSnapshotInfo(t:1, i:15):[/tmp/openlatch-roll-node-2211255187187984445/f0c77938-3a50-35c5-9d0a-d7f925094f13/sm/snapshot.1_15]
[n1-impl-thread2] INFO org.apache.ratis.server.raftlog.RaftLog - n1@group-D7F925094F13-SegmentedRaftLog: snapshotIndexFromStateMachine = 15
[n1-impl-thread2] INFO org.apache.ratis.server.RaftServerConfigKeys - raft.server.log.purge.gap = 1024 (default)
[n1-impl-thread2] INFO org.apache.ratis.server.RaftServerConfigKeys - raft.server.log.statemachine.data.read.timeout = 1000ms (default)
[n1-impl-thread2] INFO org.apache.ratis.server.RaftServerConfigKeys - raft.server.log.purge.preservation.log.num = 0 (default)
[n1-impl-thread2] INFO org.apache.ratis.server.RaftServerConfigKeys - raft.server.log.segment.size.max = 32MB (=33554432) (default)
[n1-impl-thread2] INFO org.apache.ratis.server.RaftServerConfigKeys - raft.server.log.segment.cache.num.max = 6 (default)
[n1-impl-thread2] INFO org.apache.ratis.server.RaftServerConfigKeys - raft.server.log.segment.cache.size.max = 200MB (=209715200) (default)
[n1-impl-thread2] INFO org.apache.ratis.util.AwaitToRun - Thread[#30,n1@group-D7F925094F13-cacheEviction-AwaitToRun,5,main] started
[n1-impl-thread2] INFO org.apache.ratis.server.raftlog.segmented.SegmentedRaftLogWorker - new n1@group-D7F925094F13-SegmentedRaftLogWorker for RaftStorageImpl:Storage Directory /tmp/openlatch-roll-node-2211255187187984445/f0c77938-3a50-35c5-9d0a-d7f925094f13
[n1-impl-thread2] INFO org.apache.ratis.server.RaftServerConfigKeys - raft.server.log.queue.byte-limit = 64MB (=67108864) (default)
[n1-impl-thread2] INFO org.apache.ratis.server.RaftServerConfigKeys - raft.server.log.queue.element-limit = 4096 (default)
[n1-impl-thread2] INFO org.apache.ratis.server.RaftServerConfigKeys - raft.server.log.preallocated.size = 4MB (=4194304) (default)
[n1-impl-thread2] INFO org.apache.ratis.server.RaftServerConfigKeys - raft.server.log.force.sync.num = 128 (default)
[n1-impl-thread2] INFO org.apache.ratis.server.RaftServerConfigKeys - raft.server.log.statemachine.data.sync = true (default)
[n1-impl-thread2] INFO org.apache.ratis.server.RaftServerConfigKeys - raft.server.log.statemachine.data.sync.timeout = 10s (default)
[n1-impl-thread2] INFO org.apache.ratis.server.RaftServerConfigKeys - raft.server.log.statemachine.data.sync.timeout.retry = -1 (default)
[n1-impl-thread2] INFO org.apache.ratis.server.RaftServerConfigKeys - raft.server.log.write.buffer.size = 8MB (=8388608) (default)
[n1-impl-thread2] INFO org.apache.ratis.server.RaftServerConfigKeys - raft.server.log.unsafe-flush.enabled = false (default)
[n1-impl-thread2] INFO org.apache.ratis.server.RaftServerConfigKeys - raft.server.log.async-flush.enabled = false (default)
[n1-impl-thread2] INFO org.apache.ratis.server.RaftServerConfigKeys - raft.server.log.statemachine.data.caching.enabled = false (default)
[n1-impl-thread2] INFO org.apache.ratis.server.RaftServerConfigKeys - raft.server.log.read.lock.enabled = true (default)
[n1-impl-thread2] INFO org.apache.ratis.server.RaftServer$Division - n1@group-D7F925094F13: set configuration conf: {index: 0, cur=peers:[n1|127.0.0.1:35699, n2|127.0.0.1:37717, n3|127.0.0.1:46107]|listeners:[], old=null}
[n1-impl-thread2] INFO org.apache.ratis.server.raftlog.segmented.LogSegment - Successfully read 17 entries from segment file /tmp/openlatch-roll-node-2211255187187984445/f0c77938-3a50-35c5-9d0a-d7f925094f13/current/log_inprogress_0
[n1-impl-thread2] INFO org.apache.ratis.server.raftlog.segmented.SegmentedRaftLogWorker - n1@group-D7F925094F13-SegmentedRaftLogWorker: flushIndex: setUnconditionally 0 -> 16
[n1-impl-thread2] INFO org.apache.ratis.server.raftlog.segmented.SegmentedRaftLogWorker - n1@group-D7F925094F13-SegmentedRaftLogWorker: safeCacheEvictIndex: setUnconditionally 0 -> -1
[n1-impl-thread2] INFO org.apache.ratis.server.raftlog.segmented.BufferedWriteChannel - open log_inprogress_0 (append) at position 596
[n1-impl-thread2] INFO org.apache.ratis.server.RaftServer$Division - n1@group-D7F925094F13: start as a follower, conf=conf: {index: 0, cur=peers:[n1|127.0.0.1:35699, n2|127.0.0.1:37717, n3|127.0.0.1:46107]|listeners:[], old=null}
[n1-impl-thread2] INFO org.apache.ratis.server.RaftServer$Division - n1@group-D7F925094F13: changes role from      null to FOLLOWER at term 1 for startAsFollower
[n1-impl-thread2] INFO org.apache.ratis.server.impl.RoleInfo - n1: start n1@group-D7F925094F13-FollowerState
[n1@group-D7F925094F13-FollowerState] INFO org.apache.ratis.server.RaftServerConfigKeys - raft.server.rpc.first-election.timeout.min = 400ms (fallback to raft.server.rpc.timeout.min)
[n1@group-D7F925094F13-FollowerState] INFO org.apache.ratis.server.RaftServerConfigKeys - raft.server.rpc.first-election.timeout.max = 800ms (fallback to raft.server.rpc.timeout.max)
[n1-impl-thread2] INFO org.apache.ratis.util.JmxRegister - Successfully registered JMX Bean with object name Ratis:service=RaftServer,group=group-D7F925094F13,id=n1
[n1-impl-thread2] INFO org.apache.ratis.util.JmxRegister - register mxBean class org.apache.ratis.server.impl.RaftServerJmxAdapter as Ratis:service=RaftServer,group=group-D7F925094F13,id=n1
[n1-impl-thread2] INFO org.apache.ratis.server.RaftServerConfigKeys - raft.server.snapshot.trigger-when-stop.enabled = true (default)
[n1-impl-thread2] INFO org.apache.ratis.server.RaftServerConfigKeys - raft.server.snapshot.trigger-when-remove.enabled = true (default)
[n1-impl-thread2] INFO org.apache.ratis.server.RaftServerConfigKeys - raft.server.snapshot.auto.trigger.enabled = true (custom)
[n1-impl-thread2] INFO org.apache.ratis.server.RaftServerConfigKeys - raft.server.snapshot.auto.trigger.threshold = 1000000 (custom)
[n1-impl-thread2] INFO org.apache.ratis.server.RaftServerConfigKeys - raft.server.snapshot.retention.file.num = 2 (custom)
[n1-impl-thread2] INFO org.apache.ratis.server.RaftServerConfigKeys - raft.server.log.purge.upto.snapshot.index = true (custom)
[n1-impl-thread2] INFO org.apache.ratis.server.RaftServer$Division - n1@group-D7F925094F13: Successfully started.
[main] INFO org.apache.ratis.server.RaftServer - n1: start RPC server
[main] INFO org.apache.ratis.grpc.server.GrpcServicesImpl - n1: GrpcServicesImpl started, listening on 35699
[JvmPauseMonitor0] INFO org.apache.ratis.util.JvmPauseMonitor - JvmPauseMonitor-n1: Started
[main] INFO io.github.lamspace.openlatch.server.raft.RaftSubsystem - Raft subsystem started: self=n1, raftPort=35699, peers=[1@127.0.0.1:35699, 2@127.0.0.1:37717, 3@127.0.0.1:46107]
[main] INFO io.github.lamspace.openlatch.server.raft.ClusterRuntime - cluster runtime up: node=1, peers=[1@127.0.0.1:35699, 2@127.0.0.1:37717, 3@127.0.0.1:46107]
9月 06, 2026 9:39:08 上午 org.apache.ratis.thirdparty.io.grpc.netty.TcpMetrics loadEpollInfo
信息: Epoll available during static init of TcpMetrics:true
[main] INFO io.github.lamspace.openlatch.server.OpenLatchServer - OpenLatch server started: port=35211, protocolVersion=2, maxKeyLength=512, maxQueueDepthPerKey=4096, maxInflightPerConnection=1024, defaultLeaseMs=30000, clusterEnabled=true, clusterNodeId=1
[n1@group-D7F925094F13-FollowerState] INFO org.apache.ratis.server.impl.FollowerState - n1@group-D7F925094F13-FollowerState: change to CANDIDATE, lastRpcElapsedTime:659ms, electionTimeout:635ms
[n1@group-D7F925094F13-FollowerState] INFO org.apache.ratis.server.impl.RoleInfo - n1: shutdown n1@group-D7F925094F13-FollowerState
[n1@group-D7F925094F13-FollowerState] INFO org.apache.ratis.server.RaftServer$Division - n1@group-D7F925094F13: changes role from  FOLLOWER to CANDIDATE at term 1 for changeToCandidate
[n1@group-D7F925094F13-FollowerState] INFO org.apache.ratis.server.RaftServerConfigKeys - raft.server.leaderelection.pre-vote = true (default)
[n1@group-D7F925094F13-FollowerState] INFO org.apache.ratis.server.impl.RoleInfo - n1: start n1@group-D7F925094F13-LeaderElection1
[n1@group-D7F925094F13-LeaderElection1] INFO org.apache.ratis.server.impl.LeaderElection - n1@group-D7F925094F13-LeaderElection1 PRE_VOTE round 0: submit vote requests at term 1 for conf: {index: 0, cur=peers:[n1|127.0.0.1:35699, n2|127.0.0.1:37717, n3|127.0.0.1:46107]|listeners:[], old=null}
[n1@group-D7F925094F13-LeaderElection1] INFO org.apache.ratis.server.RaftServerConfigKeys - raft.server.rpc.first-election.timeout.min = 400ms (fallback to raft.server.rpc.timeout.min)
[n1@group-D7F925094F13-LeaderElection1] INFO org.apache.ratis.server.RaftServerConfigKeys - raft.server.rpc.first-election.timeout.max = 800ms (fallback to raft.server.rpc.timeout.max)
[n1@group-D7F925094F13-LeaderElection1-2] INFO org.apache.ratis.grpc.server.GrpcServerProtocolClient - Build channel for n3|127.0.0.1:46107
[n1@group-D7F925094F13-LeaderElection1-1] INFO org.apache.ratis.grpc.server.GrpcServerProtocolClient - Build channel for n2|127.0.0.1:37717
[n1@group-D7F925094F13-LeaderElection1] INFO org.apache.ratis.server.impl.LeaderElection - Replier log is empty: n1<-n3#2:OK-t1-last:<INITIAL_VALUE> 
[n1@group-D7F925094F13-LeaderElection1] INFO org.apache.ratis.server.impl.LeaderElection - rejectedPeers: [n2, n3], emptyCommit? false
[n1@group-D7F925094F13-LeaderElection1] INFO org.apache.ratis.server.impl.LeaderElection - n1@group-D7F925094F13-LeaderElection1: PRE_VOTE REJECTED received 2 response(s) and 0 exception(s):
[n1@group-D7F925094F13-LeaderElection1] INFO org.apache.ratis.server.impl.LeaderElection -   Response 0: n1<-n2#1:FAIL-t1-last:(t:1, i:20)
[n1@group-D7F925094F13-LeaderElection1] INFO org.apache.ratis.server.impl.LeaderElection -   Response 1: n1<-n3#2:OK-t1-last:<INITIAL_VALUE>
[n1@group-D7F925094F13-LeaderElection1] INFO org.apache.ratis.server.impl.LeaderElection - n1@group-D7F925094F13-LeaderElection1 PRE_VOTE round 0: result REJECTED
[grpc-default-executor-1] INFO org.apache.ratis.server.RaftServer$Division - n1@group-D7F925094F13: receive requestVote(PRE_VOTE, n3, group-D7F925094F13, 1, <PROTO_DEFAULT>)
[grpc-default-executor-1] INFO org.apache.ratis.server.impl.VoteContext - n1@group-D7F925094F13-CANDIDATE: reject PRE_VOTE from n3: our last entry (t:1, i:16) > candidate's last entry <PROTO_DEFAULT>
[grpc-default-executor-1] INFO org.apache.ratis.server.RaftServer$Division - n1@group-D7F925094F13 replies to PRE_VOTE vote request: n3<-n1#13:FAIL-t1-last:(t:1, i:16). Peer's state: n1@group-D7F925094F13:t1, leader=null, voted=n2, raftlog=Memoized:n1@group-D7F925094F13-SegmentedRaftLog:OPENED:c15:last(t:1, i:16), conf=conf: {index: 0, cur=peers:[n1|127.0.0.1:35699, n2|127.0.0.1:37717, n3|127.0.0.1:46107]|listeners:[], old=null}
[n1@group-D7F925094F13-LeaderElection1] INFO org.apache.ratis.server.RaftServer$Division - n1@group-D7F925094F13: changes role from CANDIDATE to FOLLOWER at term 1 for REJECTED
[n1@group-D7F925094F13-LeaderElection1] INFO org.apache.ratis.server.impl.RoleInfo - n1: shutdown n1@group-D7F925094F13-LeaderElection1
[n1@group-D7F925094F13-LeaderElection1] INFO org.apache.ratis.server.impl.RoleInfo - n1: start n1@group-D7F925094F13-FollowerState
[n1@group-D7F925094F13-LeaderElection1] INFO org.apache.ratis.server.RaftServer$Division - n1@group-D7F925094F13: set firstElectionSinceStartup to false for REJECTED
[n1@group-D7F925094F13-FollowerState] INFO org.apache.ratis.server.impl.FollowerState - n1@group-D7F925094F13-FollowerState: change to CANDIDATE, lastRpcElapsedTime:534ms, electionTimeout:522ms
[n1@group-D7F925094F13-FollowerState] INFO org.apache.ratis.server.impl.RoleInfo - n1: shutdown n1@group-D7F925094F13-FollowerState
[n1@group-D7F925094F13-FollowerState] INFO org.apache.ratis.server.RaftServer$Division - n1@group-D7F925094F13: changes role from  FOLLOWER to CANDIDATE at term 1 for changeToCandidate
[n1@group-D7F925094F13-FollowerState] INFO org.apache.ratis.server.impl.RoleInfo - n1: start n1@group-D7F925094F13-LeaderElection2
[n1@group-D7F925094F13-LeaderElection2] INFO org.apache.ratis.server.impl.LeaderElection - n1@group-D7F925094F13-LeaderElection2 PRE_VOTE round 0: submit vote requests at term 1 for conf: {index: 0, cur=peers:[n1|127.0.0.1:35699, n2|127.0.0.1:37717, n3|127.0.0.1:46107]|listeners:[], old=null}
[n1@group-D7F925094F13-LeaderElection2] INFO org.apache.ratis.server.impl.LeaderElection - n1@group-D7F925094F13-LeaderElection2 got exception when requesting votes: java.util.concurrent.ExecutionException: org.apache.ratis.thirdparty.io.grpc.StatusRuntimeException: UNAVAILABLE: io exception
[n1@group-D7F925094F13-LeaderElection2] INFO org.apache.ratis.server.impl.LeaderElection - n1@group-D7F925094F13-LeaderElection2: PRE_VOTE REJECTED received 1 response(s) and 1 exception(s):
[n1@group-D7F925094F13-LeaderElection2] INFO org.apache.ratis.server.impl.LeaderElection -   Response 0: n1<-n2#3:FAIL-t1-last:(t:1, i:20)
[n1@group-D7F925094F13-LeaderElection2] INFO org.apache.ratis.server.impl.LeaderElection -   Exception 1: java.util.concurrent.ExecutionException: org.apache.ratis.thirdparty.io.grpc.StatusRuntimeException: UNAVAILABLE: io exception
[n1@group-D7F925094F13-LeaderElection2] INFO org.apache.ratis.server.impl.LeaderElection - n1@group-D7F925094F13-LeaderElection2 PRE_VOTE round 0: result REJECTED
[n1@group-D7F925094F13-LeaderElection2] INFO org.apache.ratis.server.RaftServer$Division - n1@group-D7F925094F13: changes role from CANDIDATE to FOLLOWER at term 1 for REJECTED
[n1@group-D7F925094F13-LeaderElection2] INFO org.apache.ratis.server.impl.RoleInfo - n1: shutdown n1@group-D7F925094F13-LeaderElection2
[n1@group-D7F925094F13-LeaderElection2] INFO org.apache.ratis.server.impl.RoleInfo - n1: start n1@group-D7F925094F13-FollowerState
[grpc-default-executor-4] ERROR org.apache.ratis.client.impl.OrderedAsync -  client-B82A4DE85468: Failed* RaftClientRequest:client-B82A4DE85468->n1@group-D7F925094F13, cid=6, seq=2, RW, Message:0801100118e6a3faa287...(size=19) due to java.util.concurrent.CompletionException: org.apache.ratis.protocol.exceptions.NotLeaderException: Server n1@group-D7F925094F13 is not the leader caused by NotLeaderException
[grpc-default-executor-0] ERROR org.apache.ratis.client.impl.OrderedAsync -  client-B82A4DE85468: Failed* RaftClientRequest:client-B82A4DE85468->n3@group-D7F925094F13, cid=6, seq=2*, RW, Message:0801100118e6a3faa287...(size=19)
java.util.concurrent.CompletionException: java.io.IOException: org.apache.ratis.thirdparty.io.grpc.StatusRuntimeException: UNAVAILABLE: io exception
	at java.base/java.util.concurrent.CompletableFuture.wrapInCompletionException(CompletableFuture.java:323)
	at java.base/java.util.concurrent.CompletableFuture.encodeThrowable(CompletableFuture.java:376)
	at java.base/java.util.concurrent.CompletableFuture.completeThrowable(CompletableFuture.java:391)
	at java.base/java.util.concurrent.CompletableFuture$UniAccept.tryFire(CompletableFuture.java:729)
	at java.base/java.util.concurrent.CompletableFuture.postComplete(CompletableFuture.java:531)
	at java.base/java.util.concurrent.CompletableFuture.completeExceptionally(CompletableFuture.java:2221)
	at org.apache.ratis.grpc.client.GrpcClientProtocolClient$AsyncStreamObservers.completeReplyExceptionally(GrpcClientProtocolClient.java:409)
	at org.apache.ratis.grpc.client.GrpcClientProtocolClient$AsyncStreamObservers.access$000(GrpcClientProtocolClient.java:308)
	at org.apache.ratis.grpc.client.GrpcClientProtocolClient$AsyncStreamObservers$1.onError(GrpcClientProtocolClient.java:339)
	at org.apache.ratis.thirdparty.io.grpc.stub.ClientCalls$StreamObserverToCallListenerAdapter.onClose(ClientCalls.java:581)
	at org.apache.ratis.thirdparty.io.grpc.PartialForwardingClientCallListener.onClose(PartialForwardingClientCallListener.java:39)
	at org.apache.ratis.thirdparty.io.grpc.ForwardingClientCallListener.onClose(ForwardingClientCallListener.java:23)
	at org.apache.ratis.grpc.metrics.intercept.client.MetricClientCallListener.onClose(MetricClientCallListener.java:47)
	at org.apache.ratis.thirdparty.io.grpc.internal.ClientCallImpl.closeObserver(ClientCallImpl.java:566)
	at org.apache.ratis.thirdparty.io.grpc.internal.ClientCallImpl.access$100(ClientCallImpl.java:72)
	at org.apache.ratis.thirdparty.io.grpc.internal.ClientCallImpl$ClientStreamListenerImpl$1StreamClosed.runInternal(ClientCallImpl.java:734)
	at org.apache.ratis.thirdparty.io.grpc.internal.ClientCallImpl$ClientStreamListenerImpl$1StreamClosed.runInContext(ClientCallImpl.java:715)
	at org.apache.ratis.thirdparty.io.grpc.internal.ContextRunnable.run(ContextRunnable.java:37)
	at org.apache.ratis.thirdparty.io.grpc.internal.SerializingExecutor.run(SerializingExecutor.java:133)
	at java.base/java.util.concurrent.ThreadPoolExecutor.runWorker(ThreadPoolExecutor.java:1090)
	at java.base/java.util.concurrent.ThreadPoolExecutor$Worker.run(ThreadPoolExecutor.java:614)
	at java.base/java.lang.Thread.run(Thread.java:1474)
Caused by: java.io.IOException: org.apache.ratis.thirdparty.io.grpc.StatusRuntimeException: UNAVAILABLE: io exception
	at org.apache.ratis.grpc.GrpcUtil.unwrapException(GrpcUtil.java:117)
	at org.apache.ratis.grpc.GrpcUtil.unwrapIOException(GrpcUtil.java:179)
	at org.apache.ratis.grpc.client.GrpcClientProtocolClient$AsyncStreamObservers$1.onError(GrpcClientProtocolClient.java:338)
	... 13 more
Caused by: org.apache.ratis.thirdparty.io.grpc.StatusRuntimeException: UNAVAILABLE: io exception
	at org.apache.ratis.thirdparty.io.grpc.Status.asRuntimeException(Status.java:532)
	... 13 more
Caused by: org.apache.ratis.thirdparty.io.netty.channel.AbstractChannel$AnnotatedConnectException: finishConnect(..) failed with error(-111): 连接被拒绝: /127.0.0.1:46107
Caused by: java.net.ConnectException: finishConnect(..) failed with error(-111): 连接被拒绝
	at org.apache.ratis.thirdparty.io.netty.channel.unix.Errors.newConnectException0(Errors.java:166)
	at org.apache.ratis.thirdparty.io.netty.channel.unix.Errors.handleConnectErrno(Errors.java:131)
	at org.apache.ratis.thirdparty.io.netty.channel.unix.Socket.finishConnect(Socket.java:359)
	at org.apache.ratis.thirdparty.io.netty.channel.epoll.AbstractEpollChannel$AbstractEpollUnsafe.doFinishConnect(AbstractEpollChannel.java:715)
	at org.apache.ratis.thirdparty.io.netty.channel.epoll.AbstractEpollChannel$AbstractEpollUnsafe.finishConnect(AbstractEpollChannel.java:692)
	at org.apache.ratis.thirdparty.io.netty.channel.epoll.AbstractEpollChannel$AbstractEpollUnsafe.epollOutReady(AbstractEpollChannel.java:567)
	at org.apache.ratis.thirdparty.io.netty.channel.epoll.EpollEventLoop.processReady(EpollEventLoop.java:491)
	at org.apache.ratis.thirdparty.io.netty.channel.epoll.EpollEventLoop.run(EpollEventLoop.java:399)
	at org.apache.ratis.thirdparty.io.netty.util.concurrent.SingleThreadEventExecutor$4.run(SingleThreadEventExecutor.java:1007)
	at org.apache.ratis.thirdparty.io.netty.util.internal.ThreadExecutorMap$2.run(ThreadExecutorMap.java:74)
	at org.apache.ratis.thirdparty.io.netty.util.concurrent.FastThreadLocalRunnable.run(FastThreadLocalRunnable.java:30)
	at java.base/java.lang.Thread.run(Thread.java:1474)
[grpc-default-executor-0] ERROR org.apache.ratis.client.impl.OrderedAsync -  client-B82A4DE85468: Failed* RaftClientRequest:client-B82A4DE85468->n2@group-D7F925094F13, cid=6, seq=2*, RW, Message:0801100118e6a3faa287...(size=19) due to java.util.concurrent.CompletionException: org.apache.ratis.protocol.exceptions.NotLeaderException: Server n2@group-D7F925094F13 is not the leader caused by NotLeaderException
[timer1] ERROR org.apache.ratis.client.impl.OrderedAsync -  client-B82A4DE85468: Failed* RaftClientRequest:client-B82A4DE85468->n3@group-D7F925094F13, cid=6, seq=2*, RW, Message:0801100118e6a3faa287...(size=19) due to java.util.concurrent.CompletionException: org.apache.ratis.protocol.exceptions.AlreadyClosedException: client-B82A4DE85468->n3 is closed. caused by AlreadyClosedException
[n1@group-D7F925094F13-FollowerState] INFO org.apache.ratis.server.impl.FollowerState - n1@group-D7F925094F13-FollowerState: change to CANDIDATE, lastRpcElapsedTime:538ms, electionTimeout:538ms
[n1@group-D7F925094F13-FollowerState] INFO org.apache.ratis.server.impl.RoleInfo - n1: shutdown n1@group-D7F925094F13-FollowerState
[n1@group-D7F925094F13-FollowerState] INFO org.apache.ratis.server.RaftServer$Division - n1@group-D7F925094F13: changes role from  FOLLOWER to CANDIDATE at term 1 for changeToCandidate
[n1@group-D7F925094F13-FollowerState] INFO org.apache.ratis.server.impl.RoleInfo - n1: start n1@group-D7F925094F13-LeaderElection3
[n1@group-D7F925094F13-LeaderElection3] INFO org.apache.ratis.server.impl.LeaderElection - n1@group-D7F925094F13-LeaderElection3 PRE_VOTE round 0: submit vote requests at term 1 for conf: {index: 0, cur=peers:[n1|127.0.0.1:35699, n2|127.0.0.1:37717, n3|127.0.0.1:46107]|listeners:[], old=null}
[n1@group-D7F925094F13-LeaderElection3] INFO org.apache.ratis.server.impl.LeaderElection - n1@group-D7F925094F13-LeaderElection3 got exception when requesting votes: java.util.concurrent.ExecutionException: org.apache.ratis.thirdparty.io.grpc.StatusRuntimeException: UNAVAILABLE: io exception
[n1@group-D7F925094F13-LeaderElection3] INFO org.apache.ratis.server.impl.LeaderElection - n1@group-D7F925094F13-LeaderElection3: PRE_VOTE REJECTED received 1 response(s) and 1 exception(s):
[n1@group-D7F925094F13-LeaderElection3] INFO org.apache.ratis.server.impl.LeaderElection -   Response 0: n1<-n2#7:FAIL-t1-last:(t:1, i:20)
[n1@group-D7F925094F13-LeaderElection3] INFO org.apache.ratis.server.impl.LeaderElection -   Exception 1: java.util.concurrent.ExecutionException: org.apache.ratis.thirdparty.io.grpc.StatusRuntimeException: UNAVAILABLE: io exception
[n1@group-D7F925094F13-LeaderElection3] INFO org.apache.ratis.server.impl.LeaderElection - n1@group-D7F925094F13-LeaderElection3 PRE_VOTE round 0: result REJECTED
[n1@group-D7F925094F13-LeaderElection3] INFO org.apache.ratis.server.RaftServer$Division - n1@group-D7F925094F13: changes role from CANDIDATE to FOLLOWER at term 1 for REJECTED
[n1@group-D7F925094F13-LeaderElection3] INFO org.apache.ratis.server.impl.RoleInfo - n1: shutdown n1@group-D7F925094F13-LeaderElection3
[n1@group-D7F925094F13-LeaderElection3] INFO org.apache.ratis.server.impl.RoleInfo - n1: start n1@group-D7F925094F13-FollowerState
[n1@group-D7F925094F13-FollowerState] INFO org.apache.ratis.server.impl.FollowerState - n1@group-D7F925094F13-FollowerState: change to CANDIDATE, lastRpcElapsedTime:734ms, electionTimeout:732ms
[n1@group-D7F925094F13-FollowerState] INFO org.apache.ratis.server.impl.RoleInfo - n1: shutdown n1@group-D7F925094F13-FollowerState
[n1@group-D7F925094F13-FollowerState] INFO org.apache.ratis.server.RaftServer$Division - n1@group-D7F925094F13: changes role from  FOLLOWER to CANDIDATE at term 1 for changeToCandidate
[n1@group-D7F925094F13-FollowerState] INFO org.apache.ratis.server.impl.RoleInfo - n1: start n1@group-D7F925094F13-LeaderElection4
[n1@group-D7F925094F13-LeaderElection4] INFO org.apache.ratis.server.impl.LeaderElection - n1@group-D7F925094F13-LeaderElection4 PRE_VOTE round 0: submit vote requests at term 1 for conf: {index: 0, cur=peers:[n1|127.0.0.1:35699, n2|127.0.0.1:37717, n3|127.0.0.1:46107]|listeners:[], old=null}
[n1@group-D7F925094F13-LeaderElection4] INFO org.apache.ratis.server.impl.LeaderElection - n1@group-D7F925094F13-LeaderElection4 got exception when requesting votes: java.util.concurrent.ExecutionException: org.apache.ratis.thirdparty.io.grpc.StatusRuntimeException: UNAVAILABLE: io exception
[n1@group-D7F925094F13-LeaderElection4] INFO org.apache.ratis.server.impl.LeaderElection - n1@group-D7F925094F13-LeaderElection4: PRE_VOTE REJECTED received 1 response(s) and 1 exception(s):
[n1@group-D7F925094F13-LeaderElection4] INFO org.apache.ratis.server.impl.LeaderElection -   Response 0: n1<-n2#9:FAIL-t1-last:(t:1, i:20)
[n1@group-D7F925094F13-LeaderElection4] INFO org.apache.ratis.server.impl.LeaderElection -   Exception 1: java.util.concurrent.ExecutionException: org.apache.ratis.thirdparty.io.grpc.StatusRuntimeException: UNAVAILABLE: io exception
[n1@group-D7F925094F13-LeaderElection4] INFO org.apache.ratis.server.impl.LeaderElection - n1@group-D7F925094F13-LeaderElection4 PRE_VOTE round 0: result REJECTED
[n1@group-D7F925094F13-LeaderElection4] INFO org.apache.ratis.server.RaftServer$Division - n1@group-D7F925094F13: changes role from CANDIDATE to FOLLOWER at term 1 for REJECTED
[n1@group-D7F925094F13-LeaderElection4] INFO org.apache.ratis.server.impl.RoleInfo - n1: shutdown n1@group-D7F925094F13-LeaderElection4
[n1@group-D7F925094F13-LeaderElection4] INFO org.apache.ratis.server.impl.RoleInfo - n1: start n1@group-D7F925094F13-FollowerState
[n1@group-D7F925094F13-FollowerState] INFO org.apache.ratis.server.impl.FollowerState - n1@group-D7F925094F13-FollowerState: change to CANDIDATE, lastRpcElapsedTime:505ms, electionTimeout:501ms
[n1@group-D7F925094F13-FollowerState] INFO org.apache.ratis.server.impl.RoleInfo - n1: shutdown n1@group-D7F925094F13-FollowerState
[n1@group-D7F925094F13-FollowerState] INFO org.apache.ratis.server.RaftServer$Division - n1@group-D7F925094F13: changes role from  FOLLOWER to CANDIDATE at term 1 for changeToCandidate
[n1@group-D7F925094F13-FollowerState] INFO org.apache.ratis.server.impl.RoleInfo - n1: start n1@group-D7F925094F13-LeaderElection5
[n1@group-D7F925094F13-LeaderElection5] INFO org.apache.ratis.server.impl.LeaderElection - n1@group-D7F925094F13-LeaderElection5 PRE_VOTE round 0: submit vote requests at term 1 for conf: {index: 0, cur=peers:[n1|127.0.0.1:35699, n2|127.0.0.1:37717, n3|127.0.0.1:46107]|listeners:[], old=null}
[n1@group-D7F925094F13-LeaderElection5] INFO org.apache.ratis.server.impl.LeaderElection - n1@group-D7F925094F13-LeaderElection5 got exception when requesting votes: java.util.concurrent.ExecutionException: org.apache.ratis.thirdparty.io.grpc.StatusRuntimeException: UNAVAILABLE: io exception
[n1@group-D7F925094F13-LeaderElection5] INFO org.apache.ratis.server.impl.LeaderElection - n1@group-D7F925094F13-LeaderElection5: PRE_VOTE REJECTED received 1 response(s) and 1 exception(s):
[n1@group-D7F925094F13-LeaderElection5] INFO org.apache.ratis.server.impl.LeaderElection -   Response 0: n1<-n2#11:FAIL-t1-last:(t:1, i:20)
[n1@group-D7F925094F13-LeaderElection5] INFO org.apache.ratis.server.impl.LeaderElection -   Exception 1: java.util.concurrent.ExecutionException: org.apache.ratis.thirdparty.io.grpc.StatusRuntimeException: UNAVAILABLE: io exception
[n1@group-D7F925094F13-LeaderElection5] INFO org.apache.ratis.server.impl.LeaderElection - n1@group-D7F925094F13-LeaderElection5 PRE_VOTE round 0: result REJECTED
[n1@group-D7F925094F13-LeaderElection5] INFO org.apache.ratis.server.RaftServer$Division - n1@group-D7F925094F13: changes role from CANDIDATE to FOLLOWER at term 1 for REJECTED
[n1@group-D7F925094F13-LeaderElection5] INFO org.apache.ratis.server.impl.RoleInfo - n1: shutdown n1@group-D7F925094F13-LeaderElection5
[n1@group-D7F925094F13-LeaderElection5] INFO org.apache.ratis.server.impl.RoleInfo - n1: start n1@group-D7F925094F13-FollowerState
[n1@group-D7F925094F13-FollowerState] INFO org.apache.ratis.server.impl.FollowerState - n1@group-D7F925094F13-FollowerState: change to CANDIDATE, lastRpcElapsedTime:502ms, electionTimeout:498ms
[n1@group-D7F925094F13-FollowerState] INFO org.apache.ratis.server.impl.RoleInfo - n1: shutdown n1@group-D7F925094F13-FollowerState
[n1@group-D7F925094F13-FollowerState] INFO org.apache.ratis.server.RaftServer$Division - n1@group-D7F925094F13: changes role from  FOLLOWER to CANDIDATE at term 1 for changeToCandidate
[n1@group-D7F925094F13-FollowerState] INFO org.apache.ratis.server.impl.RoleInfo - n1: start n1@group-D7F925094F13-LeaderElection6
[n1@group-D7F925094F13-LeaderElection6] INFO org.apache.ratis.server.impl.LeaderElection - n1@group-D7F925094F13-LeaderElection6 PRE_VOTE round 0: submit vote requests at term 1 for conf: {index: 0, cur=peers:[n1|127.0.0.1:35699, n2|127.0.0.1:37717, n3|127.0.0.1:46107]|listeners:[], old=null}
[n1@group-D7F925094F13-LeaderElection6] INFO org.apache.ratis.server.impl.LeaderElection - n1@group-D7F925094F13-LeaderElection6 got exception when requesting votes: java.util.concurrent.ExecutionException: org.apache.ratis.thirdparty.io.grpc.StatusRuntimeException: UNAVAILABLE: io exception
[n1@group-D7F925094F13-LeaderElection6] INFO org.apache.ratis.server.impl.LeaderElection - n1@group-D7F925094F13-LeaderElection6: PRE_VOTE REJECTED received 1 response(s) and 1 exception(s):
[n1@group-D7F925094F13-LeaderElection6] INFO org.apache.ratis.server.impl.LeaderElection -   Response 0: n1<-n2#13:FAIL-t1-last:(t:1, i:20)
[n1@group-D7F925094F13-LeaderElection6] INFO org.apache.ratis.server.impl.LeaderElection -   Exception 1: java.util.concurrent.ExecutionException: org.apache.ratis.thirdparty.io.grpc.StatusRuntimeException: UNAVAILABLE: io exception
[n1@group-D7F925094F13-LeaderElection6] INFO org.apache.ratis.server.impl.LeaderElection - n1@group-D7F925094F13-LeaderElection6 PRE_VOTE round 0: result REJECTED
[n1@group-D7F925094F13-LeaderElection6] INFO org.apache.ratis.server.RaftServer$Division - n1@group-D7F925094F13: changes role from CANDIDATE to FOLLOWER at term 1 for REJECTED
[n1@group-D7F925094F13-LeaderElection6] INFO org.apache.ratis.server.impl.RoleInfo - n1: shutdown n1@group-D7F925094F13-LeaderElection6
[n1@group-D7F925094F13-LeaderElection6] INFO org.apache.ratis.server.impl.RoleInfo - n1: start n1@group-D7F925094F13-FollowerState
[grpc-default-executor-2] ERROR org.apache.ratis.client.impl.OrderedAsync -  client-B82A4DE85468: Failed* RaftClientRequest:client-B82A4DE85468->n3@group-D7F925094F13, cid=6, seq=2*, RW, Message:0801100118e6a3faa287...(size=19) due to java.util.concurrent.CompletionException: org.apache.ratis.protocol.exceptions.NotLeaderException: Server n3@group-D7F925094F13 is not the leader caused by NotLeaderException
[n1@group-D7F925094F13-FollowerState] INFO org.apache.ratis.server.impl.FollowerState - n1@group-D7F925094F13-FollowerState: change to CANDIDATE, lastRpcElapsedTime:608ms, electionTimeout:603ms
[n1@group-D7F925094F13-FollowerState] INFO org.apache.ratis.server.impl.RoleInfo - n1: shutdown n1@group-D7F925094F13-FollowerState
[n1@group-D7F925094F13-FollowerState] INFO org.apache.ratis.server.RaftServer$Division - n1@group-D7F925094F13: changes role from  FOLLOWER to CANDIDATE at term 1 for changeToCandidate
[n1@group-D7F925094F13-FollowerState] INFO org.apache.ratis.server.impl.RoleInfo - n1: start n1@group-D7F925094F13-LeaderElection7
[n1@group-D7F925094F13-LeaderElection7] INFO org.apache.ratis.server.impl.LeaderElection - n1@group-D7F925094F13-LeaderElection7 PRE_VOTE round 0: submit vote requests at term 1 for conf: {index: 0, cur=peers:[n1|127.0.0.1:35699, n2|127.0.0.1:37717, n3|127.0.0.1:46107]|listeners:[], old=null}
[n1@group-D7F925094F13-LeaderElection7] INFO org.apache.ratis.server.impl.LeaderElection - n1@group-D7F925094F13-LeaderElection7 got exception when requesting votes: java.util.concurrent.ExecutionException: org.apache.ratis.thirdparty.io.grpc.StatusRuntimeException: UNAVAILABLE: io exception
[n1@group-D7F925094F13-LeaderElection7] INFO org.apache.ratis.server.impl.LeaderElection - n1@group-D7F925094F13-LeaderElection7: PRE_VOTE REJECTED received 1 response(s) and 1 exception(s):
[n1@group-D7F925094F13-LeaderElection7] INFO org.apache.ratis.server.impl.LeaderElection -   Response 0: n1<-n2#15:FAIL-t1-last:(t:1, i:20)
[n1@group-D7F925094F13-LeaderElection7] INFO org.apache.ratis.server.impl.LeaderElection -   Exception 1: java.util.concurrent.ExecutionException: org.apache.ratis.thirdparty.io.grpc.StatusRuntimeException: UNAVAILABLE: io exception
[n1@group-D7F925094F13-LeaderElection7] INFO org.apache.ratis.server.impl.LeaderElection - n1@group-D7F925094F13-LeaderElection7 PRE_VOTE round 0: result REJECTED
[n1@group-D7F925094F13-LeaderElection7] INFO org.apache.ratis.server.RaftServer$Division - n1@group-D7F925094F13: changes role from CANDIDATE to FOLLOWER at term 1 for REJECTED
[n1@group-D7F925094F13-LeaderElection7] INFO org.apache.ratis.server.impl.RoleInfo - n1: shutdown n1@group-D7F925094F13-LeaderElection7
[n1@group-D7F925094F13-LeaderElection7] INFO org.apache.ratis.server.impl.RoleInfo - n1: start n1@group-D7F925094F13-FollowerState
[grpc-default-executor-2] INFO org.apache.ratis.server.RaftServer$Division - n1@group-D7F925094F13: receive requestVote(PRE_VOTE, n3, group-D7F925094F13, 1, <PROTO_DEFAULT>)
[grpc-default-executor-2] INFO org.apache.ratis.server.impl.VoteContext - n1@group-D7F925094F13-FOLLOWER: reject PRE_VOTE from n3: our last entry (t:1, i:16) > candidate's last entry <PROTO_DEFAULT>
[grpc-default-executor-2] INFO org.apache.ratis.server.RaftServer$Division - n1@group-D7F925094F13 replies to PRE_VOTE vote request: n3<-n1#1:FAIL-t1-last:(t:1, i:16). Peer's state: n1@group-D7F925094F13:t1, leader=null, voted=n2, raftlog=Memoized:n1@group-D7F925094F13-SegmentedRaftLog:OPENED:c15:last(t:1, i:16), conf=conf: {index: 0, cur=peers:[n1|127.0.0.1:35699, n2|127.0.0.1:37717, n3|127.0.0.1:46107]|listeners:[], old=null}
[n1@group-D7F925094F13-FollowerState] INFO org.apache.ratis.server.impl.FollowerState - n1@group-D7F925094F13-FollowerState: change to CANDIDATE, lastRpcElapsedTime:420ms, electionTimeout:419ms
[n1@group-D7F925094F13-FollowerState] INFO org.apache.ratis.server.impl.RoleInfo - n1: shutdown n1@group-D7F925094F13-FollowerState
[n1@group-D7F925094F13-FollowerState] INFO org.apache.ratis.server.RaftServer$Division - n1@group-D7F925094F13: changes role from  FOLLOWER to CANDIDATE at term 1 for changeToCandidate
[n1@group-D7F925094F13-FollowerState] INFO org.apache.ratis.server.impl.RoleInfo - n1: start n1@group-D7F925094F13-LeaderElection8
[n1@group-D7F925094F13-LeaderElection8] INFO org.apache.ratis.server.impl.LeaderElection - n1@group-D7F925094F13-LeaderElection8 PRE_VOTE round 0: submit vote requests at term 1 for conf: {index: 0, cur=peers:[n1|127.0.0.1:35699, n2|127.0.0.1:37717, n3|127.0.0.1:46107]|listeners:[], old=null}
[n1@group-D7F925094F13-LeaderElection8] INFO org.apache.ratis.server.impl.LeaderElection - n1@group-D7F925094F13-LeaderElection8 got exception when requesting votes: java.util.concurrent.ExecutionException: org.apache.ratis.thirdparty.io.grpc.StatusRuntimeException: UNAVAILABLE: io exception
[n1@group-D7F925094F13-LeaderElection8] INFO org.apache.ratis.server.impl.LeaderElection - n1@group-D7F925094F13-LeaderElection8: PRE_VOTE REJECTED received 1 response(s) and 1 exception(s):
[n1@group-D7F925094F13-LeaderElection8] INFO org.apache.ratis.server.impl.LeaderElection -   Response 0: n1<-n2#17:FAIL-t1-last:(t:1, i:20)
[n1@group-D7F925094F13-LeaderElection8] INFO org.apache.ratis.server.impl.LeaderElection -   Exception 1: java.util.concurrent.ExecutionException: org.apache.ratis.thirdparty.io.grpc.StatusRuntimeException: UNAVAILABLE: io exception
[n1@group-D7F925094F13-LeaderElection8] INFO org.apache.ratis.server.impl.LeaderElection - n1@group-D7F925094F13-LeaderElection8 PRE_VOTE round 0: result REJECTED
[n1@group-D7F925094F13-LeaderElection8] INFO org.apache.ratis.server.RaftServer$Division - n1@group-D7F925094F13: changes role from CANDIDATE to FOLLOWER at term 1 for REJECTED
[n1@group-D7F925094F13-LeaderElection8] INFO org.apache.ratis.server.impl.RoleInfo - n1: shutdown n1@group-D7F925094F13-LeaderElection8
[n1@group-D7F925094F13-LeaderElection8] INFO org.apache.ratis.server.impl.RoleInfo - n1: start n1@group-D7F925094F13-FollowerState
[grpc-default-executor-0] INFO org.apache.ratis.server.RaftServer$Division - n1@group-D7F925094F13: receive requestVote(PRE_VOTE, n3, group-D7F925094F13, 1, <PROTO_DEFAULT>)
[grpc-default-executor-0] INFO org.apache.ratis.server.impl.VoteContext - n1@group-D7F925094F13-FOLLOWER: reject PRE_VOTE from n3: our last entry (t:1, i:16) > candidate's last entry <PROTO_DEFAULT>
[grpc-default-executor-0] INFO org.apache.ratis.server.RaftServer$Division - n1@group-D7F925094F13 replies to PRE_VOTE vote request: n3<-n1#3:FAIL-t1-last:(t:1, i:16). Peer's state: n1@group-D7F925094F13:t1, leader=null, voted=n2, raftlog=Memoized:n1@group-D7F925094F13-SegmentedRaftLog:OPENED:c15:last(t:1, i:16), conf=conf: {index: 0, cur=peers:[n1|127.0.0.1:35699, n2|127.0.0.1:37717, n3|127.0.0.1:46107]|listeners:[], old=null}
[n1@group-D7F925094F13-FollowerState] INFO org.apache.ratis.server.impl.FollowerState - n1@group-D7F925094F13-FollowerState: change to CANDIDATE, lastRpcElapsedTime:696ms, electionTimeout:694ms
[n1@group-D7F925094F13-FollowerState] INFO org.apache.ratis.server.impl.RoleInfo - n1: shutdown n1@group-D7F925094F13-FollowerState
[n1@group-D7F925094F13-FollowerState] INFO org.apache.ratis.server.RaftServer$Division - n1@group-D7F925094F13: changes role from  FOLLOWER to CANDIDATE at term 1 for changeToCandidate
[n1@group-D7F925094F13-FollowerState] INFO org.apache.ratis.server.impl.RoleInfo - n1: start n1@group-D7F925094F13-LeaderElection9
[n1@group-D7F925094F13-LeaderElection9] INFO org.apache.ratis.server.impl.LeaderElection - n1@group-D7F925094F13-LeaderElection9 PRE_VOTE round 0: submit vote requests at term 1 for conf: {index: 0, cur=peers:[n1|127.0.0.1:35699, n2|127.0.0.1:37717, n3|127.0.0.1:46107]|listeners:[], old=null}
[n1@group-D7F925094F13-LeaderElection9] INFO org.apache.ratis.server.impl.LeaderElection - n1@group-D7F925094F13-LeaderElection9 got exception when requesting votes: java.util.concurrent.ExecutionException: org.apache.ratis.thirdparty.io.grpc.StatusRuntimeException: UNAVAILABLE: io exception
[n1@group-D7F925094F13-LeaderElection9] INFO org.apache.ratis.server.impl.LeaderElection - n1@group-D7F925094F13-LeaderElection9: PRE_VOTE REJECTED received 1 response(s) and 1 exception(s):
[n1@group-D7F925094F13-LeaderElection9] INFO org.apache.ratis.server.impl.LeaderElection -   Response 0: n1<-n2#19:FAIL-t1-last:(t:1, i:20)
[n1@group-D7F925094F13-LeaderElection9] INFO org.apache.ratis.server.impl.LeaderElection -   Exception 1: java.util.concurrent.ExecutionException: org.apache.ratis.thirdparty.io.grpc.StatusRuntimeException: UNAVAILABLE: io exception
[n1@group-D7F925094F13-LeaderElection9] INFO org.apache.ratis.server.impl.LeaderElection - n1@group-D7F925094F13-LeaderElection9 PRE_VOTE round 0: result REJECTED
[n1@group-D7F925094F13-LeaderElection9] INFO org.apache.ratis.server.RaftServer$Division - n1@group-D7F925094F13: changes role from CANDIDATE to FOLLOWER at term 1 for REJECTED
[n1@group-D7F925094F13-LeaderElection9] INFO org.apache.ratis.server.impl.RoleInfo - n1: shutdown n1@group-D7F925094F13-LeaderElection9
[n1@group-D7F925094F13-LeaderElection9] INFO org.apache.ratis.server.impl.RoleInfo - n1: start n1@group-D7F925094F13-FollowerState
[grpc-default-executor-1] INFO org.apache.ratis.server.RaftServer$Division - n1@group-D7F925094F13: receive requestVote(PRE_VOTE, n3, group-D7F925094F13, 1, <PROTO_DEFAULT>)
[grpc-default-executor-1] INFO org.apache.ratis.server.impl.VoteContext - n1@group-D7F925094F13-FOLLOWER: reject PRE_VOTE from n3: our last entry (t:1, i:16) > candidate's last entry <PROTO_DEFAULT>
[grpc-default-executor-1] INFO org.apache.ratis.server.RaftServer$Division - n1@group-D7F925094F13 replies to PRE_VOTE vote request: n3<-n1#5:FAIL-t1-last:(t:1, i:16). Peer's state: n1@group-D7F925094F13:t1, leader=null, voted=n2, raftlog=Memoized:n1@group-D7F925094F13-SegmentedRaftLog:OPENED:c15:last(t:1, i:16), conf=conf: {index: 0, cur=peers:[n1|127.0.0.1:35699, n2|127.0.0.1:37717, n3|127.0.0.1:46107]|listeners:[], old=null}
[grpc-default-executor-5] INFO org.apache.ratis.server.RaftServer$Division - n1@group-D7F925094F13: receive requestVote(PRE_VOTE, n3, group-D7F925094F13, 1, <PROTO_DEFAULT>)
[grpc-default-executor-5] INFO org.apache.ratis.server.impl.VoteContext - n1@group-D7F925094F13-FOLLOWER: reject PRE_VOTE from n3: our last entry (t:1, i:16) > candidate's last entry <PROTO_DEFAULT>
[grpc-default-executor-5] INFO org.apache.ratis.server.RaftServer$Division - n1@group-D7F925094F13 replies to PRE_VOTE vote request: n3<-n1#9:FAIL-t1-last:(t:1, i:16). Peer's state: n1@group-D7F925094F13:t1, leader=null, voted=n2, raftlog=Memoized:n1@group-D7F925094F13-SegmentedRaftLog:OPENED:c15:last(t:1, i:16), conf=conf: {index: 0, cur=peers:[n1|127.0.0.1:35699, n2|127.0.0.1:37717, n3|127.0.0.1:46107]|listeners:[], old=null}
[n1@group-D7F925094F13-FollowerState] INFO org.apache.ratis.server.impl.FollowerState - n1@group-D7F925094F13-FollowerState: change to CANDIDATE, lastRpcElapsedTime:732ms, electionTimeout:732ms
[n1@group-D7F925094F13-FollowerState] INFO org.apache.ratis.server.impl.RoleInfo - n1: shutdown n1@group-D7F925094F13-FollowerState
[n1@group-D7F925094F13-FollowerState] INFO org.apache.ratis.server.RaftServer$Division - n1@group-D7F925094F13: changes role from  FOLLOWER to CANDIDATE at term 1 for changeToCandidate
[n1@group-D7F925094F13-FollowerState] INFO org.apache.ratis.server.impl.RoleInfo - n1: start n1@group-D7F925094F13-LeaderElection10
[n1@group-D7F925094F13-LeaderElection10] INFO org.apache.ratis.server.impl.LeaderElection - n1@group-D7F925094F13-LeaderElection10 PRE_VOTE round 0: submit vote requests at term 1 for conf: {index: 0, cur=peers:[n1|127.0.0.1:35699, n2|127.0.0.1:37717, n3|127.0.0.1:46107]|listeners:[], old=null}
[n1@group-D7F925094F13-LeaderElection10] INFO org.apache.ratis.server.impl.LeaderElection - n1@group-D7F925094F13-LeaderElection10 got exception when requesting votes: java.util.concurrent.ExecutionException: org.apache.ratis.thirdparty.io.grpc.StatusRuntimeException: UNAVAILABLE: io exception
[n1@group-D7F925094F13-LeaderElection10] INFO org.apache.ratis.server.impl.LeaderElection - n1@group-D7F925094F13-LeaderElection10: PRE_VOTE REJECTED received 1 response(s) and 1 exception(s):
[n1@group-D7F925094F13-LeaderElection10] INFO org.apache.ratis.server.impl.LeaderElection -   Response 0: n1<-n2#21:FAIL-t1-last:(t:1, i:20)
[n1@group-D7F925094F13-LeaderElection10] INFO org.apache.ratis.server.impl.LeaderElection -   Exception 1: java.util.concurrent.ExecutionException: org.apache.ratis.thirdparty.io.grpc.StatusRuntimeException: UNAVAILABLE: io exception
[n1@group-D7F925094F13-LeaderElection10] INFO org.apache.ratis.server.impl.LeaderElection - n1@group-D7F925094F13-LeaderElection10 PRE_VOTE round 0: result REJECTED
[n1@group-D7F925094F13-LeaderElection10] INFO org.apache.ratis.server.RaftServer$Division - n1@group-D7F925094F13: changes role from CANDIDATE to FOLLOWER at term 1 for REJECTED
[n1@group-D7F925094F13-LeaderElection10] INFO org.apache.ratis.server.impl.RoleInfo - n1: shutdown n1@group-D7F925094F13-LeaderElection10
[n1@group-D7F925094F13-LeaderElection10] INFO org.apache.ratis.server.impl.RoleInfo - n1: start n1@group-D7F925094F13-FollowerState
[grpc-default-executor-2] INFO org.apache.ratis.server.RaftServer$Division - n1@group-D7F925094F13: receive requestVote(PRE_VOTE, n3, group-D7F925094F13, 1, <PROTO_DEFAULT>)
[grpc-default-executor-2] INFO org.apache.ratis.server.impl.VoteContext - n1@group-D7F925094F13-FOLLOWER: reject PRE_VOTE from n3: our last entry (t:1, i:16) > candidate's last entry <PROTO_DEFAULT>
[grpc-default-executor-2] INFO org.apache.ratis.server.RaftServer$Division - n1@group-D7F925094F13 replies to PRE_VOTE vote request: n3<-n1#11:FAIL-t1-last:(t:1, i:16). Peer's state: n1@group-D7F925094F13:t1, leader=null, voted=n2, raftlog=Memoized:n1@group-D7F925094F13-SegmentedRaftLog:OPENED:c15:last(t:1, i:16), conf=conf: {index: 0, cur=peers:[n1|127.0.0.1:35699, n2|127.0.0.1:37717, n3|127.0.0.1:46107]|listeners:[], old=null}
[timer3] ERROR org.apache.ratis.client.impl.OrderedAsync -  (Repeated 190 times in the last 5.007s) client-B82A4DE85468: Failed* RaftClientRequest:client-B82A4DE85468->n1@group-D7F925094F13, cid=6, seq=2*, RW, Message:0801100118e6a3faa287...(size=19) due to java.util.concurrent.CompletionException: org.apache.ratis.protocol.exceptions.NotLeaderException: Server n1@group-D7F925094F13 is not the leader caused by NotLeaderException
[grpc-default-executor-5] ERROR org.apache.ratis.client.impl.OrderedAsync -  client-B82A4DE85468: Failed* RaftClientRequest:client-B82A4DE85468->n1@group-D7F925094F13, cid=6, seq=2*, RW, Message:0801100118e6a3faa287...(size=19) due to java.util.concurrent.CompletionException: org.apache.ratis.protocol.exceptions.NotLeaderException: Server n1@group-D7F925094F13 is not the leader caused by NotLeaderException
[timer5] ERROR org.apache.ratis.client.impl.OrderedAsync -  (Repeated 35 times in the last 5.004s) client-B82A4DE85468: Failed* RaftClientRequest:client-B82A4DE85468->n3@group-D7F925094F13, cid=6, seq=2*, RW, Message:0801100118e6a3faa287...(size=19)
java.util.concurrent.CompletionException: java.io.IOException: org.apache.ratis.thirdparty.io.grpc.StatusRuntimeException: UNAVAILABLE: io exception
	at java.base/java.util.concurrent.CompletableFuture.wrapInCompletionException(CompletableFuture.java:323)
	at java.base/java.util.concurrent.CompletableFuture.encodeThrowable(CompletableFuture.java:376)
	at java.base/java.util.concurrent.CompletableFuture.completeThrowable(CompletableFuture.java:391)
	at java.base/java.util.concurrent.CompletableFuture$UniAccept.tryFire(CompletableFuture.java:729)
	at java.base/java.util.concurrent.CompletableFuture.postComplete(CompletableFuture.java:531)
	at java.base/java.util.concurrent.CompletableFuture.completeExceptionally(CompletableFuture.java:2221)
	at org.apache.ratis.grpc.client.GrpcClientProtocolClient$AsyncStreamObservers.completeReplyExceptionally(GrpcClientProtocolClient.java:409)
	at org.apache.ratis.grpc.client.GrpcClientProtocolClient$AsyncStreamObservers.access$000(GrpcClientProtocolClient.java:308)
	at org.apache.ratis.grpc.client.GrpcClientProtocolClient$AsyncStreamObservers$1.onError(GrpcClientProtocolClient.java:339)
	at org.apache.ratis.thirdparty.io.grpc.stub.ClientCalls$StreamObserverToCallListenerAdapter.onClose(ClientCalls.java:581)
	at org.apache.ratis.thirdparty.io.grpc.PartialForwardingClientCallListener.onClose(PartialForwardingClientCallListener.java:39)
	at org.apache.ratis.thirdparty.io.grpc.ForwardingClientCallListener.onClose(ForwardingClientCallListener.java:23)
	at org.apache.ratis.grpc.metrics.intercept.client.MetricClientCallListener.onClose(MetricClientCallListener.java:47)
	at org.apache.ratis.thirdparty.io.grpc.internal.DelayedClientCall$DelayedListener$3.run(DelayedClientCall.java:553)
	at org.apache.ratis.thirdparty.io.grpc.internal.DelayedClientCall$DelayedListener.delayOrExecute(DelayedClientCall.java:482)
	at org.apache.ratis.thirdparty.io.grpc.internal.DelayedClientCall$DelayedListener.onClose(DelayedClientCall.java:537)
	at org.apache.ratis.thirdparty.io.grpc.internal.ClientCallImpl.closeObserver(ClientCallImpl.java:566)
	at org.apache.ratis.thirdparty.io.grpc.internal.ClientCallImpl.access$100(ClientCallImpl.java:72)
	at org.apache.ratis.thirdparty.io.grpc.internal.ClientCallImpl$ClientStreamListenerImpl$1StreamClosed.runInternal(ClientCallImpl.java:734)
	at org.apache.ratis.thirdparty.io.grpc.internal.ClientCallImpl$ClientStreamListenerImpl$1StreamClosed.runInContext(ClientCallImpl.java:715)
	at org.apache.ratis.thirdparty.io.grpc.internal.ContextRunnable.run(ContextRunnable.java:37)
	at org.apache.ratis.thirdparty.io.grpc.internal.SerializingExecutor.run(SerializingExecutor.java:133)
	at java.base/java.util.concurrent.ThreadPoolExecutor.runWorker(ThreadPoolExecutor.java:1090)
	at java.base/java.util.concurrent.ThreadPoolExecutor$Worker.run(ThreadPoolExecutor.java:614)
	at java.base/java.lang.Thread.run(Thread.java:1474)
Caused by: java.io.IOException: org.apache.ratis.thirdparty.io.grpc.StatusRuntimeException: UNAVAILABLE: io exception
	at org.apache.ratis.grpc.GrpcUtil.unwrapException(GrpcUtil.java:117)
	at org.apache.ratis.grpc.GrpcUtil.unwrapIOException(GrpcUtil.java:179)
	at org.apache.ratis.grpc.client.GrpcClientProtocolClient$AsyncStreamObservers$1.onError(GrpcClientProtocolClient.java:338)
	... 16 more
Caused by: org.apache.ratis.thirdparty.io.grpc.StatusRuntimeException: UNAVAILABLE: io exception
	at org.apache.ratis.thirdparty.io.grpc.Status.asRuntimeException(Status.java:532)
	... 16 more
Caused by: org.apache.ratis.thirdparty.io.netty.channel.AbstractChannel$AnnotatedConnectException: finishConnect(..) failed with error(-111): 连接被拒绝: /127.0.0.1:46107
Caused by: java.net.ConnectException: finishConnect(..) failed with error(-111): 连接被拒绝
	at org.apache.ratis.thirdparty.io.netty.channel.unix.Errors.newConnectException0(Errors.java:166)
	at org.apache.ratis.thirdparty.io.netty.channel.unix.Errors.handleConnectErrno(Errors.java:131)
	at org.apache.ratis.thirdparty.io.netty.channel.unix.Socket.finishConnect(Socket.java:359)
	at org.apache.ratis.thirdparty.io.netty.channel.epoll.AbstractEpollChannel$AbstractEpollUnsafe.doFinishConnect(AbstractEpollChannel.java:715)
	at org.apache.ratis.thirdparty.io.netty.channel.epoll.AbstractEpollChannel$AbstractEpollUnsafe.finishConnect(AbstractEpollChannel.java:692)
	at org.apache.ratis.thirdparty.io.netty.channel.epoll.AbstractEpollChannel$AbstractEpollUnsafe.epollOutReady(AbstractEpollChannel.java:567)
	at org.apache.ratis.thirdparty.io.netty.channel.epoll.EpollEventLoop.processReady(EpollEventLoop.java:491)
	at org.apache.ratis.thirdparty.io.netty.channel.epoll.EpollEventLoop.run(EpollEventLoop.java:399)
	at org.apache.ratis.thirdparty.io.netty.util.concurrent.SingleThreadEventExecutor$4.run(SingleThreadEventExecutor.java:1007)
	at org.apache.ratis.thirdparty.io.netty.util.internal.ThreadExecutorMap$2.run(ThreadExecutorMap.java:74)
	at org.apache.ratis.thirdparty.io.netty.util.concurrent.FastThreadLocalRunnable.run(FastThreadLocalRunnable.java:30)
	at java.base/java.lang.Thread.run(Thread.java:1474)
[timer7] ERROR org.apache.ratis.client.impl.OrderedAsync -  (Repeated 189 times in the last 5.000s) client-B82A4DE85468: Failed* RaftClientRequest:client-B82A4DE85468->n2@group-D7F925094F13, cid=6, seq=2*, RW, Message:0801100118e6a3faa287...(size=19) due to java.util.concurrent.CompletionException: org.apache.ratis.protocol.exceptions.NotLeaderException: Server n2@group-D7F925094F13 is not the leader caused by NotLeaderException
[grpc-default-executor-2] ERROR org.apache.ratis.client.impl.OrderedAsync -  client-B82A4DE85468: Failed* RaftClientRequest:client-B82A4DE85468->n2@group-D7F925094F13, cid=6, seq=2*, RW, Message:0801100118e6a3faa287...(size=19) due to java.util.concurrent.CompletionException: org.apache.ratis.protocol.exceptions.NotLeaderException: Server n2@group-D7F925094F13 is not the leader caused by NotLeaderException
[n1@group-D7F925094F13-FollowerState] INFO org.apache.ratis.server.impl.FollowerState - n1@group-D7F925094F13-FollowerState: change to CANDIDATE, lastRpcElapsedTime:563ms, electionTimeout:563ms
[n1@group-D7F925094F13-FollowerState] INFO org.apache.ratis.server.impl.RoleInfo - n1: shutdown n1@group-D7F925094F13-FollowerState
[n1@group-D7F925094F13-FollowerState] INFO org.apache.ratis.server.RaftServer$Division - n1@group-D7F925094F13: changes role from  FOLLOWER to CANDIDATE at term 1 for changeToCandidate
[n1@group-D7F925094F13-FollowerState] INFO org.apache.ratis.server.impl.RoleInfo - n1: start n1@group-D7F925094F13-LeaderElection11
[n1@group-D7F925094F13-LeaderElection11] INFO org.apache.ratis.server.impl.LeaderElection - n1@group-D7F925094F13-LeaderElection11 PRE_VOTE round 0: submit vote requests at term 1 for conf: {index: 0, cur=peers:[n1|127.0.0.1:35699, n2|127.0.0.1:37717, n3|127.0.0.1:46107]|listeners:[], old=null}
[n1@group-D7F925094F13-LeaderElection11] INFO org.apache.ratis.server.impl.LeaderElection - Replier log is empty: n1<-n3#24:OK-t1-last:<INITIAL_VALUE> 
[n1@group-D7F925094F13-LeaderElection11] INFO org.apache.ratis.server.impl.LeaderElection - rejectedPeers: [n2, n3], emptyCommit? false
[n1@group-D7F925094F13-LeaderElection11] INFO org.apache.ratis.server.impl.LeaderElection - n1@group-D7F925094F13-LeaderElection11: PRE_VOTE REJECTED received 2 response(s) and 0 exception(s):
[n1@group-D7F925094F13-LeaderElection11] INFO org.apache.ratis.server.impl.LeaderElection -   Response 0: n1<-n2#23:FAIL-t1-last:(t:1, i:20)
[n1@group-D7F925094F13-LeaderElection11] INFO org.apache.ratis.server.impl.LeaderElection -   Response 1: n1<-n3#24:OK-t1-last:<INITIAL_VALUE>
[n1@group-D7F925094F13-LeaderElection11] INFO org.apache.ratis.server.impl.LeaderElection - n1@group-D7F925094F13-LeaderElection11 PRE_VOTE round 0: result REJECTED
[n1@group-D7F925094F13-LeaderElection11] INFO org.apache.ratis.server.RaftServer$Division - n1@group-D7F925094F13: changes role from CANDIDATE to FOLLOWER at term 1 for REJECTED
[n1@group-D7F925094F13-LeaderElection11] INFO org.apache.ratis.server.impl.RoleInfo - n1: shutdown n1@group-D7F925094F13-LeaderElection11
[n1@group-D7F925094F13-LeaderElection11] INFO org.apache.ratis.server.impl.RoleInfo - n1: start n1@group-D7F925094F13-FollowerState
[timer2] ERROR org.apache.ratis.client.impl.OrderedAsync -  (Repeated 6 times in the last 4.999s) client-B82A4DE85468: Failed* RaftClientRequest:client-B82A4DE85468->n3@group-D7F925094F13, cid=6, seq=2*, RW, Message:0801100118e6a3faa287...(size=19) due to java.util.concurrent.CompletionException: org.apache.ratis.protocol.exceptions.AlreadyClosedException: client-B82A4DE85468->n3 is closed. caused by AlreadyClosedException
[n1@group-D7F925094F13-FollowerState] INFO org.apache.ratis.server.impl.FollowerState - n1@group-D7F925094F13-FollowerState: change to CANDIDATE, lastRpcElapsedTime:504ms, electionTimeout:504ms
[n1@group-D7F925094F13-FollowerState] INFO org.apache.ratis.server.impl.RoleInfo - n1: shutdown n1@group-D7F925094F13-FollowerState
[n1@group-D7F925094F13-FollowerState] INFO org.apache.ratis.server.RaftServer$Division - n1@group-D7F925094F13: changes role from  FOLLOWER to CANDIDATE at term 1 for changeToCandidate
[n1@group-D7F925094F13-FollowerState] INFO org.apache.ratis.server.impl.RoleInfo - n1: start n1@group-D7F925094F13-LeaderElection12
[n1@group-D7F925094F13-LeaderElection12] INFO org.apache.ratis.server.impl.LeaderElection - n1@group-D7F925094F13-LeaderElection12 PRE_VOTE round 0: submit vote requests at term 1 for conf: {index: 0, cur=peers:[n1|127.0.0.1:35699, n2|127.0.0.1:37717, n3|127.0.0.1:46107]|listeners:[], old=null}
[n1@group-D7F925094F13-LeaderElection12] INFO org.apache.ratis.server.impl.LeaderElection - Replier log is empty: n1<-n3#26:OK-t1-last:<INITIAL_VALUE> 
[n1@group-D7F925094F13-LeaderElection12] INFO org.apache.ratis.server.impl.LeaderElection - rejectedPeers: [n2, n3], emptyCommit? false
[n1@group-D7F925094F13-LeaderElection12] INFO org.apache.ratis.server.impl.LeaderElection - n1@group-D7F925094F13-LeaderElection12: PRE_VOTE REJECTED received 2 response(s) and 0 exception(s):
[n1@group-D7F925094F13-LeaderElection12] INFO org.apache.ratis.server.impl.LeaderElection -   Response 0: n1<-n2#25:FAIL-t1-last:(t:1, i:20)
[n1@group-D7F925094F13-LeaderElection12] INFO org.apache.ratis.server.impl.LeaderElection -   Response 1: n1<-n3#26:OK-t1-last:<INITIAL_VALUE>
[n1@group-D7F925094F13-LeaderElection12] INFO org.apache.ratis.server.impl.LeaderElection - n1@group-D7F925094F13-LeaderElection12 PRE_VOTE round 0: result REJECTED
[n1@group-D7F925094F13-LeaderElection12] INFO org.apache.ratis.server.RaftServer$Division - n1@group-D7F925094F13: changes role from CANDIDATE to FOLLOWER at term 1 for REJECTED
[n1@group-D7F925094F13-LeaderElection12] INFO org.apache.ratis.server.impl.RoleInfo - n1: shutdown n1@group-D7F925094F13-LeaderElection12
[n1@group-D7F925094F13-LeaderElection12] INFO org.apache.ratis.server.impl.RoleInfo - n1: start n1@group-D7F925094F13-FollowerState
[n1@group-D7F925094F13-FollowerState] INFO org.apache.ratis.server.impl.FollowerState - n1@group-D7F925094F13-FollowerState: change to CANDIDATE, lastRpcElapsedTime:710ms, electionTimeout:710ms
[n1@group-D7F925094F13-FollowerState] INFO org.apache.ratis.server.impl.RoleInfo - n1: shutdown n1@group-D7F925094F13-FollowerState
[n1@group-D7F925094F13-FollowerState] INFO org.apache.ratis.server.RaftServer$Division - n1@group-D7F925094F13: changes role from  FOLLOWER to CANDIDATE at term 1 for changeToCandidate
[n1@group-D7F925094F13-FollowerState] INFO org.apache.ratis.server.impl.RoleInfo - n1: start n1@group-D7F925094F13-LeaderElection13
[n1@group-D7F925094F13-LeaderElection13] INFO org.apache.ratis.server.impl.LeaderElection - n1@group-D7F925094F13-LeaderElection13 PRE_VOTE round 0: submit vote requests at term 1 for conf: {index: 0, cur=peers:[n1|127.0.0.1:35699, n2|127.0.0.1:37717, n3|127.0.0.1:46107]|listeners:[], old=null}
[n1@group-D7F925094F13-LeaderElection13] INFO org.apache.ratis.server.impl.LeaderElection - Replier log is empty: n1<-n3#28:OK-t1-last:<INITIAL_VALUE> 
[n1@group-D7F925094F13-LeaderElection13] INFO org.apache.ratis.server.impl.LeaderElection - rejectedPeers: [n2, n3], emptyCommit? false
[n1@group-D7F925094F13-LeaderElection13] INFO org.apache.ratis.server.impl.LeaderElection - n1@group-D7F925094F13-LeaderElection13: PRE_VOTE REJECTED received 2 response(s) and 0 exception(s):
[n1@group-D7F925094F13-LeaderElection13] INFO org.apache.ratis.server.impl.LeaderElection -   Response 0: n1<-n2#27:FAIL-t1-last:(t:1, i:20)
[n1@group-D7F925094F13-LeaderElection13] INFO org.apache.ratis.server.impl.LeaderElection -   Response 1: n1<-n3#28:OK-t1-last:<INITIAL_VALUE>
[n1@group-D7F925094F13-LeaderElection13] INFO org.apache.ratis.server.impl.LeaderElection - n1@group-D7F925094F13-LeaderElection13 PRE_VOTE round 0: result REJECTED
[n1@group-D7F925094F13-LeaderElection13] INFO org.apache.ratis.server.RaftServer$Division - n1@group-D7F925094F13: changes role from CANDIDATE to FOLLOWER at term 1 for REJECTED
[n1@group-D7F925094F13-LeaderElection13] INFO org.apache.ratis.server.impl.RoleInfo - n1: shutdown n1@group-D7F925094F13-LeaderElection13
[n1@group-D7F925094F13-LeaderElection13] INFO org.apache.ratis.server.impl.RoleInfo - n1: start n1@group-D7F925094F13-FollowerState
[grpc-default-executor-0] ERROR org.apache.ratis.client.impl.OrderedAsync -  client-B82A4DE85468: Failed* RaftClientRequest:client-B82A4DE85468->n2@group-D7F925094F13, cid=6, seq=2*, RW, Message:0801100118e6a3faa287...(size=19)
java.util.concurrent.CompletionException: java.io.IOException: org.apache.ratis.thirdparty.io.grpc.StatusRuntimeException: UNAVAILABLE: io exception
	at java.base/java.util.concurrent.CompletableFuture.wrapInCompletionException(CompletableFuture.java:323)
	at java.base/java.util.concurrent.CompletableFuture.encodeThrowable(CompletableFuture.java:376)
	at java.base/java.util.concurrent.CompletableFuture.completeThrowable(CompletableFuture.java:391)
	at java.base/java.util.concurrent.CompletableFuture$UniAccept.tryFire(CompletableFuture.java:729)
	at java.base/java.util.concurrent.CompletableFuture.postComplete(CompletableFuture.java:531)
	at java.base/java.util.concurrent.CompletableFuture.completeExceptionally(CompletableFuture.java:2221)
	at org.apache.ratis.grpc.client.GrpcClientProtocolClient$AsyncStreamObservers.completeReplyExceptionally(GrpcClientProtocolClient.java:409)
	at org.apache.ratis.grpc.client.GrpcClientProtocolClient$AsyncStreamObservers.access$000(GrpcClientProtocolClient.java:308)
	at org.apache.ratis.grpc.client.GrpcClientProtocolClient$AsyncStreamObservers$1.onError(GrpcClientProtocolClient.java:339)
	at org.apache.ratis.thirdparty.io.grpc.stub.ClientCalls$StreamObserverToCallListenerAdapter.onClose(ClientCalls.java:581)
	at org.apache.ratis.thirdparty.io.grpc.PartialForwardingClientCallListener.onClose(PartialForwardingClientCallListener.java:39)
	at org.apache.ratis.thirdparty.io.grpc.ForwardingClientCallListener.onClose(ForwardingClientCallListener.java:23)
	at org.apache.ratis.grpc.metrics.intercept.client.MetricClientCallListener.onClose(MetricClientCallListener.java:47)
	at org.apache.ratis.thirdparty.io.grpc.internal.DelayedClientCall$DelayedListener$3.run(DelayedClientCall.java:553)
	at org.apache.ratis.thirdparty.io.grpc.internal.DelayedClientCall$DelayedListener.delayOrExecute(DelayedClientCall.java:482)
	at org.apache.ratis.thirdparty.io.grpc.internal.DelayedClientCall$DelayedListener.onClose(DelayedClientCall.java:537)
	at org.apache.ratis.thirdparty.io.grpc.internal.ClientCallImpl.closeObserver(ClientCallImpl.java:566)
	at org.apache.ratis.thirdparty.io.grpc.internal.ClientCallImpl.access$100(ClientCallImpl.java:72)
	at org.apache.ratis.thirdparty.io.grpc.internal.ClientCallImpl$ClientStreamListenerImpl$1StreamClosed.runInternal(ClientCallImpl.java:734)
	at org.apache.ratis.thirdparty.io.grpc.internal.ClientCallImpl$ClientStreamListenerImpl$1StreamClosed.runInContext(ClientCallImpl.java:715)
	at org.apache.ratis.thirdparty.io.grpc.internal.ContextRunnable.run(ContextRunnable.java:37)
	at org.apache.ratis.thirdparty.io.grpc.internal.SerializingExecutor.run(SerializingExecutor.java:133)
	at java.base/java.util.concurrent.ThreadPoolExecutor.runWorker(ThreadPoolExecutor.java:1090)
	at java.base/java.util.concurrent.ThreadPoolExecutor$Worker.run(ThreadPoolExecutor.java:614)
	at java.base/java.lang.Thread.run(Thread.java:1474)
Caused by: java.io.IOException: org.apache.ratis.thirdparty.io.grpc.StatusRuntimeException: UNAVAILABLE: io exception
	at org.apache.ratis.grpc.GrpcUtil.unwrapException(GrpcUtil.java:117)
	at org.apache.ratis.grpc.GrpcUtil.unwrapIOException(GrpcUtil.java:179)
	at org.apache.ratis.grpc.client.GrpcClientProtocolClient$AsyncStreamObservers$1.onError(GrpcClientProtocolClient.java:338)
	... 16 more
Caused by: org.apache.ratis.thirdparty.io.grpc.StatusRuntimeException: UNAVAILABLE: io exception
	at org.apache.ratis.thirdparty.io.grpc.Status.asRuntimeException(Status.java:532)
	... 16 more
Caused by: org.apache.ratis.thirdparty.io.netty.channel.AbstractChannel$AnnotatedConnectException: finishConnect(..) failed with error(-111): 连接被拒绝: /127.0.0.1:37717
Caused by: java.net.ConnectException: finishConnect(..) failed with error(-111): 连接被拒绝
	at org.apache.ratis.thirdparty.io.netty.channel.unix.Errors.newConnectException0(Errors.java:166)
	at org.apache.ratis.thirdparty.io.netty.channel.unix.Errors.handleConnectErrno(Errors.java:131)
	at org.apache.ratis.thirdparty.io.netty.channel.unix.Socket.finishConnect(Socket.java:359)
	at org.apache.ratis.thirdparty.io.netty.channel.epoll.AbstractEpollChannel$AbstractEpollUnsafe.doFinishConnect(AbstractEpollChannel.java:715)
	at org.apache.ratis.thirdparty.io.netty.channel.epoll.AbstractEpollChannel$AbstractEpollUnsafe.finishConnect(AbstractEpollChannel.java:692)
	at org.apache.ratis.thirdparty.io.netty.channel.epoll.AbstractEpollChannel$AbstractEpollUnsafe.epollOutReady(AbstractEpollChannel.java:567)
	at org.apache.ratis.thirdparty.io.netty.channel.epoll.EpollEventLoop.processReady(EpollEventLoop.java:491)
	at org.apache.ratis.thirdparty.io.netty.channel.epoll.EpollEventLoop.run(EpollEventLoop.java:399)
	at org.apache.ratis.thirdparty.io.netty.util.concurrent.SingleThreadEventExecutor$4.run(SingleThreadEventExecutor.java:1007)
	at org.apache.ratis.thirdparty.io.netty.util.internal.ThreadExecutorMap$2.run(ThreadExecutorMap.java:74)
	at org.apache.ratis.thirdparty.io.netty.util.concurrent.FastThreadLocalRunnable.run(FastThreadLocalRunnable.java:30)
	at java.base/java.lang.Thread.run(Thread.java:1474)
[n1@group-D7F925094F13-FollowerState] INFO org.apache.ratis.server.impl.FollowerState - n1@group-D7F925094F13-FollowerState: change to CANDIDATE, lastRpcElapsedTime:436ms, electionTimeout:436ms
[n1@group-D7F925094F13-FollowerState] INFO org.apache.ratis.server.impl.RoleInfo - n1: shutdown n1@group-D7F925094F13-FollowerState
[n1@group-D7F925094F13-FollowerState] INFO org.apache.ratis.server.RaftServer$Division - n1@group-D7F925094F13: changes role from  FOLLOWER to CANDIDATE at term 1 for changeToCandidate
[n1@group-D7F925094F13-FollowerState] INFO org.apache.ratis.server.impl.RoleInfo - n1: start n1@group-D7F925094F13-LeaderElection14
[n1@group-D7F925094F13-LeaderElection14] INFO org.apache.ratis.server.impl.LeaderElection - n1@group-D7F925094F13-LeaderElection14 PRE_VOTE round 0: submit vote requests at term 1 for conf: {index: 0, cur=peers:[n1|127.0.0.1:35699, n2|127.0.0.1:37717, n3|127.0.0.1:46107]|listeners:[], old=null}
[n1@group-D7F925094F13-LeaderElection14] INFO org.apache.ratis.server.impl.LeaderElection - n1@group-D7F925094F13-LeaderElection14 got exception when requesting votes: java.util.concurrent.ExecutionException: org.apache.ratis.thirdparty.io.grpc.StatusRuntimeException: UNAVAILABLE: io exception
[n1@group-D7F925094F13-LeaderElection14] INFO org.apache.ratis.server.impl.LeaderElection - Replier log is empty: n1<-n3#30:OK-t1-last:<INITIAL_VALUE> 
[n1@group-D7F925094F13-LeaderElection14] INFO org.apache.ratis.server.impl.LeaderElection - n1@group-D7F925094F13-LeaderElection14: PRE_VOTE REJECTED received 1 response(s) and 1 exception(s):
[n1@group-D7F925094F13-LeaderElection14] INFO org.apache.ratis.server.impl.LeaderElection -   Response 0: n1<-n3#30:OK-t1-last:<INITIAL_VALUE>
[n1@group-D7F925094F13-LeaderElection14] INFO org.apache.ratis.server.impl.LeaderElection -   Exception 1: java.util.concurrent.ExecutionException: org.apache.ratis.thirdparty.io.grpc.StatusRuntimeException: UNAVAILABLE: io exception
[n1@group-D7F925094F13-LeaderElection14] INFO org.apache.ratis.server.impl.LeaderElection - n1@group-D7F925094F13-LeaderElection14 PRE_VOTE round 0: result REJECTED
[n1@group-D7F925094F13-LeaderElection14] INFO org.apache.ratis.server.RaftServer$Division - n1@group-D7F925094F13: changes role from CANDIDATE to FOLLOWER at term 1 for REJECTED
[n1@group-D7F925094F13-LeaderElection14] INFO org.apache.ratis.server.impl.RoleInfo - n1: shutdown n1@group-D7F925094F13-LeaderElection14
[n1@group-D7F925094F13-LeaderElection14] INFO org.apache.ratis.server.impl.RoleInfo - n1: start n1@group-D7F925094F13-FollowerState
[n1@group-D7F925094F13-FollowerState] INFO org.apache.ratis.server.impl.FollowerState - n1@group-D7F925094F13-FollowerState: change to CANDIDATE, lastRpcElapsedTime:549ms, electionTimeout:548ms
[n1@group-D7F925094F13-FollowerState] INFO org.apache.ratis.server.impl.RoleInfo - n1: shutdown n1@group-D7F925094F13-FollowerState
[n1@group-D7F925094F13-FollowerState] INFO org.apache.ratis.server.RaftServer$Division - n1@group-D7F925094F13: changes role from  FOLLOWER to CANDIDATE at term 1 for changeToCandidate
[n1@group-D7F925094F13-FollowerState] INFO org.apache.ratis.server.impl.RoleInfo - n1: start n1@group-D7F925094F13-LeaderElection15
[n1@group-D7F925094F13-LeaderElection15] INFO org.apache.ratis.server.impl.LeaderElection - n1@group-D7F925094F13-LeaderElection15 PRE_VOTE round 0: submit vote requests at term 1 for conf: {index: 0, cur=peers:[n1|127.0.0.1:35699, n2|127.0.0.1:37717, n3|127.0.0.1:46107]|listeners:[], old=null}
[n1@group-D7F925094F13-LeaderElection15] INFO org.apache.ratis.server.impl.LeaderElection - n1@group-D7F925094F13-LeaderElection15 got exception when requesting votes: java.util.concurrent.ExecutionException: org.apache.ratis.thirdparty.io.grpc.StatusRuntimeException: UNAVAILABLE: io exception
[n1@group-D7F925094F13-LeaderElection15] INFO org.apache.ratis.server.impl.LeaderElection - Replier log is empty: n1<-n3#32:OK-t1-last:<INITIAL_VALUE> 
[n1@group-D7F925094F13-LeaderElection15] INFO org.apache.ratis.server.impl.LeaderElection - n1@group-D7F925094F13-LeaderElection15: PRE_VOTE REJECTED received 1 response(s) and 1 exception(s):
[n1@group-D7F925094F13-LeaderElection15] INFO org.apache.ratis.server.impl.LeaderElection -   Response 0: n1<-n3#32:OK-t1-last:<INITIAL_VALUE>
[n1@group-D7F925094F13-LeaderElection15] INFO org.apache.ratis.server.impl.LeaderElection -   Exception 1: java.util.concurrent.ExecutionException: org.apache.ratis.thirdparty.io.grpc.StatusRuntimeException: UNAVAILABLE: io exception
[n1@group-D7F925094F13-LeaderElection15] INFO org.apache.ratis.server.impl.LeaderElection - n1@group-D7F925094F13-LeaderElection15 PRE_VOTE round 0: result REJECTED
[n1@group-D7F925094F13-LeaderElection15] INFO org.apache.ratis.server.RaftServer$Division - n1@group-D7F925094F13: changes role from CANDIDATE to FOLLOWER at term 1 for REJECTED
[n1@group-D7F925094F13-LeaderElection15] INFO org.apache.ratis.server.impl.RoleInfo - n1: shutdown n1@group-D7F925094F13-LeaderElection15
[n1@group-D7F925094F13-LeaderElection15] INFO org.apache.ratis.server.impl.RoleInfo - n1: start n1@group-D7F925094F13-FollowerState
[timer3] ERROR org.apache.ratis.client.impl.OrderedAsync -  (Repeated 341 times in the last 5.000s) client-B82A4DE85468: Failed* RaftClientRequest:client-B82A4DE85468->n3@group-D7F925094F13, cid=6, seq=2*, RW, Message:0801100118e6a3faa287...(size=19) due to java.util.concurrent.CompletionException: org.apache.ratis.protocol.exceptions.NotLeaderException: Server n3@group-D7F925094F13 is not the leader caused by NotLeaderException
[grpc-default-executor-2] ERROR org.apache.ratis.client.impl.OrderedAsync -  client-B82A4DE85468: Failed* RaftClientRequest:client-B82A4DE85468->n3@group-D7F925094F13, cid=6, seq=2*, RW, Message:0801100118e6a3faa287...(size=19) due to java.util.concurrent.CompletionException: org.apache.ratis.protocol.exceptions.NotLeaderException: Server n3@group-D7F925094F13 is not the leader caused by NotLeaderException
[grpc-default-executor-1] ERROR org.apache.ratis.client.impl.OrderedAsync -  client-086CAD0936EE: Failed* RaftClientRequest:client-086CAD0936EE->n1@group-D7F925094F13, cid=34, seq=2, RW, Message:0801100218b9e0faa287...(size=19) due to java.util.concurrent.CompletionException: org.apache.ratis.protocol.exceptions.NotLeaderException: Server n1@group-D7F925094F13 is not the leader caused by NotLeaderException
[grpc-default-executor-2] ERROR org.apache.ratis.client.impl.OrderedAsync -  client-086CAD0936EE: Failed* RaftClientRequest:client-086CAD0936EE->n2@group-D7F925094F13, cid=34, seq=2*, RW, Message:0801100218b9e0faa287...(size=19)
java.util.concurrent.CompletionException: java.io.IOException: org.apache.ratis.thirdparty.io.grpc.StatusRuntimeException: UNAVAILABLE: io exception
	at java.base/java.util.concurrent.CompletableFuture.wrapInCompletionException(CompletableFuture.java:323)
	at java.base/java.util.concurrent.CompletableFuture.encodeThrowable(CompletableFuture.java:376)
	at java.base/java.util.concurrent.CompletableFuture.completeThrowable(CompletableFuture.java:391)
	at java.base/java.util.concurrent.CompletableFuture$UniAccept.tryFire(CompletableFuture.java:729)
	at java.base/java.util.concurrent.CompletableFuture.postComplete(CompletableFuture.java:531)
	at java.base/java.util.concurrent.CompletableFuture.completeExceptionally(CompletableFuture.java:2221)
	at org.apache.ratis.grpc.client.GrpcClientProtocolClient$AsyncStreamObservers.completeReplyExceptionally(GrpcClientProtocolClient.java:409)
	at org.apache.ratis.grpc.client.GrpcClientProtocolClient$AsyncStreamObservers.access$000(GrpcClientProtocolClient.java:308)
	at org.apache.ratis.grpc.client.GrpcClientProtocolClient$AsyncStreamObservers$1.onError(GrpcClientProtocolClient.java:339)
	at org.apache.ratis.thirdparty.io.grpc.stub.ClientCalls$StreamObserverToCallListenerAdapter.onClose(ClientCalls.java:581)
	at org.apache.ratis.thirdparty.io.grpc.PartialForwardingClientCallListener.onClose(PartialForwardingClientCallListener.java:39)
	at org.apache.ratis.thirdparty.io.grpc.ForwardingClientCallListener.onClose(ForwardingClientCallListener.java:23)
	at org.apache.ratis.grpc.metrics.intercept.client.MetricClientCallListener.onClose(MetricClientCallListener.java:47)
	at org.apache.ratis.thirdparty.io.grpc.internal.ClientCallImpl.closeObserver(ClientCallImpl.java:566)
	at org.apache.ratis.thirdparty.io.grpc.internal.ClientCallImpl.access$100(ClientCallImpl.java:72)
	at org.apache.ratis.thirdparty.io.grpc.internal.ClientCallImpl$ClientStreamListenerImpl$1StreamClosed.runInternal(ClientCallImpl.java:734)
	at org.apache.ratis.thirdparty.io.grpc.internal.ClientCallImpl$ClientStreamListenerImpl$1StreamClosed.runInContext(ClientCallImpl.java:715)
	at org.apache.ratis.thirdparty.io.grpc.internal.ContextRunnable.run(ContextRunnable.java:37)
	at org.apache.ratis.thirdparty.io.grpc.internal.SerializingExecutor.run(SerializingExecutor.java:133)
	at java.base/java.util.concurrent.ThreadPoolExecutor.runWorker(ThreadPoolExecutor.java:1090)
	at java.base/java.util.concurrent.ThreadPoolExecutor$Worker.run(ThreadPoolExecutor.java:614)
	at java.base/java.lang.Thread.run(Thread.java:1474)
Caused by: java.io.IOException: org.apache.ratis.thirdparty.io.grpc.StatusRuntimeException: UNAVAILABLE: io exception
	at org.apache.ratis.grpc.GrpcUtil.unwrapException(GrpcUtil.java:117)
	at org.apache.ratis.grpc.GrpcUtil.unwrapIOException(GrpcUtil.java:179)
	at org.apache.ratis.grpc.client.GrpcClientProtocolClient$AsyncStreamObservers$1.onError(GrpcClientProtocolClient.java:338)
	... 13 more
Caused by: org.apache.ratis.thirdparty.io.grpc.StatusRuntimeException: UNAVAILABLE: io exception
	at org.apache.ratis.thirdparty.io.grpc.Status.asRuntimeException(Status.java:532)
	... 13 more
Caused by: org.apache.ratis.thirdparty.io.netty.channel.AbstractChannel$AnnotatedConnectException: finishConnect(..) failed with error(-111): 连接被拒绝: /127.0.0.1:37717
Caused by: java.net.ConnectException: finishConnect(..) failed with error(-111): 连接被拒绝
	at org.apache.ratis.thirdparty.io.netty.channel.unix.Errors.newConnectException0(Errors.java:166)
	at org.apache.ratis.thirdparty.io.netty.channel.unix.Errors.handleConnectErrno(Errors.java:131)
	at org.apache.ratis.thirdparty.io.netty.channel.unix.Socket.finishConnect(Socket.java:359)
	at org.apache.ratis.thirdparty.io.netty.channel.epoll.AbstractEpollChannel$AbstractEpollUnsafe.doFinishConnect(AbstractEpollChannel.java:715)
	at org.apache.ratis.thirdparty.io.netty.channel.epoll.AbstractEpollChannel$AbstractEpollUnsafe.finishConnect(AbstractEpollChannel.java:692)
	at org.apache.ratis.thirdparty.io.netty.channel.epoll.AbstractEpollChannel$AbstractEpollUnsafe.epollOutReady(AbstractEpollChannel.java:567)
	at org.apache.ratis.thirdparty.io.netty.channel.epoll.EpollEventLoop.processReady(EpollEventLoop.java:491)
	at org.apache.ratis.thirdparty.io.netty.channel.epoll.EpollEventLoop.run(EpollEventLoop.java:399)
	at org.apache.ratis.thirdparty.io.netty.util.concurrent.SingleThreadEventExecutor$4.run(SingleThreadEventExecutor.java:1007)
	at org.apache.ratis.thirdparty.io.netty.util.internal.ThreadExecutorMap$2.run(ThreadExecutorMap.java:74)
	at org.apache.ratis.thirdparty.io.netty.util.concurrent.FastThreadLocalRunnable.run(FastThreadLocalRunnable.java:30)
	at java.base/java.lang.Thread.run(Thread.java:1474)
[grpc-default-executor-1] ERROR org.apache.ratis.client.impl.OrderedAsync -  client-086CAD0936EE: Failed* RaftClientRequest:client-086CAD0936EE->n3@group-D7F925094F13, cid=34, seq=2*, RW, Message:0801100218b9e0faa287...(size=19) due to java.util.concurrent.CompletionException: org.apache.ratis.protocol.exceptions.NotLeaderException: Server n3@group-D7F925094F13 is not the leader caused by NotLeaderException
[n1@group-D7F925094F13-FollowerState] INFO org.apache.ratis.server.impl.FollowerState - n1@group-D7F925094F13-FollowerState: change to CANDIDATE, lastRpcElapsedTime:791ms, electionTimeout:788ms
[n1@group-D7F925094F13-FollowerState] INFO org.apache.ratis.server.impl.RoleInfo - n1: shutdown n1@group-D7F925094F13-FollowerState
[n1@group-D7F925094F13-FollowerState] INFO org.apache.ratis.server.RaftServer$Division - n1@group-D7F925094F13: changes role from  FOLLOWER to CANDIDATE at term 1 for changeToCandidate
[n1@group-D7F925094F13-FollowerState] INFO org.apache.ratis.server.impl.RoleInfo - n1: start n1@group-D7F925094F13-LeaderElection16
[n1@group-D7F925094F13-LeaderElection16] INFO org.apache.ratis.server.impl.LeaderElection - n1@group-D7F925094F13-LeaderElection16 PRE_VOTE round 0: submit vote requests at term 1 for conf: {index: 0, cur=peers:[n1|127.0.0.1:35699, n2|127.0.0.1:37717, n3|127.0.0.1:46107]|listeners:[], old=null}
[n1@group-D7F925094F13-LeaderElection16] INFO org.apache.ratis.server.impl.LeaderElection - n1@group-D7F925094F13-LeaderElection16 got exception when requesting votes: java.util.concurrent.ExecutionException: org.apache.ratis.thirdparty.io.grpc.StatusRuntimeException: UNAVAILABLE: io exception
[n1@group-D7F925094F13-LeaderElection16] INFO org.apache.ratis.server.impl.LeaderElection - Replier log is empty: n1<-n3#36:OK-t1-last:<INITIAL_VALUE> 
[n1@group-D7F925094F13-LeaderElection16] INFO org.apache.ratis.server.impl.LeaderElection - n1@group-D7F925094F13-LeaderElection16: PRE_VOTE REJECTED received 1 response(s) and 1 exception(s):
[n1@group-D7F925094F13-LeaderElection16] INFO org.apache.ratis.server.impl.LeaderElection -   Response 0: n1<-n3#36:OK-t1-last:<INITIAL_VALUE>
[n1@group-D7F925094F13-LeaderElection16] INFO org.apache.ratis.server.impl.LeaderElection -   Exception 1: java.util.concurrent.ExecutionException: org.apache.ratis.thirdparty.io.grpc.StatusRuntimeException: UNAVAILABLE: io exception
[n1@group-D7F925094F13-LeaderElection16] INFO org.apache.ratis.server.impl.LeaderElection - n1@group-D7F925094F13-LeaderElection16 PRE_VOTE round 0: result REJECTED
[n1@group-D7F925094F13-LeaderElection16] INFO org.apache.ratis.server.RaftServer$Division - n1@group-D7F925094F13: changes role from CANDIDATE to FOLLOWER at term 1 for REJECTED
[n1@group-D7F925094F13-LeaderElection16] INFO org.apache.ratis.server.impl.RoleInfo - n1: shutdown n1@group-D7F925094F13-LeaderElection16
[n1@group-D7F925094F13-LeaderElection16] INFO org.apache.ratis.server.impl.RoleInfo - n1: start n1@group-D7F925094F13-FollowerState
[n1@group-D7F925094F13-FollowerState] INFO org.apache.ratis.server.impl.FollowerState - n1@group-D7F925094F13-FollowerState: change to CANDIDATE, lastRpcElapsedTime:622ms, electionTimeout:621ms
[n1@group-D7F925094F13-FollowerState] INFO org.apache.ratis.server.impl.RoleInfo - n1: shutdown n1@group-D7F925094F13-FollowerState
[n1@group-D7F925094F13-FollowerState] INFO org.apache.ratis.server.RaftServer$Division - n1@group-D7F925094F13: changes role from  FOLLOWER to CANDIDATE at term 1 for changeToCandidate
[n1@group-D7F925094F13-FollowerState] INFO org.apache.ratis.server.impl.RoleInfo - n1: start n1@group-D7F925094F13-LeaderElection17
[n1@group-D7F925094F13-LeaderElection17] INFO org.apache.ratis.server.impl.LeaderElection - n1@group-D7F925094F13-LeaderElection17 PRE_VOTE round 0: submit vote requests at term 1 for conf: {index: 0, cur=peers:[n1|127.0.0.1:35699, n2|127.0.0.1:37717, n3|127.0.0.1:46107]|listeners:[], old=null}
[n1@group-D7F925094F13-LeaderElection17] INFO org.apache.ratis.server.impl.LeaderElection - n1@group-D7F925094F13-LeaderElection17 got exception when requesting votes: java.util.concurrent.ExecutionException: org.apache.ratis.thirdparty.io.grpc.StatusRuntimeException: UNAVAILABLE: io exception
[n1@group-D7F925094F13-LeaderElection17] INFO org.apache.ratis.server.impl.LeaderElection - Replier log is empty: n1<-n3#38:OK-t1-last:<INITIAL_VALUE> 
[n1@group-D7F925094F13-LeaderElection17] INFO org.apache.ratis.server.impl.LeaderElection - n1@group-D7F925094F13-LeaderElection17: PRE_VOTE REJECTED received 1 response(s) and 1 exception(s):
[n1@group-D7F925094F13-LeaderElection17] INFO org.apache.ratis.server.impl.LeaderElection -   Response 0: n1<-n3#38:OK-t1-last:<INITIAL_VALUE>
[n1@group-D7F925094F13-LeaderElection17] INFO org.apache.ratis.server.impl.LeaderElection -   Exception 1: java.util.concurrent.ExecutionException: org.apache.ratis.thirdparty.io.grpc.StatusRuntimeException: UNAVAILABLE: io exception
[n1@group-D7F925094F13-LeaderElection17] INFO org.apache.ratis.server.impl.LeaderElection - n1@group-D7F925094F13-LeaderElection17 PRE_VOTE round 0: result REJECTED
[n1@group-D7F925094F13-LeaderElection17] INFO org.apache.ratis.server.RaftServer$Division - n1@group-D7F925094F13: changes role from CANDIDATE to FOLLOWER at term 1 for REJECTED
[n1@group-D7F925094F13-LeaderElection17] INFO org.apache.ratis.server.impl.RoleInfo - n1: shutdown n1@group-D7F925094F13-LeaderElection17
[n1@group-D7F925094F13-LeaderElection17] INFO org.apache.ratis.server.impl.RoleInfo - n1: start n1@group-D7F925094F13-FollowerState
[grpc-default-executor-4] ERROR org.apache.ratis.client.impl.OrderedAsync -  client-086CAD0936EE: Failed* RaftClientRequest:client-086CAD0936EE->n2@group-D7F925094F13, cid=34, seq=2*, RW, Message:0801100218b9e0faa287...(size=19) due to java.util.concurrent.CompletionException: org.apache.ratis.protocol.exceptions.NotLeaderException: Server n2@group-D7F925094F13 is not the leader caused by NotLeaderException
[n1@group-D7F925094F13-FollowerState] INFO org.apache.ratis.server.impl.FollowerState - n1@group-D7F925094F13-FollowerState: change to CANDIDATE, lastRpcElapsedTime:651ms, electionTimeout:648ms
[n1@group-D7F925094F13-FollowerState] INFO org.apache.ratis.server.impl.RoleInfo - n1: shutdown n1@group-D7F925094F13-FollowerState
[n1@group-D7F925094F13-FollowerState] INFO org.apache.ratis.server.RaftServer$Division - n1@group-D7F925094F13: changes role from  FOLLOWER to CANDIDATE at term 1 for changeToCandidate
[n1@group-D7F925094F13-FollowerState] INFO org.apache.ratis.server.impl.RoleInfo - n1: start n1@group-D7F925094F13-LeaderElection18
[n1@group-D7F925094F13-LeaderElection18] INFO org.apache.ratis.server.impl.LeaderElection - n1@group-D7F925094F13-LeaderElection18 PRE_VOTE round 0: submit vote requests at term 1 for conf: {index: 0, cur=peers:[n1|127.0.0.1:35699, n2|127.0.0.1:37717, n3|127.0.0.1:46107]|listeners:[], old=null}
[n1@group-D7F925094F13-LeaderElection18] INFO org.apache.ratis.server.impl.LeaderElection - Replier log is empty: n1<-n3#40:OK-t1-last:<INITIAL_VALUE> 
[n1@group-D7F925094F13-LeaderElection18] INFO org.apache.ratis.server.impl.LeaderElection - rejectedPeers: [n3, n2], emptyCommit? false
[n1@group-D7F925094F13-LeaderElection18] INFO org.apache.ratis.server.impl.LeaderElection - n1@group-D7F925094F13-LeaderElection18: PRE_VOTE REJECTED received 2 response(s) and 0 exception(s):
[n1@group-D7F925094F13-LeaderElection18] INFO org.apache.ratis.server.impl.LeaderElection -   Response 0: n1<-n2#39:FAIL-t1-last:(t:1, i:20)
[n1@group-D7F925094F13-LeaderElection18] INFO org.apache.ratis.server.impl.LeaderElection -   Response 1: n1<-n3#40:OK-t1-last:<INITIAL_VALUE>
[n1@group-D7F925094F13-LeaderElection18] INFO org.apache.ratis.server.impl.LeaderElection - n1@group-D7F925094F13-LeaderElection18 PRE_VOTE round 0: result REJECTED
[n1@group-D7F925094F13-LeaderElection18] INFO org.apache.ratis.server.RaftServer$Division - n1@group-D7F925094F13: changes role from CANDIDATE to FOLLOWER at term 1 for REJECTED
[n1@group-D7F925094F13-LeaderElection18] INFO org.apache.ratis.server.impl.RoleInfo - n1: shutdown n1@group-D7F925094F13-LeaderElection18
[n1@group-D7F925094F13-LeaderElection18] INFO org.apache.ratis.server.impl.RoleInfo - n1: start n1@group-D7F925094F13-FollowerState
[grpc-default-executor-0] INFO org.apache.ratis.server.RaftServer$Division - n1@group-D7F925094F13: receive requestVote(PRE_VOTE, n2, group-D7F925094F13, 1, (t:1, i:20))
[grpc-default-executor-0] INFO org.apache.ratis.server.impl.VoteContext - n1@group-D7F925094F13-FOLLOWER: accept PRE_VOTE from n2: our last entry (t:1, i:16) < candidate's last entry (t:1, i:20)
[grpc-default-executor-0] INFO org.apache.ratis.server.RaftServer$Division - n1@group-D7F925094F13 replies to PRE_VOTE vote request: n2<-n1#1:OK-t1-last:(t:1, i:16). Peer's state: n1@group-D7F925094F13:t1, leader=null, voted=n2, raftlog=Memoized:n1@group-D7F925094F13-SegmentedRaftLog:OPENED:c15:last(t:1, i:16), conf=conf: {index: 0, cur=peers:[n1|127.0.0.1:35699, n2|127.0.0.1:37717, n3|127.0.0.1:46107]|listeners:[], old=null}
[grpc-default-executor-1] INFO org.apache.ratis.server.RaftServer$Division - n1@group-D7F925094F13: receive requestVote(ELECTION, n2, group-D7F925094F13, 2, (t:1, i:20))
[grpc-default-executor-1] INFO org.apache.ratis.server.impl.VoteContext - n1@group-D7F925094F13-FOLLOWER: accept ELECTION from n2: our last entry (t:1, i:16) < candidate's last entry (t:1, i:20)
[grpc-default-executor-1] INFO org.apache.ratis.server.RaftServer$Division - n1@group-D7F925094F13: changes role from  FOLLOWER to FOLLOWER at term 1 for candidate:n2
[grpc-default-executor-1] INFO org.apache.ratis.server.impl.RoleInfo - n1: shutdown n1@group-D7F925094F13-FollowerState
[grpc-default-executor-1] INFO org.apache.ratis.server.impl.RoleInfo - n1: start n1@group-D7F925094F13-FollowerState
[n1@group-D7F925094F13-FollowerState] INFO org.apache.ratis.server.impl.FollowerState - n1@group-D7F925094F13-FollowerState was interrupted
[grpc-default-executor-1] INFO org.apache.ratis.server.RaftServer$Division - n1@group-D7F925094F13 replies to ELECTION vote request: n2<-n1#3:OK-t2-last:(t:1, i:16). Peer's state: n1@group-D7F925094F13:t2, leader=null, voted=n2, raftlog=Memoized:n1@group-D7F925094F13-SegmentedRaftLog:OPENED:c15:last(t:1, i:16), conf=conf: {index: 0, cur=peers:[n1|127.0.0.1:35699, n2|127.0.0.1:37717, n3|127.0.0.1:46107]|listeners:[], old=null}
[grpc-default-executor-2] ERROR org.apache.ratis.client.impl.OrderedAsync -  client-B82A4DE85468: Failed* RaftClientRequest:client-B82A4DE85468->n2@group-D7F925094F13, cid=6, seq=2*, RW, Message:0801100118e6a3faa287...(size=19)
java.util.concurrent.CompletionException: org.apache.ratis.protocol.exceptions.LeaderNotReadyException: n2@group-D7F925094F13 is in LEADER state but not ready yet.
	at java.base/java.util.concurrent.CompletableFuture.wrapInCompletionException(CompletableFuture.java:323)
	at java.base/java.util.concurrent.CompletableFuture.encodeThrowable(CompletableFuture.java:376)
	at java.base/java.util.concurrent.CompletableFuture.completeThrowable(CompletableFuture.java:391)
	at java.base/java.util.concurrent.CompletableFuture$UniAccept.tryFire(CompletableFuture.java:729)
	at java.base/java.util.concurrent.CompletableFuture.postComplete(CompletableFuture.java:531)
	at java.base/java.util.concurrent.CompletableFuture.completeExceptionally(CompletableFuture.java:2221)
	at org.apache.ratis.grpc.client.GrpcClientProtocolClient$AsyncStreamObservers.completeReplyExceptionally(GrpcClientProtocolClient.java:409)
	at org.apache.ratis.grpc.client.GrpcClientProtocolClient$AsyncStreamObservers.access$000(GrpcClientProtocolClient.java:308)
	at org.apache.ratis.grpc.client.GrpcClientProtocolClient$AsyncStreamObservers$1.onNext(GrpcClientProtocolClient.java:327)
	at org.apache.ratis.grpc.client.GrpcClientProtocolClient$AsyncStreamObservers$1.onNext(GrpcClientProtocolClient.java:313)
	at org.apache.ratis.thirdparty.io.grpc.stub.ClientCalls$StreamObserverToCallListenerAdapter.onMessage(ClientCalls.java:568)
	at org.apache.ratis.thirdparty.io.grpc.ForwardingClientCallListener.onMessage(ForwardingClientCallListener.java:33)
	at org.apache.ratis.thirdparty.io.grpc.internal.DelayedClientCall$DelayedListener.deliverMessage(DelayedClientCall.java:529)
	at org.apache.ratis.thirdparty.io.grpc.internal.DelayedClientCall$DelayedListener.onMessage(DelayedClientCall.java:513)
	at org.apache.ratis.thirdparty.io.grpc.internal.ClientCallImpl$ClientStreamListenerImpl$1MessagesAvailable.runInternal(ClientCallImpl.java:662)
	at org.apache.ratis.thirdparty.io.grpc.internal.ClientCallImpl$ClientStreamListenerImpl$1MessagesAvailable.runInContext(ClientCallImpl.java:649)
	at org.apache.ratis.thirdparty.io.grpc.internal.ContextRunnable.run(ContextRunnable.java:37)
	at org.apache.ratis.thirdparty.io.grpc.internal.SerializingExecutor.run(SerializingExecutor.java:133)
	at java.base/java.util.concurrent.ThreadPoolExecutor.runWorker(ThreadPoolExecutor.java:1090)
	at java.base/java.util.concurrent.ThreadPoolExecutor$Worker.run(ThreadPoolExecutor.java:614)
	at java.base/java.lang.Thread.run(Thread.java:1474)
Caused by: org.apache.ratis.protocol.exceptions.LeaderNotReadyException: n2@group-D7F925094F13 is in LEADER state but not ready yet.
	at org.apache.ratis.client.impl.ClientProtoUtils.toRaftClientReply(ClientProtoUtils.java:421)
	at org.apache.ratis.grpc.client.GrpcClientProtocolClient$AsyncStreamObservers$1.onNext(GrpcClientProtocolClient.java:318)
	... 12 more
[grpc-default-executor-1] ERROR org.apache.ratis.client.impl.OrderedAsync -  client-086CAD0936EE: Failed* RaftClientRequest:client-086CAD0936EE->n2@group-D7F925094F13, cid=34, seq=2*, RW, Message:0801100218b9e0faa287...(size=19)
java.util.concurrent.CompletionException: org.apache.ratis.protocol.exceptions.LeaderNotReadyException: n2@group-D7F925094F13 is in LEADER state but not ready yet.
	at java.base/java.util.concurrent.CompletableFuture.wrapInCompletionException(CompletableFuture.java:323)
	at java.base/java.util.concurrent.CompletableFuture.encodeThrowable(CompletableFuture.java:376)
	at java.base/java.util.concurrent.CompletableFuture.completeThrowable(CompletableFuture.java:391)
	at java.base/java.util.concurrent.CompletableFuture$UniAccept.tryFire(CompletableFuture.java:729)
	at java.base/java.util.concurrent.CompletableFuture.postComplete(CompletableFuture.java:531)
	at java.base/java.util.concurrent.CompletableFuture.completeExceptionally(CompletableFuture.java:2221)
	at org.apache.ratis.grpc.client.GrpcClientProtocolClient$AsyncStreamObservers.completeReplyExceptionally(GrpcClientProtocolClient.java:409)
	at org.apache.ratis.grpc.client.GrpcClientProtocolClient$AsyncStreamObservers.access$000(GrpcClientProtocolClient.java:308)
	at org.apache.ratis.grpc.client.GrpcClientProtocolClient$AsyncStreamObservers$1.onNext(GrpcClientProtocolClient.java:327)
	at org.apache.ratis.grpc.client.GrpcClientProtocolClient$AsyncStreamObservers$1.onNext(GrpcClientProtocolClient.java:313)
	at org.apache.ratis.thirdparty.io.grpc.stub.ClientCalls$StreamObserverToCallListenerAdapter.onMessage(ClientCalls.java:568)
	at org.apache.ratis.thirdparty.io.grpc.ForwardingClientCallListener.onMessage(ForwardingClientCallListener.java:33)
	at org.apache.ratis.thirdparty.io.grpc.internal.ClientCallImpl$ClientStreamListenerImpl$1MessagesAvailable.runInternal(ClientCallImpl.java:662)
	at org.apache.ratis.thirdparty.io.grpc.internal.ClientCallImpl$ClientStreamListenerImpl$1MessagesAvailable.runInContext(ClientCallImpl.java:649)
	at org.apache.ratis.thirdparty.io.grpc.internal.ContextRunnable.run(ContextRunnable.java:37)
	at org.apache.ratis.thirdparty.io.grpc.internal.SerializingExecutor.run(SerializingExecutor.java:133)
	at java.base/java.util.concurrent.ThreadPoolExecutor.runWorker(ThreadPoolExecutor.java:1090)
	at java.base/java.util.concurrent.ThreadPoolExecutor$Worker.run(ThreadPoolExecutor.java:614)
	at java.base/java.lang.Thread.run(Thread.java:1474)
Caused by: org.apache.ratis.protocol.exceptions.LeaderNotReadyException: n2@group-D7F925094F13 is in LEADER state but not ready yet.
	at org.apache.ratis.client.impl.ClientProtoUtils.toRaftClientReply(ClientProtoUtils.java:421)
	at org.apache.ratis.grpc.client.GrpcClientProtocolClient$AsyncStreamObservers$1.onNext(GrpcClientProtocolClient.java:318)
	... 10 more
[timer7] ERROR org.apache.ratis.client.impl.OrderedAsync -  client-086CAD0936EE: Failed* RaftClientRequest:client-086CAD0936EE->n2@group-D7F925094F13, cid=34, seq=2*, RW, Message:0801100218b9e0faa287...(size=19) due to java.util.concurrent.CompletionException: org.apache.ratis.protocol.exceptions.AlreadyClosedException: client-086CAD0936EE->n2 is closed. caused by AlreadyClosedException
[timer1] ERROR org.apache.ratis.client.impl.OrderedAsync -  client-B82A4DE85468: Failed* RaftClientRequest:client-B82A4DE85468->n2@group-D7F925094F13, cid=6, seq=2*, RW, Message:0801100118e6a3faa287...(size=19) due to java.util.concurrent.CompletionException: org.apache.ratis.protocol.exceptions.AlreadyClosedException: client-B82A4DE85468->n2 is closed. caused by AlreadyClosedException
[grpc-default-executor-5] INFO io.github.lamspace.openlatch.server.raft.ReplicationGateway - leadership changed on node 1: leader=false
[grpc-default-executor-5] INFO org.apache.ratis.server.RaftServer$Division - n1@group-D7F925094F13: change Leader from null to n2 at term 2 for APPEND_ENTRIES, leader elected after 12322ms
[grpc-default-executor-1] ERROR org.apache.ratis.client.impl.OrderedAsync -  client-B82A4DE85468: Failed* RaftClientRequest:client-B82A4DE85468->n1@group-D7F925094F13, cid=6, seq=2*, RW, Message:0801100118e6a3faa287...(size=19) due to java.util.concurrent.CompletionException: org.apache.ratis.protocol.exceptions.NotLeaderException: Server n1@group-D7F925094F13 is not the leader, suggested leader is: n2|127.0.0.1:37717 caused by NotLeaderException
[grpc-default-executor-5] INFO org.apache.ratis.server.RaftServer$Division - n1@group-D7F925094F13: Failed appendEntries, previous log entry (t:1, i:20) not found
[grpc-default-executor-2] ERROR org.apache.ratis.client.impl.OrderedAsync -  client-086CAD0936EE: Failed* RaftClientRequest:client-086CAD0936EE->n3@group-D7F925094F13, cid=34, seq=2*, RW, Message:0801100218b9e0faa287...(size=19) due to java.util.concurrent.CompletionException: org.apache.ratis.protocol.exceptions.NotLeaderException: Server n3@group-D7F925094F13 is not the leader, suggested leader is: n2|127.0.0.1:37717 caused by NotLeaderException
[grpc-default-executor-5] INFO org.apache.ratis.server.RaftServer$Division - n1@group-D7F925094F13: appendEntries* reply n2<-n1#0:FAIL-t2,INCONSISTENCY,nextIndex=17,followerCommit=15,matchIndex=-1
[grpc-default-executor-4] INFO org.apache.ratis.server.RaftServer$Division - n1@group-D7F925094F13: Failed appendEntries, previous log entry (t:1, i:20) not found
[grpc-default-executor-4] INFO org.apache.ratis.server.RaftServer$Division - n1@group-D7F925094F13: appendEntries* reply n2<-n1#1:FAIL-t2,INCONSISTENCY,nextIndex=17,followerCommit=15,matchIndex=-1
[grpc-default-executor-5] INFO org.apache.ratis.server.RaftServer$Division - n1@group-D7F925094F13: set configuration conf: {index: 21, cur=peers:[n1|127.0.0.1:35699, n2|127.0.0.1:37717, n3|127.0.0.1:46107]|listeners:[], old=null}
[n1-server-thread1] INFO org.apache.ratis.server.raftlog.segmented.SegmentedRaftLogWorker - n1@group-D7F925094F13-SegmentedRaftLogWorker: Rolling segment log-0_20 to index:20
[grpc-default-executor-4] ERROR org.apache.ratis.client.impl.OrderedAsync -  client-B82A4DE85468: Failed* RaftClientRequest:client-B82A4DE85468->n3@group-D7F925094F13, cid=6, seq=2*, RW, Message:0801100118e6a3faa287...(size=19) due to java.util.concurrent.CompletionException: org.apache.ratis.protocol.exceptions.NotLeaderException: Server n3@group-D7F925094F13 is not the leader, suggested leader is: n2|127.0.0.1:37717 caused by NotLeaderException
[n1@group-D7F925094F13-SegmentedRaftLogWorker] INFO org.apache.ratis.server.raftlog.segmented.SegmentedRaftLogWorker - n1@group-D7F925094F13-SegmentedRaftLogWorker: Rolled log segment from /tmp/openlatch-roll-node-2211255187187984445/f0c77938-3a50-35c5-9d0a-d7f925094f13/current/log_inprogress_0 to /tmp/openlatch-roll-node-2211255187187984445/f0c77938-3a50-35c5-9d0a-d7f925094f13/current/log_0-20
[timer5] ERROR org.apache.ratis.client.impl.OrderedAsync -  (Repeated 309 times in the last 5.010s) client-B82A4DE85468: Failed* RaftClientRequest:client-B82A4DE85468->n1@group-D7F925094F13, cid=6, seq=2*, RW, Message:0801100118e6a3faa287...(size=19) due to java.util.concurrent.CompletionException: org.apache.ratis.protocol.exceptions.NotLeaderException: Server n1@group-D7F925094F13 is not the leader caused by NotLeaderException
[n1@group-D7F925094F13-SegmentedRaftLogWorker] INFO org.apache.ratis.server.raftlog.segmented.BufferedWriteChannel - open log_inprogress_21 at position 0
[n1@group-D7F925094F13-SegmentedRaftLogWorker] INFO org.apache.ratis.server.raftlog.segmented.SegmentedRaftLogWorker - n1@group-D7F925094F13-SegmentedRaftLogWorker: created new log segment /tmp/openlatch-roll-node-2211255187187984445/f0c77938-3a50-35c5-9d0a-d7f925094f13/current/log_inprogress_21
[timer7] ERROR org.apache.ratis.client.impl.OrderedAsync -  (Repeated 107 times in the last 5.000s) client-B82A4DE85468: Failed* RaftClientRequest:client-B82A4DE85468->n2@group-D7F925094F13, cid=6, seq=2*, RW, Message:0801100118e6a3faa287...(size=19) due to java.util.concurrent.CompletionException: org.apache.ratis.protocol.exceptions.NotLeaderException: Server n2@group-D7F925094F13 is not the leader caused by NotLeaderException
[grpc-default-executor-2] ERROR org.apache.ratis.client.impl.OrderedAsync -  client-086CAD0936EE: Failed* RaftClientRequest:client-086CAD0936EE->n1@group-D7F925094F13, cid=34, seq=2*, RW, Message:0801100218b9e0faa287...(size=19) due to java.util.concurrent.CompletionException: org.apache.ratis.protocol.exceptions.NotLeaderException: Server n1@group-D7F925094F13 is not the leader, suggested leader is: n2|127.0.0.1:37717 caused by NotLeaderException
[grpc-default-executor-2] ERROR org.apache.ratis.client.impl.OrderedAsync -  client-4C25C81DF8A1: Failed* RaftClientRequest:client-4C25C81DF8A1->n1@group-D7F925094F13, cid=42, seq=2, RW, Message:0802100318dbf3faa287...(size=19) due to java.util.concurrent.CompletionException: org.apache.ratis.protocol.exceptions.NotLeaderException: Server n1@group-D7F925094F13 is not the leader, suggested leader is: n2|127.0.0.1:37717 caused by NotLeaderException
[timer7] ERROR org.apache.ratis.client.impl.OrderedAsync -  (Repeated 192 times in the last 5.001s) client-B82A4DE85468: Failed* RaftClientRequest:client-B82A4DE85468->n2@group-D7F925094F13, cid=6, seq=2*, RW, Message:0801100118e6a3faa287...(size=19)
java.util.concurrent.CompletionException: java.io.IOException: org.apache.ratis.thirdparty.io.grpc.StatusRuntimeException: UNAVAILABLE: io exception
	at java.base/java.util.concurrent.CompletableFuture.wrapInCompletionException(CompletableFuture.java:323)
	at java.base/java.util.concurrent.CompletableFuture.encodeThrowable(CompletableFuture.java:376)
	at java.base/java.util.concurrent.CompletableFuture.completeThrowable(CompletableFuture.java:391)
	at java.base/java.util.concurrent.CompletableFuture$UniAccept.tryFire(CompletableFuture.java:729)
	at java.base/java.util.concurrent.CompletableFuture.postComplete(CompletableFuture.java:531)
	at java.base/java.util.concurrent.CompletableFuture.completeExceptionally(CompletableFuture.java:2221)
	at org.apache.ratis.grpc.client.GrpcClientProtocolClient$AsyncStreamObservers.completeReplyExceptionally(GrpcClientProtocolClient.java:409)
	at org.apache.ratis.grpc.client.GrpcClientProtocolClient$AsyncStreamObservers.access$000(GrpcClientProtocolClient.java:308)
	at org.apache.ratis.grpc.client.GrpcClientProtocolClient$AsyncStreamObservers$1.onError(GrpcClientProtocolClient.java:339)
	at org.apache.ratis.thirdparty.io.grpc.stub.ClientCalls$StreamObserverToCallListenerAdapter.onClose(ClientCalls.java:581)
	at org.apache.ratis.thirdparty.io.grpc.PartialForwardingClientCallListener.onClose(PartialForwardingClientCallListener.java:39)
	at org.apache.ratis.thirdparty.io.grpc.ForwardingClientCallListener.onClose(ForwardingClientCallListener.java:23)
	at org.apache.ratis.grpc.metrics.intercept.client.MetricClientCallListener.onClose(MetricClientCallListener.java:47)
	at org.apache.ratis.thirdparty.io.grpc.internal.DelayedClientCall$DelayedListener$3.run(DelayedClientCall.java:553)
	at org.apache.ratis.thirdparty.io.grpc.internal.DelayedClientCall$DelayedListener.delayOrExecute(DelayedClientCall.java:482)
	at org.apache.ratis.thirdparty.io.grpc.internal.DelayedClientCall$DelayedListener.onClose(DelayedClientCall.java:537)
	at org.apache.ratis.thirdparty.io.grpc.internal.ClientCallImpl.closeObserver(ClientCallImpl.java:566)
	at org.apache.ratis.thirdparty.io.grpc.internal.ClientCallImpl.access$100(ClientCallImpl.java:72)
	at org.apache.ratis.thirdparty.io.grpc.internal.ClientCallImpl$ClientStreamListenerImpl$1StreamClosed.runInternal(ClientCallImpl.java:734)
	at org.apache.ratis.thirdparty.io.grpc.internal.ClientCallImpl$ClientStreamListenerImpl$1StreamClosed.runInContext(ClientCallImpl.java:715)
	at org.apache.ratis.thirdparty.io.grpc.internal.ContextRunnable.run(ContextRunnable.java:37)
	at org.apache.ratis.thirdparty.io.grpc.internal.SerializingExecutor.run(SerializingExecutor.java:133)
	at java.base/java.util.concurrent.ThreadPoolExecutor.runWorker(ThreadPoolExecutor.java:1090)
	at java.base/java.util.concurrent.ThreadPoolExecutor$Worker.run(ThreadPoolExecutor.java:614)
	at java.base/java.lang.Thread.run(Thread.java:1474)
Caused by: java.io.IOException: org.apache.ratis.thirdparty.io.grpc.StatusRuntimeException: UNAVAILABLE: io exception
	at org.apache.ratis.grpc.GrpcUtil.unwrapException(GrpcUtil.java:117)
	at org.apache.ratis.grpc.GrpcUtil.unwrapIOException(GrpcUtil.java:179)
	at org.apache.ratis.grpc.client.GrpcClientProtocolClient$AsyncStreamObservers$1.onError(GrpcClientProtocolClient.java:338)
	... 16 more
Caused by: org.apache.ratis.thirdparty.io.grpc.StatusRuntimeException: UNAVAILABLE: io exception
	at org.apache.ratis.thirdparty.io.grpc.Status.asRuntimeException(Status.java:532)
	... 16 more
Caused by: org.apache.ratis.thirdparty.io.netty.channel.AbstractChannel$AnnotatedConnectException: finishConnect(..) failed with error(-111): 连接被拒绝: /127.0.0.1:37717
Caused by: java.net.ConnectException: finishConnect(..) failed with error(-111): 连接被拒绝
	at org.apache.ratis.thirdparty.io.netty.channel.unix.Errors.newConnectException0(Errors.java:166)
	at org.apache.ratis.thirdparty.io.netty.channel.unix.Errors.handleConnectErrno(Errors.java:131)
	at org.apache.ratis.thirdparty.io.netty.channel.unix.Socket.finishConnect(Socket.java:359)
	at org.apache.ratis.thirdparty.io.netty.channel.epoll.AbstractEpollChannel$AbstractEpollUnsafe.doFinishConnect(AbstractEpollChannel.java:715)
	at org.apache.ratis.thirdparty.io.netty.channel.epoll.AbstractEpollChannel$AbstractEpollUnsafe.finishConnect(AbstractEpollChannel.java:692)
	at org.apache.ratis.thirdparty.io.netty.channel.epoll.AbstractEpollChannel$AbstractEpollUnsafe.epollOutReady(AbstractEpollChannel.java:567)
	at org.apache.ratis.thirdparty.io.netty.channel.epoll.EpollEventLoop.processReady(EpollEventLoop.java:491)
	at org.apache.ratis.thirdparty.io.netty.channel.epoll.EpollEventLoop.run(EpollEventLoop.java:399)
	at org.apache.ratis.thirdparty.io.netty.util.concurrent.SingleThreadEventExecutor$4.run(SingleThreadEventExecutor.java:1007)
	at org.apache.ratis.thirdparty.io.netty.util.internal.ThreadExecutorMap$2.run(ThreadExecutorMap.java:74)
	at org.apache.ratis.thirdparty.io.netty.util.concurrent.FastThreadLocalRunnable.run(FastThreadLocalRunnable.java:30)
	at java.base/java.lang.Thread.run(Thread.java:1474)
[timer6] ERROR org.apache.ratis.client.impl.OrderedAsync -  (Repeated 102 times in the last 5.000s) client-B82A4DE85468: Failed* RaftClientRequest:client-B82A4DE85468->n3@group-D7F925094F13, cid=6, seq=2*, RW, Message:0801100118e6a3faa287...(size=19) due to java.util.concurrent.CompletionException: org.apache.ratis.protocol.exceptions.NotLeaderException: Server n3@group-D7F925094F13 is not the leader caused by NotLeaderException
[timer3] ERROR org.apache.ratis.client.impl.OrderedAsync -  (Repeated 79 times in the last 5.000s) client-086CAD0936EE: Failed* RaftClientRequest:client-086CAD0936EE->n1@group-D7F925094F13, cid=34, seq=2*, RW, Message:0801100218b9e0faa287...(size=19) due to java.util.concurrent.CompletionException: org.apache.ratis.protocol.exceptions.NotLeaderException: Server n1@group-D7F925094F13 is not the leader caused by NotLeaderException
[timer6] ERROR org.apache.ratis.client.impl.OrderedAsync -  (Repeated 55 times in the last 5.001s) client-086CAD0936EE: Failed* RaftClientRequest:client-086CAD0936EE->n2@group-D7F925094F13, cid=34, seq=2*, RW, Message:0801100218b9e0faa287...(size=19)
java.util.concurrent.CompletionException: java.io.IOException: org.apache.ratis.thirdparty.io.grpc.StatusRuntimeException: UNAVAILABLE: io exception
	at java.base/java.util.concurrent.CompletableFuture.wrapInCompletionException(CompletableFuture.java:323)
	at java.base/java.util.concurrent.CompletableFuture.encodeThrowable(CompletableFuture.java:376)
	at java.base/java.util.concurrent.CompletableFuture.completeThrowable(CompletableFuture.java:391)
	at java.base/java.util.concurrent.CompletableFuture$UniAccept.tryFire(CompletableFuture.java:729)
	at java.base/java.util.concurrent.CompletableFuture.postComplete(CompletableFuture.java:531)
	at java.base/java.util.concurrent.CompletableFuture.completeExceptionally(CompletableFuture.java:2221)
	at org.apache.ratis.grpc.client.GrpcClientProtocolClient$AsyncStreamObservers.completeReplyExceptionally(GrpcClientProtocolClient.java:409)
	at org.apache.ratis.grpc.client.GrpcClientProtocolClient$AsyncStreamObservers.access$000(GrpcClientProtocolClient.java:308)
	at org.apache.ratis.grpc.client.GrpcClientProtocolClient$AsyncStreamObservers$1.onError(GrpcClientProtocolClient.java:339)
	at org.apache.ratis.thirdparty.io.grpc.stub.ClientCalls$StreamObserverToCallListenerAdapter.onClose(ClientCalls.java:581)
	at org.apache.ratis.thirdparty.io.grpc.PartialForwardingClientCallListener.onClose(PartialForwardingClientCallListener.java:39)
	at org.apache.ratis.thirdparty.io.grpc.ForwardingClientCallListener.onClose(ForwardingClientCallListener.java:23)
	at org.apache.ratis.grpc.metrics.intercept.client.MetricClientCallListener.onClose(MetricClientCallListener.java:47)
	at org.apache.ratis.thirdparty.io.grpc.internal.DelayedClientCall$DelayedListener$3.run(DelayedClientCall.java:553)
	at org.apache.ratis.thirdparty.io.grpc.internal.DelayedClientCall$DelayedListener.delayOrExecute(DelayedClientCall.java:482)
	at org.apache.ratis.thirdparty.io.grpc.internal.DelayedClientCall$DelayedListener.onClose(DelayedClientCall.java:537)
	at org.apache.ratis.thirdparty.io.grpc.internal.ClientCallImpl.closeObserver(ClientCallImpl.java:566)
	at org.apache.ratis.thirdparty.io.grpc.internal.ClientCallImpl.access$100(ClientCallImpl.java:72)
	at org.apache.ratis.thirdparty.io.grpc.internal.ClientCallImpl$ClientStreamListenerImpl$1StreamClosed.runInternal(ClientCallImpl.java:734)
	at org.apache.ratis.thirdparty.io.grpc.internal.ClientCallImpl$ClientStreamListenerImpl$1StreamClosed.runInContext(ClientCallImpl.java:715)
	at org.apache.ratis.thirdparty.io.grpc.internal.ContextRunnable.run(ContextRunnable.java:37)
	at org.apache.ratis.thirdparty.io.grpc.internal.SerializingExecutor.run(SerializingExecutor.java:133)
	at java.base/java.util.concurrent.ThreadPoolExecutor.runWorker(ThreadPoolExecutor.java:1090)
	at java.base/java.util.concurrent.ThreadPoolExecutor$Worker.run(ThreadPoolExecutor.java:614)
	at java.base/java.lang.Thread.run(Thread.java:1474)
Caused by: java.io.IOException: org.apache.ratis.thirdparty.io.grpc.StatusRuntimeException: UNAVAILABLE: io exception
	at org.apache.ratis.grpc.GrpcUtil.unwrapException(GrpcUtil.java:117)
	at org.apache.ratis.grpc.GrpcUtil.unwrapIOException(GrpcUtil.java:179)
	at org.apache.ratis.grpc.client.GrpcClientProtocolClient$AsyncStreamObservers$1.onError(GrpcClientProtocolClient.java:338)
	... 16 more
Caused by: org.apache.ratis.thirdparty.io.grpc.StatusRuntimeException: UNAVAILABLE: io exception
	at org.apache.ratis.thirdparty.io.grpc.Status.asRuntimeException(Status.java:532)
	... 16 more
Caused by: org.apache.ratis.thirdparty.io.netty.channel.AbstractChannel$AnnotatedConnectException: finishConnect(..) failed with error(-111): 连接被拒绝: /127.0.0.1:37717
Caused by: java.net.ConnectException: finishConnect(..) failed with error(-111): 连接被拒绝
	at org.apache.ratis.thirdparty.io.netty.channel.unix.Errors.newConnectException0(Errors.java:166)
	at org.apache.ratis.thirdparty.io.netty.channel.unix.Errors.handleConnectErrno(Errors.java:131)
	at org.apache.ratis.thirdparty.io.netty.channel.unix.Socket.finishConnect(Socket.java:359)
	at org.apache.ratis.thirdparty.io.netty.channel.epoll.AbstractEpollChannel$AbstractEpollUnsafe.doFinishConnect(AbstractEpollChannel.java:715)
	at org.apache.ratis.thirdparty.io.netty.channel.epoll.AbstractEpollChannel$AbstractEpollUnsafe.finishConnect(AbstractEpollChannel.java:692)
	at org.apache.ratis.thirdparty.io.netty.channel.epoll.AbstractEpollChannel$AbstractEpollUnsafe.epollOutReady(AbstractEpollChannel.java:567)
	at org.apache.ratis.thirdparty.io.netty.channel.epoll.EpollEventLoop.processReady(EpollEventLoop.java:491)
	at org.apache.ratis.thirdparty.io.netty.channel.epoll.EpollEventLoop.run(EpollEventLoop.java:399)
	at org.apache.ratis.thirdparty.io.netty.util.concurrent.SingleThreadEventExecutor$4.run(SingleThreadEventExecutor.java:1007)
	at org.apache.ratis.thirdparty.io.netty.util.internal.ThreadExecutorMap$2.run(ThreadExecutorMap.java:74)
	at org.apache.ratis.thirdparty.io.netty.util.concurrent.FastThreadLocalRunnable.run(FastThreadLocalRunnable.java:30)
	at java.base/java.lang.Thread.run(Thread.java:1474)
[timer2] ERROR org.apache.ratis.client.impl.OrderedAsync -  (Repeated 79 times in the last 5.000s) client-086CAD0936EE: Failed* RaftClientRequest:client-086CAD0936EE->n3@group-D7F925094F13, cid=34, seq=2*, RW, Message:0801100218b9e0faa287...(size=19) due to java.util.concurrent.CompletionException: org.apache.ratis.protocol.exceptions.NotLeaderException: Server n3@group-D7F925094F13 is not the leader caused by NotLeaderException
[timer4] ERROR org.apache.ratis.client.impl.OrderedAsync -  (Repeated 16 times in the last 5.001s) client-086CAD0936EE: Failed* RaftClientRequest:client-086CAD0936EE->n2@group-D7F925094F13, cid=34, seq=2*, RW, Message:0801100218b9e0faa287...(size=19) due to java.util.concurrent.CompletionException: org.apache.ratis.protocol.exceptions.NotLeaderException: Server n2@group-D7F925094F13 is not the leader caused by NotLeaderException
[timer5] ERROR org.apache.ratis.client.impl.OrderedAsync -  (Repeated 9 times in the last 5.002s) client-B82A4DE85468: Failed* RaftClientRequest:client-B82A4DE85468->n2@group-D7F925094F13, cid=6, seq=2*, RW, Message:0801100118e6a3faa287...(size=19)
java.util.concurrent.CompletionException: org.apache.ratis.protocol.exceptions.LeaderNotReadyException: n2@group-D7F925094F13 is in LEADER state but not ready yet.
	at java.base/java.util.concurrent.CompletableFuture.wrapInCompletionException(CompletableFuture.java:323)
	at java.base/java.util.concurrent.CompletableFuture.encodeThrowable(CompletableFuture.java:376)
	at java.base/java.util.concurrent.CompletableFuture.completeThrowable(CompletableFuture.java:391)
	at java.base/java.util.concurrent.CompletableFuture$UniAccept.tryFire(CompletableFuture.java:729)
	at java.base/java.util.concurrent.CompletableFuture.postComplete(CompletableFuture.java:531)
	at java.base/java.util.concurrent.CompletableFuture.completeExceptionally(CompletableFuture.java:2221)
	at org.apache.ratis.grpc.client.GrpcClientProtocolClient$AsyncStreamObservers.completeReplyExceptionally(GrpcClientProtocolClient.java:409)
	at org.apache.ratis.grpc.client.GrpcClientProtocolClient$AsyncStreamObservers.access$000(GrpcClientProtocolClient.java:308)
	at org.apache.ratis.grpc.client.GrpcClientProtocolClient$AsyncStreamObservers$1.onNext(GrpcClientProtocolClient.java:327)
	at org.apache.ratis.grpc.client.GrpcClientProtocolClient$AsyncStreamObservers$1.onNext(GrpcClientProtocolClient.java:313)
	at org.apache.ratis.thirdparty.io.grpc.stub.ClientCalls$StreamObserverToCallListenerAdapter.onMessage(ClientCalls.java:568)
	at org.apache.ratis.thirdparty.io.grpc.ForwardingClientCallListener.onMessage(ForwardingClientCallListener.java:33)
	at org.apache.ratis.thirdparty.io.grpc.internal.ClientCallImpl$ClientStreamListenerImpl$1MessagesAvailable.runInternal(ClientCallImpl.java:662)
	at org.apache.ratis.thirdparty.io.grpc.internal.ClientCallImpl$ClientStreamListenerImpl$1MessagesAvailable.runInContext(ClientCallImpl.java:649)
	at org.apache.ratis.thirdparty.io.grpc.internal.ContextRunnable.run(ContextRunnable.java:37)
	at org.apache.ratis.thirdparty.io.grpc.internal.SerializingExecutor.run(SerializingExecutor.java:133)
	at java.base/java.util.concurrent.ThreadPoolExecutor.runWorker(ThreadPoolExecutor.java:1090)
	at java.base/java.util.concurrent.ThreadPoolExecutor$Worker.run(ThreadPoolExecutor.java:614)
	at java.base/java.lang.Thread.run(Thread.java:1474)
Caused by: org.apache.ratis.protocol.exceptions.LeaderNotReadyException: n2@group-D7F925094F13 is in LEADER state but not ready yet.
	at org.apache.ratis.client.impl.ClientProtoUtils.toRaftClientReply(ClientProtoUtils.java:421)
	at org.apache.ratis.grpc.client.GrpcClientProtocolClient$AsyncStreamObservers$1.onNext(GrpcClientProtocolClient.java:318)
	... 10 more
[timer6] ERROR org.apache.ratis.client.impl.OrderedAsync -  (Repeated 9 times in the last 5.000s) client-086CAD0936EE: Failed* RaftClientRequest:client-086CAD0936EE->n2@group-D7F925094F13, cid=34, seq=2*, RW, Message:0801100218b9e0faa287...(size=19)
java.util.concurrent.CompletionException: org.apache.ratis.protocol.exceptions.LeaderNotReadyException: n2@group-D7F925094F13 is in LEADER state but not ready yet.
	at java.base/java.util.concurrent.CompletableFuture.wrapInCompletionException(CompletableFuture.java:323)
	at java.base/java.util.concurrent.CompletableFuture.encodeThrowable(CompletableFuture.java:376)
	at java.base/java.util.concurrent.CompletableFuture.completeThrowable(CompletableFuture.java:391)
	at java.base/java.util.concurrent.CompletableFuture$UniAccept.tryFire(CompletableFuture.java:729)
	at java.base/java.util.concurrent.CompletableFuture.postComplete(CompletableFuture.java:531)
	at java.base/java.util.concurrent.CompletableFuture.completeExceptionally(CompletableFuture.java:2221)
	at org.apache.ratis.grpc.client.GrpcClientProtocolClient$AsyncStreamObservers.completeReplyExceptionally(GrpcClientProtocolClient.java:409)
	at org.apache.ratis.grpc.client.GrpcClientProtocolClient$AsyncStreamObservers.access$000(GrpcClientProtocolClient.java:308)
	at org.apache.ratis.grpc.client.GrpcClientProtocolClient$AsyncStreamObservers$1.onNext(GrpcClientProtocolClient.java:327)
	at org.apache.ratis.grpc.client.GrpcClientProtocolClient$AsyncStreamObservers$1.onNext(GrpcClientProtocolClient.java:313)
	at org.apache.ratis.thirdparty.io.grpc.stub.ClientCalls$StreamObserverToCallListenerAdapter.onMessage(ClientCalls.java:568)
	at org.apache.ratis.thirdparty.io.grpc.ForwardingClientCallListener.onMessage(ForwardingClientCallListener.java:33)
	at org.apache.ratis.thirdparty.io.grpc.internal.DelayedClientCall$DelayedListener.deliverMessage(DelayedClientCall.java:529)
	at org.apache.ratis.thirdparty.io.grpc.internal.DelayedClientCall$DelayedListener.onMessage(DelayedClientCall.java:513)
	at org.apache.ratis.thirdparty.io.grpc.internal.ClientCallImpl$ClientStreamListenerImpl$1MessagesAvailable.runInternal(ClientCallImpl.java:662)
	at org.apache.ratis.thirdparty.io.grpc.internal.ClientCallImpl$ClientStreamListenerImpl$1MessagesAvailable.runInContext(ClientCallImpl.java:649)
	at org.apache.ratis.thirdparty.io.grpc.internal.ContextRunnable.run(ContextRunnable.java:37)
	at org.apache.ratis.thirdparty.io.grpc.internal.SerializingExecutor.run(SerializingExecutor.java:133)
	at java.base/java.util.concurrent.ThreadPoolExecutor.runWorker(ThreadPoolExecutor.java:1090)
	at java.base/java.util.concurrent.ThreadPoolExecutor$Worker.run(ThreadPoolExecutor.java:614)
	at java.base/java.lang.Thread.run(Thread.java:1474)
Caused by: org.apache.ratis.protocol.exceptions.LeaderNotReadyException: n2@group-D7F925094F13 is in LEADER state but not ready yet.
	at org.apache.ratis.client.impl.ClientProtoUtils.toRaftClientReply(ClientProtoUtils.java:421)
	at org.apache.ratis.grpc.client.GrpcClientProtocolClient$AsyncStreamObservers$1.onNext(GrpcClientProtocolClient.java:318)
	... 12 more
[timer0] ERROR org.apache.ratis.client.impl.OrderedAsync -  (Repeated 9 times in the last 5.000s) client-086CAD0936EE: Failed* RaftClientRequest:client-086CAD0936EE->n2@group-D7F925094F13, cid=34, seq=2*, RW, Message:0801100218b9e0faa287...(size=19) due to java.util.concurrent.CompletionException: org.apache.ratis.protocol.exceptions.AlreadyClosedException: client-086CAD0936EE->n2 is closed. caused by AlreadyClosedException
[timer2] ERROR org.apache.ratis.client.impl.OrderedAsync -  (Repeated 9 times in the last 5.001s) client-B82A4DE85468: Failed* RaftClientRequest:client-B82A4DE85468->n2@group-D7F925094F13, cid=6, seq=2*, RW, Message:0801100118e6a3faa287...(size=19) due to java.util.concurrent.CompletionException: org.apache.ratis.protocol.exceptions.AlreadyClosedException: client-B82A4DE85468->n2 is closed. caused by AlreadyClosedException
[timer7] ERROR org.apache.ratis.client.impl.OrderedAsync -  (Repeated 2 times in the last 5.000s) client-B82A4DE85468: Failed* RaftClientRequest:client-B82A4DE85468->n1@group-D7F925094F13, cid=6, seq=2*, RW, Message:0801100118e6a3faa287...(size=19) due to java.util.concurrent.CompletionException: org.apache.ratis.protocol.exceptions.NotLeaderException: Server n1@group-D7F925094F13 is not the leader, suggested leader is: n2|127.0.0.1:37717 caused by NotLeaderException
[timer1] ERROR org.apache.ratis.client.impl.OrderedAsync -  (Repeated 5 times in the last 5.002s) client-086CAD0936EE: Failed* RaftClientRequest:client-086CAD0936EE->n3@group-D7F925094F13, cid=34, seq=2*, RW, Message:0801100218b9e0faa287...(size=19) due to java.util.concurrent.CompletionException: org.apache.ratis.protocol.exceptions.NotLeaderException: Server n3@group-D7F925094F13 is not the leader, suggested leader is: n2|127.0.0.1:37717 caused by NotLeaderException
[timer1] ERROR org.apache.ratis.client.impl.OrderedAsync -  (Repeated 4 times in the last 5.004s) client-B82A4DE85468: Failed* RaftClientRequest:client-B82A4DE85468->n3@group-D7F925094F13, cid=6, seq=2*, RW, Message:0801100118e6a3faa287...(size=19) due to java.util.concurrent.CompletionException: org.apache.ratis.protocol.exceptions.NotLeaderException: Server n3@group-D7F925094F13 is not the leader, suggested leader is: n2|127.0.0.1:37717 caused by NotLeaderException
