WARNING: A terminally deprecated method in sun.misc.Unsafe has been called
WARNING: sun.misc.Unsafe::allocateMemory has been called by io.netty.util.internal.PlatformDependent0$2 (file:/home/lam/workspace/OpenLatch/openlatch-server/target/openlatch-server-1.0-SNAPSHOT-executable.jar)
WARNING: Please consider reporting this to the maintainers of class io.netty.util.internal.PlatformDependent0$2
WARNING: sun.misc.Unsafe::allocateMemory will be removed in a future release
[main] INFO org.apache.ratis.server.RaftServer - Starting Apache Ratis Server -- RaftServerProxy n1
[main] INFO org.apache.ratis.server.RaftServer -                version: 3.3.0
[main] INFO org.apache.ratis.server.RaftServer -               revision: 4f4d3504f36151085d32224a200f23b3eae8d472
[main] INFO org.apache.ratis.server.RaftServer -                   java: Java HotSpot(TM) 64-Bit Server VM 25.0.3+9-LTS-195
[main] INFO org.apache.ratis.server.RaftServer -                   user: lam
[main] INFO org.apache.ratis.server.RaftServer -                 memory: max: 7.637 G, total: 496 M, free: 479.977 M
[main] INFO org.apache.ratis.server.RaftServer - raft.rpc.type = GRPC (default)
[main] INFO org.apache.ratis.grpc.GrpcConfigKeys - raft.grpc.admin.host = null (fallback to raft.grpc.server.host)
[main] INFO org.apache.ratis.grpc.GrpcConfigKeys - raft.grpc.admin.port = 33293 (fallback to raft.grpc.server.port)
[main] INFO org.apache.ratis.grpc.GrpcConfigKeys - raft.grpc.client.host = null (fallback to raft.grpc.server.host)
[main] INFO org.apache.ratis.grpc.GrpcConfigKeys - raft.grpc.client.port = 33293 (fallback to raft.grpc.server.port)
[main] INFO org.apache.ratis.grpc.GrpcConfigKeys - raft.grpc.server.port = 33293 (custom)
[main] INFO org.apache.ratis.grpc.server.GrpcServicesImpl - raft.grpc.message.size.max = 64MB (=67108864) (default)
[main] INFO org.apache.ratis.grpc.server.GrpcServicesImpl - raft.grpc.flow.control.window = 1MB (=1048576) (default)
[main] INFO org.apache.ratis.server.RaftServerConfigKeys - raft.server.rpc.request.timeout = 3000ms (default)
[main] INFO org.apache.ratis.grpc.GrpcConfigKeys - raft.grpc.server.heartbeat.channel = true (default)
[main] INFO org.apache.ratis.grpc.GrpcConfigKeys - raft.grpc.server.stub.pool.size = 1 (default)
[main] INFO org.apache.ratis.server.RaftServerConfigKeys - raft.server.log.appender.buffer.byte-limit = 4MB (=4194304) (default)
[main] INFO org.apache.ratis.grpc.GrpcConfigKeys - raft.grpc.use-epoll = true (default)
[main] INFO org.apache.ratis.grpc.GrpcConfigKeys - raft.grpc.server.boss-group.size = 0 (default)
[main] INFO org.apache.ratis.grpc.GrpcConfigKeys - raft.grpc.server.worker-group.size = 0 (default)
[main] INFO org.apache.ratis.grpc.GrpcConfigKeys - raft.grpc.client.worker-group.size = 0 (default)
[main] INFO org.apache.ratis.grpc.GrpcConfigKeys - raft.grpc.server.async.request.thread.pool.cached = true (default)
[main] INFO org.apache.ratis.grpc.GrpcConfigKeys - raft.grpc.server.async.request.thread.pool.size = 32 (default)
WARNING: A restricted method in java.lang.System has been called
WARNING: java.lang.System::loadLibrary has been called by org.apache.ratis.thirdparty.io.netty.util.internal.NativeLibraryUtil in an unnamed module (file:/home/lam/workspace/OpenLatch/openlatch-server/target/openlatch-server-1.0-SNAPSHOT-executable.jar)
WARNING: Use --enable-native-access=ALL-UNNAMED to avoid a warning for callers in this module
WARNING: Restricted methods will be blocked in a future release unless native access is enabled

[main] INFO org.apache.ratis.server.impl.DataStreamServerImpl - raft.datastream.type = DISABLED (default)
[main] INFO org.apache.ratis.server.RaftServerConfigKeys - raft.server.sleep.deviation.threshold = 300ms (default)
[main] INFO org.apache.ratis.server.RaftServerConfigKeys - raft.server.close.threshold = 60s (default)
[main] INFO org.apache.ratis.server.RaftServerConfigKeys - raft.server.leaderelection.leader.step-down.wait-time = 10s (default)
[main] INFO org.apache.ratis.server.RaftServerConfigKeys - raft.server.storage.dir = [/tmp/openlatch-roll-node-12597469117877451175] (custom)
[main] INFO org.apache.ratis.server.RaftServerConfigKeys - raft.server.threadpool.proxy.cached = false (custom)
[main] INFO org.apache.ratis.server.RaftServerConfigKeys - raft.server.threadpool.proxy.size = 4 (custom)
[n1-impl-thread1] INFO org.apache.ratis.server.RaftServer - n1: found a subdirectory /tmp/openlatch-roll-node-12597469117877451175/f0c77938-3a50-35c5-9d0a-d7f925094f13
[main] INFO org.apache.ratis.server.RaftServer - n1: addNew group-D7F925094F13:[n1|127.0.0.1:33293, n2|127.0.0.1:43757, n3|127.0.0.1:34471] returns group-D7F925094F13:java.util.concurrent.CompletableFuture@7d322cad[Not completed]
[n1-groupManagement] INFO org.apache.ratis.server.RaftServer$Division - n1: new RaftServerImpl for group-D7F925094F13:[n1|127.0.0.1:33293, n2|127.0.0.1:43757, n3|127.0.0.1:34471] with LockStateMachine-1:uninitialized
[n1-groupManagement] INFO org.apache.ratis.server.RaftServerConfigKeys - raft.server.rpc.timeout.min = 400ms (custom)
[n1-groupManagement] INFO org.apache.ratis.server.RaftServerConfigKeys - raft.server.rpc.timeout.max = 800ms (custom)
[n1-groupManagement] INFO org.apache.ratis.server.RaftServerConfigKeys - raft.server.rpc.sleep.time = 25ms (default)
[n1-groupManagement] INFO org.apache.ratis.server.RaftServerConfigKeys - raft.server.rpc.slowness.timeout = 60s (default)
[n1-groupManagement] INFO org.apache.ratis.server.RaftServerConfigKeys - raft.server.leaderelection.member.majority-add = false (default)
[n1-groupManagement] INFO org.apache.ratis.server.RaftServer$Division - n1@group-D7F925094F13: ConfigurationManager, init=conf: {index: -1, cur=peers:[n1|127.0.0.1:33293, n2|127.0.0.1:43757, n3|127.0.0.1:34471]|listeners:[], old=null}, confs=<EMPTY_MAP>
[n1-groupManagement] INFO org.apache.ratis.server.RaftServerConfigKeys - raft.server.notification.no-leader.timeout = 60s (default)
[n1-groupManagement] INFO org.apache.ratis.server.RaftServerConfigKeys - raft.server.read.timeout = 10s (default)
[n1-groupManagement] INFO org.apache.ratis.server.RaftServerConfigKeys - raft.server.retrycache.expirytime = 60s (default)
[n1-groupManagement] INFO org.apache.ratis.server.RaftServerConfigKeys - raft.server.retrycache.statistics.expirytime = 100ms (default)
[n1-groupManagement] INFO org.apache.ratis.server.RaftServerConfigKeys - raft.server.read.option = DEFAULT (default)
[n1-groupManagement] INFO org.apache.ratis.server.RaftServerConfigKeys - raft.server.read.read-after-write-consistent.write-index-cache.expiry-time = 60s (default)
[n1-groupManagement] INFO org.apache.ratis.server.RaftServerConfigKeys - raft.server.log.appender.install.snapshot.enabled = true (default)
[n1-groupManagement] INFO org.apache.ratis.server.RaftServerConfigKeys - raft.server.log.append-entries.compose.enabled = true (default)
[n1-groupManagement] INFO org.apache.ratis.server.RaftServerConfigKeys - raft.server.threadpool.server.cached = false (custom)
[n1-groupManagement] INFO org.apache.ratis.server.RaftServerConfigKeys - raft.server.threadpool.server.size = 4 (custom)
[n1-groupManagement] INFO org.apache.ratis.server.RaftServerConfigKeys - raft.server.threadpool.client.cached = false (custom)
[n1-groupManagement] INFO org.apache.ratis.server.RaftServerConfigKeys - raft.server.threadpool.client.size = 4 (custom)
[n1-impl-thread2] INFO org.apache.ratis.server.RaftServerConfigKeys - raft.server.storage.free-space.min = 0MB (=0) (default)
[n1-impl-thread2] INFO org.apache.ratis.server.RaftServerConfigKeys - raft.server.log.corruption.policy = EXCEPTION (default)
[n1-impl-thread2] INFO org.apache.ratis.server.storage.RaftStorageDirectory - Lock on /tmp/openlatch-roll-node-12597469117877451175/f0c77938-3a50-35c5-9d0a-d7f925094f13/in_use.lock acquired by nodename 44458@lam
[n1-impl-thread2] INFO org.apache.ratis.server.storage.RaftStorage - Read RaftStorageMetadata{term=2, votedFor=n2} from /tmp/openlatch-roll-node-12597469117877451175/f0c77938-3a50-35c5-9d0a-d7f925094f13/current/raft-meta
[n1-impl-thread2] INFO org.apache.ratis.server.RaftServer$Division - n1@group-D7F925094F13: set configuration conf: {index: 0, cur=peers:[n1|127.0.0.1:33293, n2|127.0.0.1:43757, n3|127.0.0.1:34471]|listeners:[], old=null}
[n1-impl-thread2] INFO io.github.lamspace.openlatch.server.raft.LockStateMachine - loaded snapshot at (t:1, i:14)
[n1-impl-thread2] INFO org.apache.ratis.server.RaftServerConfigKeys - raft.server.log.use.memory = false (default)
[n1-impl-thread2] INFO org.apache.ratis.server.RaftServer$Division - n1@group-D7F925094F13: getLatestSnapshot(LockStateMachine-1:n1:group-D7F925094F13) returns SingleFileSnapshotInfo(t:1, i:14):[/tmp/openlatch-roll-node-12597469117877451175/f0c77938-3a50-35c5-9d0a-d7f925094f13/sm/snapshot.1_14]
[n1-impl-thread2] INFO org.apache.ratis.server.raftlog.RaftLog - n1@group-D7F925094F13-SegmentedRaftLog: snapshotIndexFromStateMachine = 14
[n1-impl-thread2] INFO org.apache.ratis.server.RaftServerConfigKeys - raft.server.log.purge.gap = 1024 (default)
[n1-impl-thread2] INFO org.apache.ratis.server.RaftServerConfigKeys - raft.server.log.statemachine.data.read.timeout = 1000ms (default)
[n1-impl-thread2] INFO org.apache.ratis.server.RaftServerConfigKeys - raft.server.log.purge.preservation.log.num = 0 (default)
[n1-impl-thread2] INFO org.apache.ratis.server.RaftServerConfigKeys - raft.server.log.segment.size.max = 32MB (=33554432) (default)
[n1-impl-thread2] INFO org.apache.ratis.server.RaftServerConfigKeys - raft.server.log.segment.cache.num.max = 6 (default)
[n1-impl-thread2] INFO org.apache.ratis.server.RaftServerConfigKeys - raft.server.log.segment.cache.size.max = 200MB (=209715200) (default)
[n1-impl-thread2] INFO org.apache.ratis.util.AwaitToRun - Thread[#30,n1@group-D7F925094F13-cacheEviction-AwaitToRun,5,main] started
[n1-impl-thread2] INFO org.apache.ratis.server.raftlog.segmented.SegmentedRaftLogWorker - new n1@group-D7F925094F13-SegmentedRaftLogWorker for RaftStorageImpl:Storage Directory /tmp/openlatch-roll-node-12597469117877451175/f0c77938-3a50-35c5-9d0a-d7f925094f13
[n1-impl-thread2] INFO org.apache.ratis.server.RaftServerConfigKeys - raft.server.log.queue.byte-limit = 64MB (=67108864) (default)
[n1-impl-thread2] INFO org.apache.ratis.server.RaftServerConfigKeys - raft.server.log.queue.element-limit = 4096 (default)
[n1-impl-thread2] INFO org.apache.ratis.server.RaftServerConfigKeys - raft.server.log.preallocated.size = 4MB (=4194304) (default)
[n1-impl-thread2] INFO org.apache.ratis.server.RaftServerConfigKeys - raft.server.log.force.sync.num = 128 (default)
[n1-impl-thread2] INFO org.apache.ratis.server.RaftServerConfigKeys - raft.server.log.statemachine.data.sync = true (default)
[n1-impl-thread2] INFO org.apache.ratis.server.RaftServerConfigKeys - raft.server.log.statemachine.data.sync.timeout = 10s (default)
[n1-impl-thread2] INFO org.apache.ratis.server.RaftServerConfigKeys - raft.server.log.statemachine.data.sync.timeout.retry = -1 (default)
[n1-impl-thread2] INFO org.apache.ratis.server.RaftServerConfigKeys - raft.server.log.write.buffer.size = 8MB (=8388608) (default)
[n1-impl-thread2] INFO org.apache.ratis.server.RaftServerConfigKeys - raft.server.log.unsafe-flush.enabled = false (default)
[n1-impl-thread2] INFO org.apache.ratis.server.RaftServerConfigKeys - raft.server.log.async-flush.enabled = false (default)
[n1-impl-thread2] INFO org.apache.ratis.server.RaftServerConfigKeys - raft.server.log.statemachine.data.caching.enabled = false (default)
[n1-impl-thread2] INFO org.apache.ratis.server.RaftServerConfigKeys - raft.server.log.read.lock.enabled = true (default)
[n1-impl-thread2] INFO org.apache.ratis.server.RaftServer$Division - n1@group-D7F925094F13: set configuration conf: {index: 0, cur=peers:[n1|127.0.0.1:33293, n2|127.0.0.1:43757, n3|127.0.0.1:34471]|listeners:[], old=null}
[n1-impl-thread2] INFO org.apache.ratis.server.raftlog.segmented.LogSegment - Successfully read 15 entries from segment file /tmp/openlatch-roll-node-12597469117877451175/f0c77938-3a50-35c5-9d0a-d7f925094f13/current/log_0-14
[n1-impl-thread2] INFO org.apache.ratis.server.RaftServer$Division - n1@group-D7F925094F13: set configuration conf: {index: 15, cur=peers:[n1|127.0.0.1:33293, n2|127.0.0.1:43757, n3|127.0.0.1:34471]|listeners:[], old=null}
[n1-impl-thread2] INFO org.apache.ratis.server.raftlog.segmented.LogSegment - Successfully read 1 entries from segment file /tmp/openlatch-roll-node-12597469117877451175/f0c77938-3a50-35c5-9d0a-d7f925094f13/current/log_inprogress_15
[n1-impl-thread2] INFO org.apache.ratis.server.raftlog.segmented.SegmentedRaftLogWorker - n1@group-D7F925094F13-SegmentedRaftLogWorker: flushIndex: setUnconditionally 0 -> 15
[n1-impl-thread2] INFO org.apache.ratis.server.raftlog.segmented.SegmentedRaftLogWorker - n1@group-D7F925094F13-SegmentedRaftLogWorker: safeCacheEvictIndex: setUnconditionally 0 -> 14
[n1-impl-thread2] INFO org.apache.ratis.server.raftlog.segmented.BufferedWriteChannel - open log_inprogress_15 (append) at position 94
[n1-impl-thread2] INFO org.apache.ratis.server.RaftServer$Division - n1@group-D7F925094F13: start as a follower, conf=conf: {index: 15, cur=peers:[n1|127.0.0.1:33293, n2|127.0.0.1:43757, n3|127.0.0.1:34471]|listeners:[], old=null}
[n1-impl-thread2] INFO org.apache.ratis.server.RaftServer$Division - n1@group-D7F925094F13: changes role from      null to FOLLOWER at term 2 for startAsFollower
[n1-impl-thread2] INFO org.apache.ratis.server.impl.RoleInfo - n1: start n1@group-D7F925094F13-FollowerState
[n1@group-D7F925094F13-FollowerState] INFO org.apache.ratis.server.RaftServerConfigKeys - raft.server.rpc.first-election.timeout.min = 400ms (fallback to raft.server.rpc.timeout.min)
[n1@group-D7F925094F13-FollowerState] INFO org.apache.ratis.server.RaftServerConfigKeys - raft.server.rpc.first-election.timeout.max = 800ms (fallback to raft.server.rpc.timeout.max)
[n1-impl-thread2] INFO org.apache.ratis.util.JmxRegister - Successfully registered JMX Bean with object name Ratis:service=RaftServer,group=group-D7F925094F13,id=n1
[n1-impl-thread2] INFO org.apache.ratis.util.JmxRegister - register mxBean class org.apache.ratis.server.impl.RaftServerJmxAdapter as Ratis:service=RaftServer,group=group-D7F925094F13,id=n1
[n1-impl-thread2] INFO org.apache.ratis.server.RaftServerConfigKeys - raft.server.snapshot.trigger-when-stop.enabled = true (default)
[n1-impl-thread2] INFO org.apache.ratis.server.RaftServerConfigKeys - raft.server.snapshot.trigger-when-remove.enabled = true (default)
[n1-impl-thread2] INFO org.apache.ratis.server.RaftServerConfigKeys - raft.server.snapshot.auto.trigger.enabled = true (custom)
[n1-impl-thread2] INFO org.apache.ratis.server.RaftServerConfigKeys - raft.server.snapshot.auto.trigger.threshold = 1000000 (custom)
[n1-impl-thread2] INFO org.apache.ratis.server.RaftServerConfigKeys - raft.server.snapshot.retention.file.num = 2 (custom)
[n1-impl-thread2] INFO org.apache.ratis.server.RaftServerConfigKeys - raft.server.log.purge.upto.snapshot.index = true (custom)
[n1-impl-thread2] INFO org.apache.ratis.server.RaftServer$Division - n1@group-D7F925094F13: Successfully started.
[main] INFO org.apache.ratis.server.RaftServer - n1: start RPC server
[main] INFO org.apache.ratis.grpc.server.GrpcServicesImpl - n1: GrpcServicesImpl started, listening on 33293
[JvmPauseMonitor0] INFO org.apache.ratis.util.JvmPauseMonitor - JvmPauseMonitor-n1: Started
[main] INFO io.github.lamspace.openlatch.server.raft.RaftSubsystem - Raft subsystem started: self=n1, raftPort=33293, peers=[1@127.0.0.1:33293, 2@127.0.0.1:43757, 3@127.0.0.1:34471]
[main] INFO io.github.lamspace.openlatch.server.raft.ClusterRuntime - cluster runtime up: node=1, peers=[1@127.0.0.1:33293, 2@127.0.0.1:43757, 3@127.0.0.1:34471]
9月 06, 2026 9:55:07 上午 org.apache.ratis.thirdparty.io.grpc.netty.TcpMetrics loadEpollInfo
信息: Epoll available during static init of TcpMetrics:true
[main] INFO io.github.lamspace.openlatch.server.OpenLatchServer - OpenLatch server started: port=42039, protocolVersion=2, maxKeyLength=512, maxQueueDepthPerKey=4096, maxInflightPerConnection=1024, defaultLeaseMs=30000, clusterEnabled=true, clusterNodeId=1
[n1@group-D7F925094F13-FollowerState] INFO org.apache.ratis.server.impl.FollowerState - n1@group-D7F925094F13-FollowerState: change to CANDIDATE, lastRpcElapsedTime:539ms, electionTimeout:531ms
[n1@group-D7F925094F13-FollowerState] INFO org.apache.ratis.server.impl.RoleInfo - n1: shutdown n1@group-D7F925094F13-FollowerState
[n1@group-D7F925094F13-FollowerState] INFO org.apache.ratis.server.RaftServer$Division - n1@group-D7F925094F13: changes role from  FOLLOWER to CANDIDATE at term 2 for changeToCandidate
[n1@group-D7F925094F13-FollowerState] INFO org.apache.ratis.server.RaftServerConfigKeys - raft.server.leaderelection.pre-vote = true (default)
[n1@group-D7F925094F13-FollowerState] INFO org.apache.ratis.server.impl.RoleInfo - n1: start n1@group-D7F925094F13-LeaderElection1
[n1@group-D7F925094F13-LeaderElection1] INFO org.apache.ratis.server.impl.LeaderElection - n1@group-D7F925094F13-LeaderElection1 PRE_VOTE round 0: submit vote requests at term 2 for conf: {index: 15, cur=peers:[n1|127.0.0.1:33293, n2|127.0.0.1:43757, n3|127.0.0.1:34471]|listeners:[], old=null}
[n1@group-D7F925094F13-LeaderElection1] INFO org.apache.ratis.server.RaftServerConfigKeys - raft.server.rpc.first-election.timeout.min = 400ms (fallback to raft.server.rpc.timeout.min)
[n1@group-D7F925094F13-LeaderElection1] INFO org.apache.ratis.server.RaftServerConfigKeys - raft.server.rpc.first-election.timeout.max = 800ms (fallback to raft.server.rpc.timeout.max)
[n1@group-D7F925094F13-LeaderElection1-2] INFO org.apache.ratis.grpc.server.GrpcServerProtocolClient - Build channel for n3|127.0.0.1:34471
[n1@group-D7F925094F13-LeaderElection1-1] INFO org.apache.ratis.grpc.server.GrpcServerProtocolClient - Build channel for n2|127.0.0.1:43757
[n1@group-D7F925094F13-LeaderElection1] INFO org.apache.ratis.server.impl.LeaderElection - n1@group-D7F925094F13-LeaderElection1: PRE_VOTE PASSED received 2 response(s) and 0 exception(s):
[n1@group-D7F925094F13-LeaderElection1] INFO org.apache.ratis.server.impl.LeaderElection -   Response 0: n1<-n2#1:FAIL-t2-last:(t:2, i:25)
[n1@group-D7F925094F13-LeaderElection1] INFO org.apache.ratis.server.impl.LeaderElection -   Response 1: n1<-n3#2:OK-t2-last:(t:2, i:15)
[n1@group-D7F925094F13-LeaderElection1] INFO org.apache.ratis.server.impl.LeaderElection - n1@group-D7F925094F13-LeaderElection1 PRE_VOTE round 0: result PASSED
[n1@group-D7F925094F13-LeaderElection1] INFO org.apache.ratis.server.impl.LeaderElection - n1@group-D7F925094F13-LeaderElection1 ELECTION round 0: submit vote requests at term 3 for conf: {index: 15, cur=peers:[n1|127.0.0.1:33293, n2|127.0.0.1:43757, n3|127.0.0.1:34471]|listeners:[], old=null}
[n1@group-D7F925094F13-LeaderElection1] INFO org.apache.ratis.server.RaftServerConfigKeys - raft.server.rpc.first-election.timeout.min = 400ms (fallback to raft.server.rpc.timeout.min)
[n1@group-D7F925094F13-LeaderElection1] INFO org.apache.ratis.server.RaftServerConfigKeys - raft.server.rpc.first-election.timeout.max = 800ms (fallback to raft.server.rpc.timeout.max)
[n1@group-D7F925094F13-LeaderElection1] INFO org.apache.ratis.server.impl.LeaderElection - n1@group-D7F925094F13-LeaderElection1: ELECTION PASSED received 1 response(s) and 0 exception(s):
[n1@group-D7F925094F13-LeaderElection1] INFO org.apache.ratis.server.impl.LeaderElection -   Response 0: n1<-n3#4:OK-t3-last:(t:2, i:15)
[n1@group-D7F925094F13-LeaderElection1] INFO org.apache.ratis.server.impl.LeaderElection - n1@group-D7F925094F13-LeaderElection1 ELECTION round 0: result PASSED
[n1@group-D7F925094F13-LeaderElection1] INFO org.apache.ratis.server.impl.RoleInfo - n1: shutdown n1@group-D7F925094F13-LeaderElection1
[n1@group-D7F925094F13-LeaderElection1] INFO org.apache.ratis.server.RaftServer$Division - n1@group-D7F925094F13: changes role from CANDIDATE to LEADER at term 3 for changeToLeader
[n1@group-D7F925094F13-LeaderElection1] INFO org.apache.ratis.server.RaftServerConfigKeys - raft.server.staging.catchup.gap = 1000 (default)
[n1@group-D7F925094F13-LeaderElection1] INFO org.apache.ratis.server.RaftServerConfigKeys - raft.server.staging.timeout = 2400ms (fallback to raft.server.rpc.timeout.max)
[n1@group-D7F925094F13-LeaderElection1] INFO org.apache.ratis.server.RaftServerConfigKeys - raft.server.write.element-limit = 4096 (default)
[n1@group-D7F925094F13-LeaderElection1] INFO org.apache.ratis.server.RaftServerConfigKeys - raft.server.write.byte-limit = 64MB (=67108864) (default)
[n1@group-D7F925094F13-LeaderElection1] INFO org.apache.ratis.server.RaftServerConfigKeys - raft.server.watch.timeout = 10s (default)
[n1@group-D7F925094F13-LeaderElection1] INFO org.apache.ratis.server.RaftServerConfigKeys - raft.server.watch.timeout.denomination = 1s (default)
[n1@group-D7F925094F13-LeaderElection1] INFO org.apache.ratis.server.RaftServerConfigKeys - raft.server.watch.element-limit = 65536 (default)
[n1@group-D7F925094F13-LeaderElection1] INFO org.apache.ratis.server.RaftServerConfigKeys - raft.server.read.leader.lease.enabled = false (default)
[n1@group-D7F925094F13-LeaderElection1] INFO org.apache.ratis.server.RaftServerConfigKeys - raft.server.read.leader.lease.timeout.ratio = 0.9 (default)
[n1@group-D7F925094F13-LeaderElection1] INFO org.apache.ratis.server.RaftServerConfigKeys - raft.server.log.log-metadata.enabled = true (default)
[n1@group-D7F925094F13-LeaderElection1] INFO org.apache.ratis.server.RaftServerConfigKeys - raft.server.write.follower.gap.ratio.max = -1.0 (default)
[n1@group-D7F925094F13-LeaderElection1] INFO org.apache.ratis.server.RaftServerConfigKeys - raft.server.read.read-index.type = COMMIT_INDEX (default)
[n1@group-D7F925094F13-LeaderElection1] INFO org.apache.ratis.server.RaftServerConfigKeys - raft.server.read.leader.heartbeat-check.enabled = true (default)
[n1@group-D7F925094F13-LeaderElection1] INFO org.apache.ratis.server.RaftServerConfigKeys - raft.server.log.appender.snapshot.chunk.size.max = 16MB (=16777216) (default)
[n1@group-D7F925094F13-LeaderElection1] INFO org.apache.ratis.server.RaftServerConfigKeys - raft.server.log.appender.buffer.element-limit = 0 (default)
[n1@group-D7F925094F13-LeaderElection1] INFO org.apache.ratis.server.RaftServerConfigKeys - raft.server.log.appender.wait-time.min = 1ms (default)
[n1@group-D7F925094F13-LeaderElection1] INFO org.apache.ratis.grpc.GrpcConfigKeys - raft.grpc.server.leader.outstanding.appends.max = 8 (default)
[n1@group-D7F925094F13-LeaderElection1] INFO org.apache.ratis.grpc.GrpcConfigKeys - raft.grpc.server.install_snapshot.request.element-limit = 8 (default)
[n1@group-D7F925094F13-LeaderElection1] INFO org.apache.ratis.grpc.GrpcConfigKeys - raft.grpc.server.install_snapshot.request.timeout = 3000ms (default)
[n1@group-D7F925094F13-LeaderElection1] INFO org.apache.ratis.grpc.GrpcConfigKeys - raft.grpc.server.log-message.batch.duration = 5s (default)
[n1@group-D7F925094F13-LeaderElection1] INFO org.apache.ratis.server.impl.RoleInfo - n1: start n1@group-D7F925094F13-LeaderStateImpl
[n1@group-D7F925094F13-LeaderElection1] INFO org.apache.ratis.server.RaftServer$Division - n1@group-D7F925094F13: set firstElectionSinceStartup to false for becomeLeader
[n1@group-D7F925094F13-LeaderElection1] INFO io.github.lamspace.openlatch.server.raft.ReplicationGateway - leadership changed on node 1: leader=true
[n1@group-D7F925094F13-LeaderElection1] INFO org.apache.ratis.server.RaftServer$Division - n1@group-D7F925094F13: change Leader from null to n1 at term 3 for becomeLeader, leader elected after 2062ms
[n1@group-D7F925094F13-LeaderElection1] INFO org.apache.ratis.server.raftlog.segmented.SegmentedRaftLogWorker - n1@group-D7F925094F13-SegmentedRaftLogWorker: Rolling segment log-15_15 to index:15
[n1@group-D7F925094F13-SegmentedRaftLogWorker] INFO org.apache.ratis.server.raftlog.segmented.SegmentedRaftLogWorker - n1@group-D7F925094F13-SegmentedRaftLogWorker: Rolled log segment from /tmp/openlatch-roll-node-12597469117877451175/f0c77938-3a50-35c5-9d0a-d7f925094f13/current/log_inprogress_15 to /tmp/openlatch-roll-node-12597469117877451175/f0c77938-3a50-35c5-9d0a-d7f925094f13/current/log_15-15
[n1@group-D7F925094F13-LeaderElection1] INFO org.apache.ratis.server.RaftServer$Division - n1@group-D7F925094F13: set configuration conf: {index: 16, cur=peers:[n1|127.0.0.1:33293, n2|127.0.0.1:43757, n3|127.0.0.1:34471]|listeners:[], old=null}
[n1@group-D7F925094F13-SegmentedRaftLogWorker] INFO org.apache.ratis.server.raftlog.segmented.BufferedWriteChannel - open log_inprogress_16 at position 0
[n1@group-D7F925094F13-SegmentedRaftLogWorker] INFO org.apache.ratis.server.raftlog.segmented.SegmentedRaftLogWorker - n1@group-D7F925094F13-SegmentedRaftLogWorker: created new log segment /tmp/openlatch-roll-node-12597469117877451175/f0c77938-3a50-35c5-9d0a-d7f925094f13/current/log_inprogress_16
[n1@group-D7F925094F13-StateMachineUpdater] INFO org.apache.ratis.server.RaftServer$Division - Leader n1@group-D7F925094F13-LeaderStateImpl is ready since appliedIndex == startIndex == 16
[grpc-default-executor-0] WARN org.apache.ratis.grpc.server.GrpcLogAppender - n1@group-D7F925094F13->n2-AppendLogResponseHandler: received INCONSISTENCY reply with nextIndex 17, errorCount=1, request=AppendEntriesRequest:cid=1:entry=(t:3, i:16) 
[grpc-default-executor-0] INFO org.apache.ratis.server.leader.FollowerInfo - n1@group-D7F925094F13->n2: setNextIndex nextIndex: updateUnconditionally 28 -> 17
[grpc-default-executor-2] WARN org.apache.ratis.grpc.server.GrpcLogAppender - n1@group-D7F925094F13->n2-AppendLogResponseHandler: received INCONSISTENCY reply with nextIndex 16, errorCount=1, request=null 
[grpc-default-executor-2] INFO org.apache.ratis.server.leader.FollowerInfo - n1@group-D7F925094F13->n2: setNextIndex nextIndex: updateUnconditionally 30 -> 16
[grpc-default-executor-2] INFO org.apache.ratis.server.leader.FollowerInfo - n1@group-D7F925094F13->n2: setNextIndex nextIndex: updateUnconditionally 30 -> 16
[grpc-default-executor-2] WARN org.apache.ratis.grpc.server.GrpcLogAppender - n1@group-D7F925094F13->n2-AppendLogResponseHandler: received INCONSISTENCY reply with nextIndex 26, errorCount=1, request=null 
[grpc-default-executor-2] INFO org.apache.ratis.server.leader.FollowerInfo - n1@group-D7F925094F13->n2: setNextIndex nextIndex: updateUnconditionally 16 -> 26
[grpc-default-executor-1] INFO org.apache.ratis.server.leader.FollowerInfo - n1@group-D7F925094F13->n2: setNextIndex nextIndex: updateUnconditionally 33 -> 17
[grpc-default-executor-0] WARN org.apache.ratis.grpc.server.GrpcLogAppender - n1@group-D7F925094F13->n2-AppendLogResponseHandler: received INCONSISTENCY reply with nextIndex 25, errorCount=4, request=null 
[grpc-default-executor-0] INFO org.apache.ratis.server.leader.FollowerInfo - n1@group-D7F925094F13->n2: setNextIndex nextIndex: updateUnconditionally 17 -> 25
[grpc-default-executor-3] WARN org.apache.ratis.grpc.server.GrpcLogAppender - n1@group-D7F925094F13->n2-AppendLogResponseHandler: received INCONSISTENCY reply with nextIndex 24, errorCount=5, request=AppendEntriesRequest:cid=18:14 entries=(t:3, i:25)...(t:3, i:38) 
[grpc-default-executor-3] INFO org.apache.ratis.server.leader.FollowerInfo - n1@group-D7F925094F13->n2: setNextIndex nextIndex: updateUnconditionally 43 -> 24
[grpc-default-executor-3] INFO org.apache.ratis.server.leader.FollowerInfo - n1@group-D7F925094F13->n2: setNextIndex nextIndex: updateUnconditionally 43 -> 26
[grpc-default-executor-1] WARN org.apache.ratis.grpc.server.GrpcLogAppender - n1@group-D7F925094F13->n2-AppendLogResponseHandler: received INCONSISTENCY reply with nextIndex 23, errorCount=7, request=null 
[grpc-default-executor-1] INFO org.apache.ratis.server.leader.FollowerInfo - n1@group-D7F925094F13->n2: setNextIndex nextIndex: updateUnconditionally 43 -> 23
[grpc-default-executor-1] INFO org.apache.ratis.server.leader.FollowerInfo - n1@group-D7F925094F13->n2: setNextIndex nextIndex: updateUnconditionally 46 -> 25
[grpc-default-executor-1] WARN org.apache.ratis.grpc.server.GrpcLogAppender - n1@group-D7F925094F13->n2-AppendLogResponseHandler: received INCONSISTENCY reply with nextIndex 22, errorCount=9, request=null 
[grpc-default-executor-1] INFO org.apache.ratis.server.leader.FollowerInfo - n1@group-D7F925094F13->n2: setNextIndex nextIndex: updateUnconditionally 47 -> 22
[grpc-default-executor-2] INFO org.apache.ratis.server.leader.FollowerInfo - n1@group-D7F925094F13->n2: setNextIndex nextIndex: updateUnconditionally 47 -> 24
[grpc-default-executor-2] WARN org.apache.ratis.grpc.server.GrpcLogAppender - n1@group-D7F925094F13->n2-AppendLogResponseHandler: received INCONSISTENCY reply with nextIndex 21, errorCount=11, request=null 
[grpc-default-executor-2] INFO org.apache.ratis.server.leader.FollowerInfo - n1@group-D7F925094F13->n2: setNextIndex nextIndex: updateUnconditionally 50 -> 21
[grpc-default-executor-1] INFO org.apache.ratis.server.leader.FollowerInfo - n1@group-D7F925094F13->n2: setNextIndex nextIndex: updateUnconditionally 21 -> 23
[grpc-default-executor-1] WARN org.apache.ratis.grpc.server.GrpcLogAppender - n1@group-D7F925094F13->n3-AppendLogResponseHandler: Failed appendEntries: org.apache.ratis.thirdparty.io.grpc.StatusRuntimeException: CANCELLED: RST_STREAM closed stream. HTTP/2 error code: CANCEL
[grpc-default-executor-2] WARN org.apache.ratis.grpc.server.GrpcLogAppender - n1@group-D7F925094F13->n3-GrpcLogAppender: Follower failed (request=null, errorCount=1); keep nextIndex (50) unchanged and retry.
[grpc-default-executor-2] WARN org.apache.ratis.grpc.server.GrpcLogAppender - n1@group-D7F925094F13->n3-GrpcLogAppender: Follower failed (request=null, errorCount=7); keep nextIndex (51) unchanged and retry.
[grpc-default-executor-5] WARN org.apache.ratis.grpc.server.GrpcLogAppender - n1@group-D7F925094F13->n3-GrpcLogAppender: Follower failed (request=null, errorCount=9); keep nextIndex (52) unchanged and retry.
[grpc-default-executor-4] WARN org.apache.ratis.grpc.server.GrpcLogAppender - n1@group-D7F925094F13->n3-GrpcLogAppender: Follower failed (request=null, errorCount=11); keep nextIndex (53) unchanged and retry.
[grpc-default-executor-5] INFO org.apache.ratis.server.leader.FollowerInfo - n1@group-D7F925094F13->n2: setNextIndex nextIndex: updateUnconditionally 23 -> 22
[grpc-default-executor-4] INFO org.apache.ratis.server.RaftServer$Division - n1@group-D7F925094F13: receive requestVote(PRE_VOTE, n2, group-D7F925094F13, 3, (t:2, i:25))
[grpc-default-executor-4] WARN org.apache.ratis.server.RaftServer$Division - n1@group-D7F925094F13-LeaderStateImpl: Lost leadership on term: 3. Election timeout: 800ms. In charge for: 2049ms. Conf: conf: {index: 16, cur=peers:[n1|127.0.0.1:33293, n2|127.0.0.1:43757, n3|127.0.0.1:34471]|listeners:[], old=null}
[grpc-default-executor-4] WARN org.apache.ratis.server.RaftServer$Division - Follower n1@group-D7F925094F13->n2(c16,m-1,n22, caughtUp=true, lastRpcSendTime=997, lastRpcResponseTime=995)
[grpc-default-executor-4] WARN org.apache.ratis.server.RaftServer$Division - Follower n1@group-D7F925094F13->n3(c46,m49,n53, caughtUp=true, lastRpcSendTime=1298, lastRpcResponseTime=1616)
[grpc-default-executor-4] INFO org.apache.ratis.server.RaftServer$Division - n1@group-D7F925094F13: changes role from    LEADER to FOLLOWER at term 3 for StepDownReason:LOST_MAJORITY_HEARTBEATS
[grpc-default-executor-4] INFO org.apache.ratis.server.impl.RoleInfo - n1: shutdown n1@group-D7F925094F13-LeaderStateImpl
[n1@group-D7F925094F13->n3-GrpcLogAppender-LogAppenderDaemon] WARN org.apache.ratis.grpc.server.GrpcLogAppender - n1@group-D7F925094F13->n3-GrpcLogAppender is interrupted: java.lang.InterruptedException: sleep interrupted
[n1@group-D7F925094F13->n2-GrpcLogAppender-LogAppenderDaemon] WARN org.apache.ratis.grpc.server.GrpcLogAppender - n1@group-D7F925094F13->n2-GrpcLogAppender is interrupted: java.lang.InterruptedException: sleep interrupted
[grpc-default-executor-4] INFO org.apache.ratis.server.impl.PendingRequests - n1@group-D7F925094F13-PendingRequests: sendNotLeaderResponses
[grpc-default-executor-6] INFO org.apache.ratis.grpc.server.GrpcLogAppender - n1@group-D7F925094F13->n2-AppendLogResponseHandler: follower responses appendEntries COMPLETED
[grpc-default-executor-6] INFO org.apache.ratis.server.leader.LogAppender - Decrease nextIndex to 0
[grpc-default-executor-6] INFO org.apache.ratis.server.leader.LogAppender - Decrease nextIndex to 0
[grpc-default-executor-6] INFO org.apache.ratis.server.leader.FollowerInfo - n1@group-D7F925094F13->n2: computeNextIndex nextIndex: updateUnconditionally 22 -> 0
[grpc-default-executor-3] ERROR org.apache.ratis.client.impl.OrderedAsync -  client-5EB8545D30B0: Failed* RaftClientRequest:client-5EB8545D30B0->n1@group-D7F925094F13, cid=8, seq=2, RW, Message:0807100118fee8b4a387...(size=11) due to java.util.concurrent.CompletionException: org.apache.ratis.protocol.exceptions.NotLeaderException: Server n1@group-D7F925094F13 is not the leader caused by NotLeaderException
[grpc-default-executor-1] ERROR org.apache.ratis.client.impl.OrderedAsync -  client-68CE57CF4ECF: Failed* RaftClientRequest:client-68CE57CF4ECF->n1@group-D7F925094F13, cid=7, seq=2, RW, Message:08011002189ce9b4a387...(size=19) due to java.util.concurrent.CompletionException: org.apache.ratis.protocol.exceptions.NotLeaderException: Server n1@group-D7F925094F13 is not the leader caused by NotLeaderException
[grpc-default-executor-2] ERROR org.apache.ratis.client.impl.OrderedAsync -  client-7C17A780CAE5: Failed* RaftClientRequest:client-7C17A780CAE5->n1@group-D7F925094F13, cid=10, seq=2, RW, Message:08071003189defb4a387...(size=11) due to java.util.concurrent.CompletionException: org.apache.ratis.protocol.exceptions.NotLeaderException: Server n1@group-D7F925094F13 is not the leader caused by NotLeaderException
[grpc-default-executor-4] INFO org.apache.ratis.server.RaftServer$Division - n1@group-D7F925094F13: change Leader from n1 to null at term 3 for StepDownReason:LOST_MAJORITY_HEARTBEATS
[grpc-default-executor-4] INFO org.apache.ratis.server.impl.RoleInfo - n1: start n1@group-D7F925094F13-FollowerState
[grpc-default-executor-4] INFO org.apache.ratis.server.impl.VoteContext - n1@group-D7F925094F13-FOLLOWER: reject PRE_VOTE from n2: our last entry (t:3, i:53) > candidate's last entry (t:2, i:25)
[grpc-default-executor-4] INFO org.apache.ratis.server.RaftServer$Division - n1@group-D7F925094F13 replies to PRE_VOTE vote request: n2<-n1#22:FAIL-t3-last:(t:3, i:53). Peer's state: n1@group-D7F925094F13:t3, leader=null, voted=n1, raftlog=Memoized:n1@group-D7F925094F13-SegmentedRaftLog:OPENED:c49:last(t:3, i:53), conf=conf: {index: 16, cur=peers:[n1|127.0.0.1:33293, n2|127.0.0.1:43757, n3|127.0.0.1:34471]|listeners:[], old=null}
[grpc-default-executor-6] ERROR org.apache.ratis.client.impl.OrderedAsync -  client-68CE57CF4ECF: Failed* RaftClientRequest:client-68CE57CF4ECF->n3@group-D7F925094F13, cid=7, seq=2*, RW, Message:08011002189ce9b4a387...(size=19)
java.util.concurrent.CompletionException: java.io.IOException: org.apache.ratis.thirdparty.io.grpc.StatusRuntimeException: UNAVAILABLE: io exception
	at java.base/java.util.concurrent.CompletableFuture.wrapInCompletionException(CompletableFuture.java:323)
	at java.base/java.util.concurrent.CompletableFuture.encodeThrowable(CompletableFuture.java:376)
	at java.base/java.util.concurrent.CompletableFuture.completeThrowable(CompletableFuture.java:391)
	at java.base/java.util.concurrent.CompletableFuture$UniAccept.tryFire(CompletableFuture.java:729)
	at java.base/java.util.concurrent.CompletableFuture.postComplete(CompletableFuture.java:531)
	at java.base/java.util.concurrent.CompletableFuture.completeExceptionally(CompletableFuture.java:2221)
	at org.apache.ratis.grpc.client.GrpcClientProtocolClient$AsyncStreamObservers.completeReplyExceptionally(GrpcClientProtocolClient.java:409)
	at org.apache.ratis.grpc.client.GrpcClientProtocolClient$AsyncStreamObservers.access$000(GrpcClientProtocolClient.java:308)
	at org.apache.ratis.grpc.client.GrpcClientProtocolClient$AsyncStreamObservers$1.onError(GrpcClientProtocolClient.java:339)
	at org.apache.ratis.thirdparty.io.grpc.stub.ClientCalls$StreamObserverToCallListenerAdapter.onClose(ClientCalls.java:581)
	at org.apache.ratis.thirdparty.io.grpc.PartialForwardingClientCallListener.onClose(PartialForwardingClientCallListener.java:39)
	at org.apache.ratis.thirdparty.io.grpc.ForwardingClientCallListener.onClose(ForwardingClientCallListener.java:23)
	at org.apache.ratis.grpc.metrics.intercept.client.MetricClientCallListener.onClose(MetricClientCallListener.java:47)
	at org.apache.ratis.thirdparty.io.grpc.internal.ClientCallImpl.closeObserver(ClientCallImpl.java:566)
	at org.apache.ratis.thirdparty.io.grpc.internal.ClientCallImpl.access$100(ClientCallImpl.java:72)
	at org.apache.ratis.thirdparty.io.grpc.internal.ClientCallImpl$ClientStreamListenerImpl$1StreamClosed.runInternal(ClientCallImpl.java:734)
	at org.apache.ratis.thirdparty.io.grpc.internal.ClientCallImpl$ClientStreamListenerImpl$1StreamClosed.runInContext(ClientCallImpl.java:715)
	at org.apache.ratis.thirdparty.io.grpc.internal.ContextRunnable.run(ContextRunnable.java:37)
	at org.apache.ratis.thirdparty.io.grpc.internal.SerializingExecutor.run(SerializingExecutor.java:133)
	at java.base/java.util.concurrent.ThreadPoolExecutor.runWorker(ThreadPoolExecutor.java:1090)
	at java.base/java.util.concurrent.ThreadPoolExecutor$Worker.run(ThreadPoolExecutor.java:614)
	at java.base/java.lang.Thread.run(Thread.java:1474)
Caused by: java.io.IOException: org.apache.ratis.thirdparty.io.grpc.StatusRuntimeException: UNAVAILABLE: io exception
	at org.apache.ratis.grpc.GrpcUtil.unwrapException(GrpcUtil.java:117)
	at org.apache.ratis.grpc.GrpcUtil.unwrapIOException(GrpcUtil.java:179)
	at org.apache.ratis.grpc.client.GrpcClientProtocolClient$AsyncStreamObservers$1.onError(GrpcClientProtocolClient.java:338)
	... 13 more
Caused by: org.apache.ratis.thirdparty.io.grpc.StatusRuntimeException: UNAVAILABLE: io exception
	at org.apache.ratis.thirdparty.io.grpc.Status.asRuntimeException(Status.java:532)
	... 13 more
Caused by: org.apache.ratis.thirdparty.io.netty.channel.AbstractChannel$AnnotatedConnectException: finishConnect(..) failed with error(-111): 连接被拒绝: /127.0.0.1:34471
Caused by: java.net.ConnectException: finishConnect(..) failed with error(-111): 连接被拒绝
	at org.apache.ratis.thirdparty.io.netty.channel.unix.Errors.newConnectException0(Errors.java:166)
	at org.apache.ratis.thirdparty.io.netty.channel.unix.Errors.handleConnectErrno(Errors.java:131)
	at org.apache.ratis.thirdparty.io.netty.channel.unix.Socket.finishConnect(Socket.java:359)
	at org.apache.ratis.thirdparty.io.netty.channel.epoll.AbstractEpollChannel$AbstractEpollUnsafe.doFinishConnect(AbstractEpollChannel.java:715)
	at org.apache.ratis.thirdparty.io.netty.channel.epoll.AbstractEpollChannel$AbstractEpollUnsafe.finishConnect(AbstractEpollChannel.java:692)
	at org.apache.ratis.thirdparty.io.netty.channel.epoll.AbstractEpollChannel$AbstractEpollUnsafe.epollOutReady(AbstractEpollChannel.java:567)
	at org.apache.ratis.thirdparty.io.netty.channel.epoll.EpollEventLoop.processReady(EpollEventLoop.java:491)
	at org.apache.ratis.thirdparty.io.netty.channel.epoll.EpollEventLoop.run(EpollEventLoop.java:399)
	at org.apache.ratis.thirdparty.io.netty.util.concurrent.SingleThreadEventExecutor$4.run(SingleThreadEventExecutor.java:1007)
	at org.apache.ratis.thirdparty.io.netty.util.internal.ThreadExecutorMap$2.run(ThreadExecutorMap.java:74)
	at org.apache.ratis.thirdparty.io.netty.util.concurrent.FastThreadLocalRunnable.run(FastThreadLocalRunnable.java:30)
	at java.base/java.lang.Thread.run(Thread.java:1474)
[grpc-default-executor-2] ERROR org.apache.ratis.client.impl.OrderedAsync -  client-7C17A780CAE5: Failed* RaftClientRequest:client-7C17A780CAE5->n3@group-D7F925094F13, cid=10, seq=2*, RW, Message:08071003189defb4a387...(size=11)
java.util.concurrent.CompletionException: java.io.IOException: org.apache.ratis.thirdparty.io.grpc.StatusRuntimeException: UNAVAILABLE: io exception
	at java.base/java.util.concurrent.CompletableFuture.wrapInCompletionException(CompletableFuture.java:323)
	at java.base/java.util.concurrent.CompletableFuture.encodeThrowable(CompletableFuture.java:376)
	at java.base/java.util.concurrent.CompletableFuture.completeThrowable(CompletableFuture.java:391)
	at java.base/java.util.concurrent.CompletableFuture$UniAccept.tryFire(CompletableFuture.java:729)
	at java.base/java.util.concurrent.CompletableFuture.postComplete(CompletableFuture.java:531)
	at java.base/java.util.concurrent.CompletableFuture.completeExceptionally(CompletableFuture.java:2221)
	at org.apache.ratis.grpc.client.GrpcClientProtocolClient$AsyncStreamObservers.completeReplyExceptionally(GrpcClientProtocolClient.java:409)
	at org.apache.ratis.grpc.client.GrpcClientProtocolClient$AsyncStreamObservers.access$000(GrpcClientProtocolClient.java:308)
	at org.apache.ratis.grpc.client.GrpcClientProtocolClient$AsyncStreamObservers$1.onError(GrpcClientProtocolClient.java:339)
	at org.apache.ratis.thirdparty.io.grpc.stub.ClientCalls$StreamObserverToCallListenerAdapter.onClose(ClientCalls.java:581)
	at org.apache.ratis.thirdparty.io.grpc.PartialForwardingClientCallListener.onClose(PartialForwardingClientCallListener.java:39)
	at org.apache.ratis.thirdparty.io.grpc.ForwardingClientCallListener.onClose(ForwardingClientCallListener.java:23)
	at org.apache.ratis.grpc.metrics.intercept.client.MetricClientCallListener.onClose(MetricClientCallListener.java:47)
	at org.apache.ratis.thirdparty.io.grpc.internal.DelayedClientCall$DelayedListener$3.run(DelayedClientCall.java:553)
	at org.apache.ratis.thirdparty.io.grpc.internal.DelayedClientCall$DelayedListener.delayOrExecute(DelayedClientCall.java:482)
	at org.apache.ratis.thirdparty.io.grpc.internal.DelayedClientCall$DelayedListener.onClose(DelayedClientCall.java:537)
	at org.apache.ratis.thirdparty.io.grpc.internal.ClientCallImpl.closeObserver(ClientCallImpl.java:566)
	at org.apache.ratis.thirdparty.io.grpc.internal.ClientCallImpl.access$100(ClientCallImpl.java:72)
	at org.apache.ratis.thirdparty.io.grpc.internal.ClientCallImpl$ClientStreamListenerImpl$1StreamClosed.runInternal(ClientCallImpl.java:734)
	at org.apache.ratis.thirdparty.io.grpc.internal.ClientCallImpl$ClientStreamListenerImpl$1StreamClosed.runInContext(ClientCallImpl.java:715)
	at org.apache.ratis.thirdparty.io.grpc.internal.ContextRunnable.run(ContextRunnable.java:37)
	at org.apache.ratis.thirdparty.io.grpc.internal.SerializingExecutor.run(SerializingExecutor.java:133)
	at java.base/java.util.concurrent.ThreadPoolExecutor.runWorker(ThreadPoolExecutor.java:1090)
	at java.base/java.util.concurrent.ThreadPoolExecutor$Worker.run(ThreadPoolExecutor.java:614)
	at java.base/java.lang.Thread.run(Thread.java:1474)
Caused by: java.io.IOException: org.apache.ratis.thirdparty.io.grpc.StatusRuntimeException: UNAVAILABLE: io exception
	at org.apache.ratis.grpc.GrpcUtil.unwrapException(GrpcUtil.java:117)
	at org.apache.ratis.grpc.GrpcUtil.unwrapIOException(GrpcUtil.java:179)
	at org.apache.ratis.grpc.client.GrpcClientProtocolClient$AsyncStreamObservers$1.onError(GrpcClientProtocolClient.java:338)
	... 16 more
Caused by: org.apache.ratis.thirdparty.io.grpc.StatusRuntimeException: UNAVAILABLE: io exception
	at org.apache.ratis.thirdparty.io.grpc.Status.asRuntimeException(Status.java:532)
	... 16 more
Caused by: org.apache.ratis.thirdparty.io.netty.channel.AbstractChannel$AnnotatedConnectException: finishConnect(..) failed with error(-111): 连接被拒绝: /127.0.0.1:34471
Caused by: java.net.ConnectException: finishConnect(..) failed with error(-111): 连接被拒绝
	at org.apache.ratis.thirdparty.io.netty.channel.unix.Errors.newConnectException0(Errors.java:166)
	at org.apache.ratis.thirdparty.io.netty.channel.unix.Errors.handleConnectErrno(Errors.java:131)
	at org.apache.ratis.thirdparty.io.netty.channel.unix.Socket.finishConnect(Socket.java:359)
	at org.apache.ratis.thirdparty.io.netty.channel.epoll.AbstractEpollChannel$AbstractEpollUnsafe.doFinishConnect(AbstractEpollChannel.java:715)
	at org.apache.ratis.thirdparty.io.netty.channel.epoll.AbstractEpollChannel$AbstractEpollUnsafe.finishConnect(AbstractEpollChannel.java:692)
	at org.apache.ratis.thirdparty.io.netty.channel.epoll.AbstractEpollChannel$AbstractEpollUnsafe.epollOutReady(AbstractEpollChannel.java:567)
	at org.apache.ratis.thirdparty.io.netty.channel.epoll.EpollEventLoop.processReady(EpollEventLoop.java:491)
	at org.apache.ratis.thirdparty.io.netty.channel.epoll.EpollEventLoop.run(EpollEventLoop.java:399)
	at org.apache.ratis.thirdparty.io.netty.util.concurrent.SingleThreadEventExecutor$4.run(SingleThreadEventExecutor.java:1007)
	at org.apache.ratis.thirdparty.io.netty.util.internal.ThreadExecutorMap$2.run(ThreadExecutorMap.java:74)
	at org.apache.ratis.thirdparty.io.netty.util.concurrent.FastThreadLocalRunnable.run(FastThreadLocalRunnable.java:30)
	at java.base/java.lang.Thread.run(Thread.java:1474)
[grpc-default-executor-1] ERROR org.apache.ratis.client.impl.OrderedAsync -  client-68CE57CF4ECF: Failed* RaftClientRequest:client-68CE57CF4ECF->n2@group-D7F925094F13, cid=7, seq=2*, RW, Message:08011002189ce9b4a387...(size=19) due to java.util.concurrent.CompletionException: org.apache.ratis.protocol.exceptions.NotLeaderException: Server n2@group-D7F925094F13 is not the leader caused by NotLeaderException
[grpc-default-executor-4] ERROR org.apache.ratis.client.impl.OrderedAsync -  client-5EB8545D30B0: Failed* RaftClientRequest:client-5EB8545D30B0->n2@group-D7F925094F13, cid=8, seq=2*, RW, Message:0807100118fee8b4a387...(size=11) due to java.util.concurrent.CompletionException: org.apache.ratis.protocol.exceptions.NotLeaderException: Server n2@group-D7F925094F13 is not the leader caused by NotLeaderException
[grpc-default-executor-6] ERROR org.apache.ratis.client.impl.OrderedAsync -  client-7C17A780CAE5: Failed* RaftClientRequest:client-7C17A780CAE5->n2@group-D7F925094F13, cid=10, seq=2*, RW, Message:08071003189defb4a387...(size=11) due to java.util.concurrent.CompletionException: org.apache.ratis.protocol.exceptions.NotLeaderException: Server n2@group-D7F925094F13 is not the leader caused by NotLeaderException
[grpc-default-executor-1] ERROR org.apache.ratis.client.impl.OrderedAsync -  client-5EB8545D30B0: Failed* RaftClientRequest:client-5EB8545D30B0->n3@group-D7F925094F13, cid=8, seq=2*, RW, Message:0807100118fee8b4a387...(size=11)
java.util.concurrent.CompletionException: java.io.IOException: org.apache.ratis.thirdparty.io.grpc.StatusRuntimeException: UNAVAILABLE: io exception
	at java.base/java.util.concurrent.CompletableFuture.wrapInCompletionException(CompletableFuture.java:323)
	at java.base/java.util.concurrent.CompletableFuture.encodeThrowable(CompletableFuture.java:376)
	at java.base/java.util.concurrent.CompletableFuture.completeThrowable(CompletableFuture.java:391)
	at java.base/java.util.concurrent.CompletableFuture$UniAccept.tryFire(CompletableFuture.java:729)
	at java.base/java.util.concurrent.CompletableFuture.postComplete(CompletableFuture.java:531)
	at java.base/java.util.concurrent.CompletableFuture.completeExceptionally(CompletableFuture.java:2221)
	at org.apache.ratis.grpc.client.GrpcClientProtocolClient$AsyncStreamObservers.completeReplyExceptionally(GrpcClientProtocolClient.java:409)
	at org.apache.ratis.grpc.client.GrpcClientProtocolClient$AsyncStreamObservers.access$000(GrpcClientProtocolClient.java:308)
	at org.apache.ratis.grpc.client.GrpcClientProtocolClient$AsyncStreamObservers$1.onError(GrpcClientProtocolClient.java:339)
	at org.apache.ratis.thirdparty.io.grpc.stub.ClientCalls$StreamObserverToCallListenerAdapter.onClose(ClientCalls.java:581)
	at org.apache.ratis.thirdparty.io.grpc.PartialForwardingClientCallListener.onClose(PartialForwardingClientCallListener.java:39)
	at org.apache.ratis.thirdparty.io.grpc.ForwardingClientCallListener.onClose(ForwardingClientCallListener.java:23)
	at org.apache.ratis.grpc.metrics.intercept.client.MetricClientCallListener.onClose(MetricClientCallListener.java:47)
	at org.apache.ratis.thirdparty.io.grpc.internal.DelayedClientCall$DelayedListener$3.run(DelayedClientCall.java:553)
	at org.apache.ratis.thirdparty.io.grpc.internal.DelayedClientCall$DelayedListener.drainPendingCallbacks(DelayedClientCall.java:605)
	at org.apache.ratis.thirdparty.io.grpc.internal.DelayedClientCall$1DrainListenerRunnable.runInContext(DelayedClientCall.java:328)
	at org.apache.ratis.thirdparty.io.grpc.internal.ContextRunnable.run(ContextRunnable.java:37)
	at java.base/java.util.concurrent.ThreadPoolExecutor.runWorker(ThreadPoolExecutor.java:1090)
	at java.base/java.util.concurrent.ThreadPoolExecutor$Worker.run(ThreadPoolExecutor.java:614)
	at java.base/java.lang.Thread.run(Thread.java:1474)
Caused by: java.io.IOException: org.apache.ratis.thirdparty.io.grpc.StatusRuntimeException: UNAVAILABLE: io exception
	at org.apache.ratis.grpc.GrpcUtil.unwrapException(GrpcUtil.java:117)
	at org.apache.ratis.grpc.GrpcUtil.unwrapIOException(GrpcUtil.java:179)
	at org.apache.ratis.grpc.client.GrpcClientProtocolClient$AsyncStreamObservers$1.onError(GrpcClientProtocolClient.java:338)
	... 11 more
Caused by: org.apache.ratis.thirdparty.io.grpc.StatusRuntimeException: UNAVAILABLE: io exception
	at org.apache.ratis.thirdparty.io.grpc.Status.asRuntimeException(Status.java:532)
	... 11 more
Caused by: org.apache.ratis.thirdparty.io.netty.channel.AbstractChannel$AnnotatedConnectException: finishConnect(..) failed with error(-111): 连接被拒绝: /127.0.0.1:34471
Caused by: java.net.ConnectException: finishConnect(..) failed with error(-111): 连接被拒绝
	at org.apache.ratis.thirdparty.io.netty.channel.unix.Errors.newConnectException0(Errors.java:166)
	at org.apache.ratis.thirdparty.io.netty.channel.unix.Errors.handleConnectErrno(Errors.java:131)
	at org.apache.ratis.thirdparty.io.netty.channel.unix.Socket.finishConnect(Socket.java:359)
	at org.apache.ratis.thirdparty.io.netty.channel.epoll.AbstractEpollChannel$AbstractEpollUnsafe.doFinishConnect(AbstractEpollChannel.java:715)
	at org.apache.ratis.thirdparty.io.netty.channel.epoll.AbstractEpollChannel$AbstractEpollUnsafe.finishConnect(AbstractEpollChannel.java:692)
	at org.apache.ratis.thirdparty.io.netty.channel.epoll.AbstractEpollChannel$AbstractEpollUnsafe.epollOutReady(AbstractEpollChannel.java:567)
	at org.apache.ratis.thirdparty.io.netty.channel.epoll.EpollEventLoop.processReady(EpollEventLoop.java:491)
	at org.apache.ratis.thirdparty.io.netty.channel.epoll.EpollEventLoop.run(EpollEventLoop.java:399)
	at org.apache.ratis.thirdparty.io.netty.util.concurrent.SingleThreadEventExecutor$4.run(SingleThreadEventExecutor.java:1007)
	at org.apache.ratis.thirdparty.io.netty.util.internal.ThreadExecutorMap$2.run(ThreadExecutorMap.java:74)
	at org.apache.ratis.thirdparty.io.netty.util.concurrent.FastThreadLocalRunnable.run(FastThreadLocalRunnable.java:30)
	at java.base/java.lang.Thread.run(Thread.java:1474)
[grpc-default-executor-0] INFO org.apache.ratis.grpc.server.GrpcLogAppender - n1@group-D7F925094F13->n2-AppendLogResponseHandler: follower responses appendEntries COMPLETED
[timer0] ERROR org.apache.ratis.client.impl.OrderedAsync -  client-7C17A780CAE5: Failed* RaftClientRequest:client-7C17A780CAE5->n3@group-D7F925094F13, cid=10, seq=2*, RW, Message:08071003189defb4a387...(size=11) due to java.util.concurrent.CompletionException: org.apache.ratis.protocol.exceptions.AlreadyClosedException: client-7C17A780CAE5->n3 is closed. caused by AlreadyClosedException
[grpc-default-executor-4] INFO org.apache.ratis.server.RaftServer$Division - n1@group-D7F925094F13: receive requestVote(PRE_VOTE, n2, group-D7F925094F13, 3, (t:2, i:25))
[grpc-default-executor-4] INFO org.apache.ratis.server.impl.VoteContext - n1@group-D7F925094F13-FOLLOWER: reject PRE_VOTE from n2: our last entry (t:3, i:53) > candidate's last entry (t:2, i:25)
[grpc-default-executor-4] INFO org.apache.ratis.server.RaftServer$Division - n1@group-D7F925094F13 replies to PRE_VOTE vote request: n2<-n1#24:FAIL-t3-last:(t:3, i:53). Peer's state: n1@group-D7F925094F13:t3, leader=null, voted=n1, raftlog=Memoized:n1@group-D7F925094F13-SegmentedRaftLog:OPENED:c49:last(t:3, i:53), conf=conf: {index: 16, cur=peers:[n1|127.0.0.1:33293, n2|127.0.0.1:43757, n3|127.0.0.1:34471]|listeners:[], old=null}
[n1@group-D7F925094F13-FollowerState] INFO org.apache.ratis.server.impl.FollowerState - n1@group-D7F925094F13-FollowerState: Skipping leader election since it stepped down recently (elapsed = 627ms < waitTime = 10s)
[grpc-default-executor-2] INFO org.apache.ratis.server.RaftServer$Division - n1@group-D7F925094F13: receive requestVote(PRE_VOTE, n2, group-D7F925094F13, 3, (t:2, i:25))
[grpc-default-executor-2] INFO org.apache.ratis.server.impl.VoteContext - n1@group-D7F925094F13-FOLLOWER: reject PRE_VOTE from n2: our last entry (t:3, i:53) > candidate's last entry (t:2, i:25)
[grpc-default-executor-2] INFO org.apache.ratis.server.RaftServer$Division - n1@group-D7F925094F13 replies to PRE_VOTE vote request: n2<-n1#26:FAIL-t3-last:(t:3, i:53). Peer's state: n1@group-D7F925094F13:t3, leader=null, voted=n1, raftlog=Memoized:n1@group-D7F925094F13-SegmentedRaftLog:OPENED:c49:last(t:3, i:53), conf=conf: {index: 16, cur=peers:[n1|127.0.0.1:33293, n2|127.0.0.1:43757, n3|127.0.0.1:34471]|listeners:[], old=null}
[n1@group-D7F925094F13-FollowerState] INFO org.apache.ratis.server.impl.FollowerState - n1@group-D7F925094F13-FollowerState: Skipping leader election since it stepped down recently (elapsed = 1171ms < waitTime = 10s)
[timer2] ERROR org.apache.ratis.client.impl.OrderedAsync -  client-5EB8545D30B0: Failed* RaftClientRequest:client-5EB8545D30B0->n3@group-D7F925094F13, cid=8, seq=2*, RW, Message:0807100118fee8b4a387...(size=11) due to java.util.concurrent.CompletionException: org.apache.ratis.protocol.exceptions.AlreadyClosedException: client-5EB8545D30B0->n3 is closed. caused by AlreadyClosedException
[grpc-default-executor-5] ERROR org.apache.ratis.client.impl.OrderedAsync -  client-7C17A780CAE5: Failed* RaftClientRequest:client-7C17A780CAE5->n3@group-D7F925094F13, cid=10, seq=2*, RW, Message:08071003189defb4a387...(size=11) due to java.util.concurrent.CompletionException: org.apache.ratis.protocol.exceptions.NotLeaderException: Server n3@group-D7F925094F13 is not the leader caused by NotLeaderException
[grpc-default-executor-0] ERROR org.apache.ratis.client.impl.OrderedAsync -  client-68CE57CF4ECF: Failed* RaftClientRequest:client-68CE57CF4ECF->n3@group-D7F925094F13, cid=7, seq=2*, RW, Message:08011002189ce9b4a387...(size=19) due to java.util.concurrent.CompletionException: org.apache.ratis.protocol.exceptions.NotLeaderException: Server n3@group-D7F925094F13 is not the leader caused by NotLeaderException
[grpc-default-executor-3] ERROR org.apache.ratis.client.impl.OrderedAsync -  client-5EB8545D30B0: Failed* RaftClientRequest:client-5EB8545D30B0->n3@group-D7F925094F13, cid=8, seq=2*, RW, Message:0807100118fee8b4a387...(size=11) due to java.util.concurrent.CompletionException: org.apache.ratis.protocol.exceptions.NotLeaderException: Server n3@group-D7F925094F13 is not the leader caused by NotLeaderException
[grpc-default-executor-3] INFO org.apache.ratis.server.RaftServer$Division - n1@group-D7F925094F13: receive requestVote(PRE_VOTE, n2, group-D7F925094F13, 3, (t:2, i:25))
[grpc-default-executor-3] INFO org.apache.ratis.server.impl.VoteContext - n1@group-D7F925094F13-FOLLOWER: reject PRE_VOTE from n2: our last entry (t:3, i:53) > candidate's last entry (t:2, i:25)
[grpc-default-executor-3] INFO org.apache.ratis.server.RaftServer$Division - n1@group-D7F925094F13 replies to PRE_VOTE vote request: n2<-n1#28:FAIL-t3-last:(t:3, i:53). Peer's state: n1@group-D7F925094F13:t3, leader=null, voted=n1, raftlog=Memoized:n1@group-D7F925094F13-SegmentedRaftLog:OPENED:c49:last(t:3, i:53), conf=conf: {index: 16, cur=peers:[n1|127.0.0.1:33293, n2|127.0.0.1:43757, n3|127.0.0.1:34471]|listeners:[], old=null}
[n1@group-D7F925094F13-FollowerState] INFO org.apache.ratis.server.impl.FollowerState - n1@group-D7F925094F13-FollowerState: Skipping leader election since it stepped down recently (elapsed = 1910ms < waitTime = 10s)
[grpc-default-executor-0] INFO org.apache.ratis.server.RaftServer$Division - n1@group-D7F925094F13: receive requestVote(PRE_VOTE, n3, group-D7F925094F13, 3, (t:3, i:49))
[grpc-default-executor-0] INFO org.apache.ratis.server.impl.VoteContext - n1@group-D7F925094F13-FOLLOWER: reject PRE_VOTE from n3: our last entry (t:3, i:53) > candidate's last entry (t:3, i:49)
[grpc-default-executor-0] INFO org.apache.ratis.server.RaftServer$Division - n1@group-D7F925094F13 replies to PRE_VOTE vote request: n3<-n1#1:FAIL-t3-last:(t:3, i:53). Peer's state: n1@group-D7F925094F13:t3, leader=null, voted=n1, raftlog=Memoized:n1@group-D7F925094F13-SegmentedRaftLog:OPENED:c49:last(t:3, i:53), conf=conf: {index: 16, cur=peers:[n1|127.0.0.1:33293, n2|127.0.0.1:43757, n3|127.0.0.1:34471]|listeners:[], old=null}
[grpc-default-executor-1] INFO org.apache.ratis.server.RaftServer$Division - n1@group-D7F925094F13: receive requestVote(ELECTION, n3, group-D7F925094F13, 4, (t:3, i:49))
[grpc-default-executor-1] INFO org.apache.ratis.server.impl.VoteContext - n1@group-D7F925094F13-FOLLOWER: reject ELECTION from n3: our last entry (t:3, i:53) > candidate's last entry (t:3, i:49)
[grpc-default-executor-1] INFO org.apache.ratis.server.RaftServer$Division - n1@group-D7F925094F13: changes role from  FOLLOWER to FOLLOWER at term 3 for candidate:n3
[grpc-default-executor-1] INFO org.apache.ratis.server.impl.RoleInfo - n1: shutdown n1@group-D7F925094F13-FollowerState
[grpc-default-executor-1] INFO org.apache.ratis.server.impl.RoleInfo - n1: start n1@group-D7F925094F13-FollowerState
[n1@group-D7F925094F13-FollowerState] INFO org.apache.ratis.server.impl.FollowerState - n1@group-D7F925094F13-FollowerState was interrupted
[grpc-default-executor-1] INFO org.apache.ratis.server.RaftServer$Division - n1@group-D7F925094F13 replies to ELECTION vote request: n3<-n1#3:FAIL-t4-last:(t:3, i:53). Peer's state: n1@group-D7F925094F13:t4, leader=null, voted=null, raftlog=Memoized:n1@group-D7F925094F13-SegmentedRaftLog:OPENED:c49:last(t:3, i:53), conf=conf: {index: 16, cur=peers:[n1|127.0.0.1:33293, n2|127.0.0.1:43757, n3|127.0.0.1:34471]|listeners:[], old=null}
[grpc-default-executor-4] ERROR org.apache.ratis.client.impl.OrderedAsync -  client-5EB8545D30B0: Failed* RaftClientRequest:client-5EB8545D30B0->n3@group-D7F925094F13, cid=8, seq=2*, RW, Message:0807100118fee8b4a387...(size=11)
java.util.concurrent.CompletionException: org.apache.ratis.protocol.exceptions.LeaderNotReadyException: n3@group-D7F925094F13 is in LEADER state but not ready yet.
	at java.base/java.util.concurrent.CompletableFuture.wrapInCompletionException(CompletableFuture.java:323)
	at java.base/java.util.concurrent.CompletableFuture.encodeThrowable(CompletableFuture.java:376)
	at java.base/java.util.concurrent.CompletableFuture.completeThrowable(CompletableFuture.java:391)
	at java.base/java.util.concurrent.CompletableFuture$UniAccept.tryFire(CompletableFuture.java:729)
	at java.base/java.util.concurrent.CompletableFuture.postComplete(CompletableFuture.java:531)
	at java.base/java.util.concurrent.CompletableFuture.completeExceptionally(CompletableFuture.java:2221)
	at org.apache.ratis.grpc.client.GrpcClientProtocolClient$AsyncStreamObservers.completeReplyExceptionally(GrpcClientProtocolClient.java:409)
	at org.apache.ratis.grpc.client.GrpcClientProtocolClient$AsyncStreamObservers.access$000(GrpcClientProtocolClient.java:308)
	at org.apache.ratis.grpc.client.GrpcClientProtocolClient$AsyncStreamObservers$1.onNext(GrpcClientProtocolClient.java:327)
	at org.apache.ratis.grpc.client.GrpcClientProtocolClient$AsyncStreamObservers$1.onNext(GrpcClientProtocolClient.java:313)
	at org.apache.ratis.thirdparty.io.grpc.stub.ClientCalls$StreamObserverToCallListenerAdapter.onMessage(ClientCalls.java:568)
	at org.apache.ratis.thirdparty.io.grpc.ForwardingClientCallListener.onMessage(ForwardingClientCallListener.java:33)
	at org.apache.ratis.thirdparty.io.grpc.internal.DelayedClientCall$DelayedListener.deliverMessage(DelayedClientCall.java:529)
	at org.apache.ratis.thirdparty.io.grpc.internal.DelayedClientCall$DelayedListener.onMessage(DelayedClientCall.java:513)
	at org.apache.ratis.thirdparty.io.grpc.internal.ClientCallImpl$ClientStreamListenerImpl$1MessagesAvailable.runInternal(ClientCallImpl.java:662)
	at org.apache.ratis.thirdparty.io.grpc.internal.ClientCallImpl$ClientStreamListenerImpl$1MessagesAvailable.runInContext(ClientCallImpl.java:649)
	at org.apache.ratis.thirdparty.io.grpc.internal.ContextRunnable.run(ContextRunnable.java:37)
	at org.apache.ratis.thirdparty.io.grpc.internal.SerializingExecutor.run(SerializingExecutor.java:133)
	at java.base/java.util.concurrent.ThreadPoolExecutor.runWorker(ThreadPoolExecutor.java:1090)
	at java.base/java.util.concurrent.ThreadPoolExecutor$Worker.run(ThreadPoolExecutor.java:614)
	at java.base/java.lang.Thread.run(Thread.java:1474)
Caused by: org.apache.ratis.protocol.exceptions.LeaderNotReadyException: n3@group-D7F925094F13 is in LEADER state but not ready yet.
	at org.apache.ratis.client.impl.ClientProtoUtils.toRaftClientReply(ClientProtoUtils.java:421)
	at org.apache.ratis.grpc.client.GrpcClientProtocolClient$AsyncStreamObservers$1.onNext(GrpcClientProtocolClient.java:318)
	... 12 more
[grpc-default-executor-0] ERROR org.apache.ratis.client.impl.OrderedAsync -  client-68CE57CF4ECF: Failed* RaftClientRequest:client-68CE57CF4ECF->n3@group-D7F925094F13, cid=7, seq=2*, RW, Message:08011002189ce9b4a387...(size=19)
java.util.concurrent.CompletionException: org.apache.ratis.protocol.exceptions.LeaderNotReadyException: n3@group-D7F925094F13 is in LEADER state but not ready yet.
	at java.base/java.util.concurrent.CompletableFuture.wrapInCompletionException(CompletableFuture.java:323)
	at java.base/java.util.concurrent.CompletableFuture.encodeThrowable(CompletableFuture.java:376)
	at java.base/java.util.concurrent.CompletableFuture.completeThrowable(CompletableFuture.java:391)
	at java.base/java.util.concurrent.CompletableFuture$UniAccept.tryFire(CompletableFuture.java:729)
	at java.base/java.util.concurrent.CompletableFuture.postComplete(CompletableFuture.java:531)
	at java.base/java.util.concurrent.CompletableFuture.completeExceptionally(CompletableFuture.java:2221)
	at org.apache.ratis.grpc.client.GrpcClientProtocolClient$AsyncStreamObservers.completeReplyExceptionally(GrpcClientProtocolClient.java:409)
	at org.apache.ratis.grpc.client.GrpcClientProtocolClient$AsyncStreamObservers.access$000(GrpcClientProtocolClient.java:308)
	at org.apache.ratis.grpc.client.GrpcClientProtocolClient$AsyncStreamObservers$1.onNext(GrpcClientProtocolClient.java:327)
	at org.apache.ratis.grpc.client.GrpcClientProtocolClient$AsyncStreamObservers$1.onNext(GrpcClientProtocolClient.java:313)
	at org.apache.ratis.thirdparty.io.grpc.stub.ClientCalls$StreamObserverToCallListenerAdapter.onMessage(ClientCalls.java:568)
	at org.apache.ratis.thirdparty.io.grpc.ForwardingClientCallListener.onMessage(ForwardingClientCallListener.java:33)
	at org.apache.ratis.thirdparty.io.grpc.internal.DelayedClientCall$DelayedListener.deliverMessage(DelayedClientCall.java:529)
	at org.apache.ratis.thirdparty.io.grpc.internal.DelayedClientCall$DelayedListener.onMessage(DelayedClientCall.java:513)
	at org.apache.ratis.thirdparty.io.grpc.internal.ClientCallImpl$ClientStreamListenerImpl$1MessagesAvailable.runInternal(ClientCallImpl.java:662)
	at org.apache.ratis.thirdparty.io.grpc.internal.ClientCallImpl$ClientStreamListenerImpl$1MessagesAvailable.runInContext(ClientCallImpl.java:649)
	at org.apache.ratis.thirdparty.io.grpc.internal.ContextRunnable.run(ContextRunnable.java:37)
	at org.apache.ratis.thirdparty.io.grpc.internal.SerializingExecutor.run(SerializingExecutor.java:133)
	at java.base/java.util.concurrent.ThreadPoolExecutor.runWorker(ThreadPoolExecutor.java:1090)
	at java.base/java.util.concurrent.ThreadPoolExecutor$Worker.run(ThreadPoolExecutor.java:614)
	at java.base/java.lang.Thread.run(Thread.java:1474)
Caused by: org.apache.ratis.protocol.exceptions.LeaderNotReadyException: n3@group-D7F925094F13 is in LEADER state but not ready yet.
	at org.apache.ratis.client.impl.ClientProtoUtils.toRaftClientReply(ClientProtoUtils.java:421)
	at org.apache.ratis.grpc.client.GrpcClientProtocolClient$AsyncStreamObservers$1.onNext(GrpcClientProtocolClient.java:318)
	... 12 more
[timer4] ERROR org.apache.ratis.client.impl.OrderedAsync -  client-68CE57CF4ECF: Failed* RaftClientRequest:client-68CE57CF4ECF->n3@group-D7F925094F13, cid=7, seq=2*, RW, Message:08011002189ce9b4a387...(size=19) due to java.util.concurrent.CompletionException: org.apache.ratis.protocol.exceptions.AlreadyClosedException: client-68CE57CF4ECF->n3 is closed. caused by AlreadyClosedException
[grpc-default-executor-5] ERROR org.apache.ratis.client.impl.OrderedAsync -  client-7C17A780CAE5: Failed* RaftClientRequest:client-7C17A780CAE5->n3@group-D7F925094F13, cid=10, seq=2*, RW, Message:08071003189defb4a387...(size=11)
java.util.concurrent.CompletionException: org.apache.ratis.protocol.exceptions.LeaderNotReadyException: n3@group-D7F925094F13 is in LEADER state but not ready yet.
	at java.base/java.util.concurrent.CompletableFuture.wrapInCompletionException(CompletableFuture.java:323)
	at java.base/java.util.concurrent.CompletableFuture.encodeThrowable(CompletableFuture.java:376)
	at java.base/java.util.concurrent.CompletableFuture.completeThrowable(CompletableFuture.java:391)
	at java.base/java.util.concurrent.CompletableFuture$UniAccept.tryFire(CompletableFuture.java:729)
	at java.base/java.util.concurrent.CompletableFuture.postComplete(CompletableFuture.java:531)
	at java.base/java.util.concurrent.CompletableFuture.completeExceptionally(CompletableFuture.java:2221)
	at org.apache.ratis.grpc.client.GrpcClientProtocolClient$AsyncStreamObservers.completeReplyExceptionally(GrpcClientProtocolClient.java:409)
	at org.apache.ratis.grpc.client.GrpcClientProtocolClient$AsyncStreamObservers.access$000(GrpcClientProtocolClient.java:308)
	at org.apache.ratis.grpc.client.GrpcClientProtocolClient$AsyncStreamObservers$1.onNext(GrpcClientProtocolClient.java:327)
	at org.apache.ratis.grpc.client.GrpcClientProtocolClient$AsyncStreamObservers$1.onNext(GrpcClientProtocolClient.java:313)
	at org.apache.ratis.thirdparty.io.grpc.stub.ClientCalls$StreamObserverToCallListenerAdapter.onMessage(ClientCalls.java:568)
	at org.apache.ratis.thirdparty.io.grpc.ForwardingClientCallListener.onMessage(ForwardingClientCallListener.java:33)
	at org.apache.ratis.thirdparty.io.grpc.internal.DelayedClientCall$DelayedListener.deliverMessage(DelayedClientCall.java:529)
	at org.apache.ratis.thirdparty.io.grpc.internal.DelayedClientCall$DelayedListener.onMessage(DelayedClientCall.java:513)
	at org.apache.ratis.thirdparty.io.grpc.internal.ClientCallImpl$ClientStreamListenerImpl$1MessagesAvailable.runInternal(ClientCallImpl.java:662)
	at org.apache.ratis.thirdparty.io.grpc.internal.ClientCallImpl$ClientStreamListenerImpl$1MessagesAvailable.runInContext(ClientCallImpl.java:649)
	at org.apache.ratis.thirdparty.io.grpc.internal.ContextRunnable.run(ContextRunnable.java:37)
	at org.apache.ratis.thirdparty.io.grpc.internal.SerializingExecutor.run(SerializingExecutor.java:133)
	at java.base/java.util.concurrent.ThreadPoolExecutor.runWorker(ThreadPoolExecutor.java:1090)
	at java.base/java.util.concurrent.ThreadPoolExecutor$Worker.run(ThreadPoolExecutor.java:614)
	at java.base/java.lang.Thread.run(Thread.java:1474)
Caused by: org.apache.ratis.protocol.exceptions.LeaderNotReadyException: n3@group-D7F925094F13 is in LEADER state but not ready yet.
	at org.apache.ratis.client.impl.ClientProtoUtils.toRaftClientReply(ClientProtoUtils.java:421)
	at org.apache.ratis.grpc.client.GrpcClientProtocolClient$AsyncStreamObservers$1.onNext(GrpcClientProtocolClient.java:318)
	... 12 more
[grpc-default-executor-3] INFO io.github.lamspace.openlatch.server.raft.ReplicationGateway - leadership changed on node 1: leader=false
[grpc-default-executor-1] ERROR org.apache.ratis.client.impl.OrderedAsync -  client-68CE57CF4ECF: Failed* RaftClientRequest:client-68CE57CF4ECF->n2@group-D7F925094F13, cid=7, seq=2*, RW, Message:08011002189ce9b4a387...(size=19) due to java.util.concurrent.CompletionException: org.apache.ratis.protocol.exceptions.NotLeaderException: Server n2@group-D7F925094F13 is not the leader, suggested leader is: n3|127.0.0.1:34471 caused by NotLeaderException
[grpc-default-executor-3] INFO org.apache.ratis.server.RaftServer$Division - n1@group-D7F925094F13: change Leader from null to n3 at term 4 for APPEND_ENTRIES, leader elected after 2542ms
[grpc-default-executor-6] INFO org.apache.ratis.server.RaftServer$Division - n1@group-D7F925094F13: set configuration conf: {index: 50, cur=peers:[n1|127.0.0.1:33293, n2|127.0.0.1:43757, n3|127.0.0.1:34471]|listeners:[], old=null}
[grpc-default-executor-4] ERROR org.apache.ratis.client.impl.OrderedAsync -  client-D49B2407B27F: Failed* RaftClientRequest:client-D49B2407B27F->n1@group-D7F925094F13, cid=12, seq=2, RW, Message:0802100418d687b5a387...(size=19) due to java.util.concurrent.CompletionException: org.apache.ratis.protocol.exceptions.NotLeaderException: Server n1@group-D7F925094F13 is not the leader, suggested leader is: n3|127.0.0.1:34471 caused by NotLeaderException
[n1-server-thread2] INFO org.apache.ratis.server.raftlog.segmented.SegmentedRaftLogWorker - n1@group-D7F925094F13-SegmentedRaftLogWorker: Truncating segments truncate(50)
  toTruncate: (16, 53) isOpen? true, length=1318, newEndIndex=49
    toDelete: [], start index 50
[n1-server-thread2] INFO org.apache.ratis.server.raftlog.segmented.SegmentedRaftLogWorker - n1@group-D7F925094F13-SegmentedRaftLogWorker: Starting segment from index:50
[n1@group-D7F925094F13-SegmentedRaftLogWorker] INFO org.apache.ratis.server.raftlog.segmented.SegmentedRaftLogWorker - n1@group-D7F925094F13-SegmentedRaftLogWorker: Truncated log file /tmp/openlatch-roll-node-12597469117877451175/f0c77938-3a50-35c5-9d0a-d7f925094f13/current/log_inprogress_16 to length 1318 and moved it to /tmp/openlatch-roll-node-12597469117877451175/f0c77938-3a50-35c5-9d0a-d7f925094f13/current/log_16-49
[n1@group-D7F925094F13-SegmentedRaftLogWorker] INFO org.apache.ratis.server.raftlog.segmented.SegmentedRaftLogWorker - n1@group-D7F925094F13-SegmentedRaftLogWorker: flushIndex: setUnconditionally 53 -> 49
[n1@group-D7F925094F13-SegmentedRaftLogWorker] INFO org.apache.ratis.server.raftlog.segmented.SegmentedRaftLogWorker - n1@group-D7F925094F13-SegmentedRaftLogWorker: safeCacheEvictIndex: setUnconditionally 15 -> 49
[n1@group-D7F925094F13-SegmentedRaftLogWorker] INFO org.apache.ratis.server.raftlog.segmented.BufferedWriteChannel - open log_inprogress_50 at position 0
[grpc-default-executor-3] ERROR org.apache.ratis.client.impl.OrderedAsync -  client-D49B2407B27F: Failed* RaftClientRequest:client-D49B2407B27F->n3@group-D7F925094F13, cid=12, seq=2*, RW, Message:0802100418d687b5a387...(size=19)
java.util.concurrent.CompletionException: org.apache.ratis.protocol.exceptions.LeaderNotReadyException: n3@group-D7F925094F13 is in LEADER state but not ready yet.
	at java.base/java.util.concurrent.CompletableFuture.wrapInCompletionException(CompletableFuture.java:323)
	at java.base/java.util.concurrent.CompletableFuture.encodeThrowable(CompletableFuture.java:376)
	at java.base/java.util.concurrent.CompletableFuture.completeThrowable(CompletableFuture.java:391)
	at java.base/java.util.concurrent.CompletableFuture$UniAccept.tryFire(CompletableFuture.java:729)
	at java.base/java.util.concurrent.CompletableFuture.postComplete(CompletableFuture.java:531)
	at java.base/java.util.concurrent.CompletableFuture.completeExceptionally(CompletableFuture.java:2221)
	at org.apache.ratis.grpc.client.GrpcClientProtocolClient$AsyncStreamObservers.completeReplyExceptionally(GrpcClientProtocolClient.java:409)
	at org.apache.ratis.grpc.client.GrpcClientProtocolClient$AsyncStreamObservers.access$000(GrpcClientProtocolClient.java:308)
	at org.apache.ratis.grpc.client.GrpcClientProtocolClient$AsyncStreamObservers$1.onNext(GrpcClientProtocolClient.java:327)
	at org.apache.ratis.grpc.client.GrpcClientProtocolClient$AsyncStreamObservers$1.onNext(GrpcClientProtocolClient.java:313)
	at org.apache.ratis.thirdparty.io.grpc.stub.ClientCalls$StreamObserverToCallListenerAdapter.onMessage(ClientCalls.java:568)
	at org.apache.ratis.thirdparty.io.grpc.ForwardingClientCallListener.onMessage(ForwardingClientCallListener.java:33)
	at org.apache.ratis.thirdparty.io.grpc.internal.ClientCallImpl$ClientStreamListenerImpl$1MessagesAvailable.runInternal(ClientCallImpl.java:662)
	at org.apache.ratis.thirdparty.io.grpc.internal.ClientCallImpl$ClientStreamListenerImpl$1MessagesAvailable.runInContext(ClientCallImpl.java:649)
	at org.apache.ratis.thirdparty.io.grpc.internal.ContextRunnable.run(ContextRunnable.java:37)
	at org.apache.ratis.thirdparty.io.grpc.internal.SerializingExecutor.run(SerializingExecutor.java:133)
	at java.base/java.util.concurrent.ThreadPoolExecutor.runWorker(ThreadPoolExecutor.java:1090)
	at java.base/java.util.concurrent.ThreadPoolExecutor$Worker.run(ThreadPoolExecutor.java:614)
	at java.base/java.lang.Thread.run(Thread.java:1474)
Caused by: org.apache.ratis.protocol.exceptions.LeaderNotReadyException: n3@group-D7F925094F13 is in LEADER state but not ready yet.
	at org.apache.ratis.client.impl.ClientProtoUtils.toRaftClientReply(ClientProtoUtils.java:421)
	at org.apache.ratis.grpc.client.GrpcClientProtocolClient$AsyncStreamObservers$1.onNext(GrpcClientProtocolClient.java:318)
	... 10 more
[n1@group-D7F925094F13-SegmentedRaftLogWorker] INFO org.apache.ratis.server.raftlog.segmented.SegmentedRaftLogWorker - n1@group-D7F925094F13-SegmentedRaftLogWorker: created new log segment /tmp/openlatch-roll-node-12597469117877451175/f0c77938-3a50-35c5-9d0a-d7f925094f13/current/log_inprogress_50
[timer3] ERROR org.apache.ratis.client.impl.OrderedAsync -  client-D49B2407B27F: Failed* RaftClientRequest:client-D49B2407B27F->n3@group-D7F925094F13, cid=12, seq=2*, RW, Message:0802100418d687b5a387...(size=19) due to java.util.concurrent.CompletionException: org.apache.ratis.protocol.exceptions.AlreadyClosedException: client-D49B2407B27F->n3 is closed. caused by AlreadyClosedException
[grpc-default-executor-4] ERROR org.apache.ratis.client.impl.OrderedAsync -  client-7C17A780CAE5: Failed* RaftClientRequest:client-7C17A780CAE5->n1@group-D7F925094F13, cid=10, seq=2*, RW, Message:08071003189defb4a387...(size=11) due to java.util.concurrent.CompletionException: org.apache.ratis.protocol.exceptions.NotLeaderException: Server n1@group-D7F925094F13 is not the leader, suggested leader is: n3|127.0.0.1:34471 caused by NotLeaderException
[grpc-default-executor-5] ERROR org.apache.ratis.client.impl.OrderedAsync -  client-5EB8545D30B0: Failed* RaftClientRequest:client-5EB8545D30B0->n2@group-D7F925094F13, cid=8, seq=2*, RW, Message:0807100118fee8b4a387...(size=11) due to java.util.concurrent.CompletionException: org.apache.ratis.protocol.exceptions.NotLeaderException: Server n2@group-D7F925094F13 is not the leader, suggested leader is: n3|127.0.0.1:34471 caused by NotLeaderException
[grpc-default-executor-5] ERROR org.apache.ratis.client.impl.OrderedAsync -  client-5EB8545D30B0: Failed* RaftClientRequest:client-5EB8545D30B0->n1@group-D7F925094F13, cid=8, seq=2*, RW, Message:0807100118fee8b4a387...(size=11) due to java.util.concurrent.CompletionException: org.apache.ratis.protocol.exceptions.NotLeaderException: Server n1@group-D7F925094F13 is not the leader, suggested leader is: n3|127.0.0.1:34471 caused by NotLeaderException
[grpc-default-executor-5] INFO org.apache.ratis.server.RaftServer$Division - n1@group-D7F925094F13: receive requestVote(PRE_VOTE, n2, group-D7F925094F13, 4, (t:2, i:25))
[grpc-default-executor-5] INFO org.apache.ratis.server.impl.VoteContext - n1@group-D7F925094F13-FOLLOWER: reject PRE_VOTE from n2: this server is a follower and still has a valid leader n3 different than the candidate n2
[grpc-default-executor-5] INFO org.apache.ratis.server.RaftServer$Division - n1@group-D7F925094F13 replies to PRE_VOTE vote request: n2<-n1#31:FAIL-t4-last:(t:4, i:63). Peer's state: n1@group-D7F925094F13:t4, leader=n3, voted=null, raftlog=Memoized:n1@group-D7F925094F13-SegmentedRaftLog:OPENED:c62:last(t:4, i:63), conf=conf: {index: 16, cur=peers:[n1|127.0.0.1:33293, n2|127.0.0.1:43757, n3|127.0.0.1:34471]|listeners:[], old=null}
[timer0] WARN org.apache.ratis.grpc.server.GrpcLogAppender - n1@group-D7F925094F13->n2-AppendLogResponseHandler: received INCONSISTENCY reply with nextIndex 17, errorCount=3, request=null  (Repeated 2 times in the last 5.000s)
[timer6] WARN org.apache.ratis.grpc.server.GrpcLogAppender - n1@group-D7F925094F13->n2-AppendLogResponseHandler: received INCONSISTENCY reply with nextIndex 16, errorCount=1, request=null  (Repeated 2 times in the last 5.000s)
[timer0] WARN org.apache.ratis.grpc.server.GrpcLogAppender - n1@group-D7F925094F13->n2-AppendLogResponseHandler: received INCONSISTENCY reply with nextIndex 26, errorCount=6, request=null  (Repeated 3 times in the last 5.000s)
[timer4] WARN org.apache.ratis.grpc.server.GrpcLogAppender - n1@group-D7F925094F13->n2-AppendLogResponseHandler: received INCONSISTENCY reply with nextIndex 25, errorCount=8, request=null  (Repeated 2 times in the last 5.000s)
[timer2] WARN org.apache.ratis.grpc.server.GrpcLogAppender - n1@group-D7F925094F13->n2-AppendLogResponseHandler: received INCONSISTENCY reply with nextIndex 24, errorCount=10, request=null  (Repeated 2 times in the last 5.000s)
[timer6] WARN org.apache.ratis.grpc.server.GrpcLogAppender - n1@group-D7F925094F13->n2-AppendLogResponseHandler: received INCONSISTENCY reply with nextIndex 23, errorCount=12, request=null  (Repeated 2 times in the last 5.001s)
[timer3] WARN org.apache.ratis.grpc.server.GrpcLogAppender - n1@group-D7F925094F13->n2-AppendLogResponseHandler: received INCONSISTENCY reply with nextIndex 22, errorCount=13, request=AppendEntriesRequest:cid=26:HEARTBEAT  (Repeated 2 times in the last 5.002s)
[timer1] WARN org.apache.ratis.grpc.server.GrpcLogAppender - n1@group-D7F925094F13->n3-AppendLogResponseHandler: Failed appendEntries (Repeated 12 times in the last 5.006s): org.apache.ratis.thirdparty.io.grpc.StatusRuntimeException: UNAVAILABLE: io exception
  Caused by: org.apache.ratis.thirdparty.io.netty.channel.AbstractChannel$AnnotatedConnectException: finishConnect(..) failed with error(-111): 连接被拒绝: /127.0.0.1:34471
  Caused by: java.net.ConnectException: finishConnect(..) failed with error(-111): 连接被拒绝
[timer2] WARN org.apache.ratis.grpc.server.GrpcLogAppender - n1@group-D7F925094F13->n3-GrpcLogAppender: Follower failed (request=null, errorCount=6); keep nextIndex (50) unchanged and retry. (Repeated 6 times in the last 5.000s)
[timer1] WARN org.apache.ratis.grpc.server.GrpcLogAppender - n1@group-D7F925094F13->n3-GrpcLogAppender: Follower failed (request=null, errorCount=8); keep nextIndex (51) unchanged and retry. (Repeated 2 times in the last 5.000s)
[timer3] WARN org.apache.ratis.grpc.server.GrpcLogAppender - n1@group-D7F925094F13->n3-GrpcLogAppender: Follower failed (request=null, errorCount=10); keep nextIndex (52) unchanged and retry. (Repeated 2 times in the last 5.000s)
[timer4] WARN org.apache.ratis.grpc.server.GrpcLogAppender - n1@group-D7F925094F13->n3-GrpcLogAppender: Follower failed (request=null, errorCount=12); keep nextIndex (53) unchanged and retry. (Repeated 2 times in the last 5.000s)
[grpc-default-executor-5] INFO org.apache.ratis.server.RaftServer$Division - n1@group-D7F925094F13: receive requestVote(PRE_VOTE, n2, group-D7F925094F13, 4, (t:2, i:25))
[grpc-default-executor-5] INFO org.apache.ratis.server.impl.VoteContext - n1@group-D7F925094F13-FOLLOWER: reject PRE_VOTE from n2: this server is a follower and still has a valid leader n3 different than the candidate n2
[grpc-default-executor-5] INFO org.apache.ratis.server.RaftServer$Division - n1@group-D7F925094F13 replies to PRE_VOTE vote request: n2<-n1#33:FAIL-t4-last:(t:4, i:72). Peer's state: n1@group-D7F925094F13:t4, leader=n3, voted=null, raftlog=Memoized:n1@group-D7F925094F13-SegmentedRaftLog:OPENED:c72:last(t:4, i:72), conf=conf: {index: 16, cur=peers:[n1|127.0.0.1:33293, n2|127.0.0.1:43757, n3|127.0.0.1:34471]|listeners:[], old=null}
[timer1] ERROR org.apache.ratis.client.impl.OrderedAsync -  (Repeated 37 times in the last 5.003s) client-5EB8545D30B0: Failed* RaftClientRequest:client-5EB8545D30B0->n1@group-D7F925094F13, cid=8, seq=2*, RW, Message:0807100118fee8b4a387...(size=11) due to java.util.concurrent.CompletionException: org.apache.ratis.protocol.exceptions.NotLeaderException: Server n1@group-D7F925094F13 is not the leader caused by NotLeaderException
[timer3] ERROR org.apache.ratis.client.impl.OrderedAsync -  (Repeated 40 times in the last 5.003s) client-7C17A780CAE5: Failed* RaftClientRequest:client-7C17A780CAE5->n1@group-D7F925094F13, cid=10, seq=2*, RW, Message:08071003189defb4a387...(size=11) due to java.util.concurrent.CompletionException: org.apache.ratis.protocol.exceptions.NotLeaderException: Server n1@group-D7F925094F13 is not the leader caused by NotLeaderException
[timer2] ERROR org.apache.ratis.client.impl.OrderedAsync -  (Repeated 45 times in the last 5.004s) client-68CE57CF4ECF: Failed* RaftClientRequest:client-68CE57CF4ECF->n1@group-D7F925094F13, cid=7, seq=2*, RW, Message:08011002189ce9b4a387...(size=19) due to java.util.concurrent.CompletionException: org.apache.ratis.protocol.exceptions.NotLeaderException: Server n1@group-D7F925094F13 is not the leader caused by NotLeaderException
[timer7] ERROR org.apache.ratis.client.impl.OrderedAsync -  (Repeated 29 times in the last 5.002s) client-68CE57CF4ECF: Failed* RaftClientRequest:client-68CE57CF4ECF->n3@group-D7F925094F13, cid=7, seq=2*, RW, Message:08011002189ce9b4a387...(size=19)
java.util.concurrent.CompletionException: java.io.IOException: org.apache.ratis.thirdparty.io.grpc.StatusRuntimeException: UNAVAILABLE: io exception
	at java.base/java.util.concurrent.CompletableFuture.wrapInCompletionException(CompletableFuture.java:323)
	at java.base/java.util.concurrent.CompletableFuture.encodeThrowable(CompletableFuture.java:376)
	at java.base/java.util.concurrent.CompletableFuture.completeThrowable(CompletableFuture.java:391)
	at java.base/java.util.concurrent.CompletableFuture$UniAccept.tryFire(CompletableFuture.java:729)
	at java.base/java.util.concurrent.CompletableFuture.postComplete(CompletableFuture.java:531)
	at java.base/java.util.concurrent.CompletableFuture.completeExceptionally(CompletableFuture.java:2221)
	at org.apache.ratis.grpc.client.GrpcClientProtocolClient$AsyncStreamObservers.completeReplyExceptionally(GrpcClientProtocolClient.java:409)
	at org.apache.ratis.grpc.client.GrpcClientProtocolClient$AsyncStreamObservers.access$000(GrpcClientProtocolClient.java:308)
	at org.apache.ratis.grpc.client.GrpcClientProtocolClient$AsyncStreamObservers$1.onError(GrpcClientProtocolClient.java:339)
	at org.apache.ratis.thirdparty.io.grpc.stub.ClientCalls$StreamObserverToCallListenerAdapter.onClose(ClientCalls.java:581)
	at org.apache.ratis.thirdparty.io.grpc.PartialForwardingClientCallListener.onClose(PartialForwardingClientCallListener.java:39)
	at org.apache.ratis.thirdparty.io.grpc.ForwardingClientCallListener.onClose(ForwardingClientCallListener.java:23)
	at org.apache.ratis.grpc.metrics.intercept.client.MetricClientCallListener.onClose(MetricClientCallListener.java:47)
	at org.apache.ratis.thirdparty.io.grpc.internal.ClientCallImpl.closeObserver(ClientCallImpl.java:566)
	at org.apache.ratis.thirdparty.io.grpc.internal.ClientCallImpl.access$100(ClientCallImpl.java:72)
	at org.apache.ratis.thirdparty.io.grpc.internal.ClientCallImpl$ClientStreamListenerImpl$1StreamClosed.runInternal(ClientCallImpl.java:734)
	at org.apache.ratis.thirdparty.io.grpc.internal.ClientCallImpl$ClientStreamListenerImpl$1StreamClosed.runInContext(ClientCallImpl.java:715)
	at org.apache.ratis.thirdparty.io.grpc.internal.ContextRunnable.run(ContextRunnable.java:37)
	at org.apache.ratis.thirdparty.io.grpc.internal.SerializingExecutor.run(SerializingExecutor.java:133)
	at java.base/java.util.concurrent.ThreadPoolExecutor.runWorker(ThreadPoolExecutor.java:1090)
	at java.base/java.util.concurrent.ThreadPoolExecutor$Worker.run(ThreadPoolExecutor.java:614)
	at java.base/java.lang.Thread.run(Thread.java:1474)
Caused by: java.io.IOException: org.apache.ratis.thirdparty.io.grpc.StatusRuntimeException: UNAVAILABLE: io exception
	at org.apache.ratis.grpc.GrpcUtil.unwrapException(GrpcUtil.java:117)
	at org.apache.ratis.grpc.GrpcUtil.unwrapIOException(GrpcUtil.java:179)
	at org.apache.ratis.grpc.client.GrpcClientProtocolClient$AsyncStreamObservers$1.onError(GrpcClientProtocolClient.java:338)
	... 13 more
Caused by: org.apache.ratis.thirdparty.io.grpc.StatusRuntimeException: UNAVAILABLE: io exception
	at org.apache.ratis.thirdparty.io.grpc.Status.asRuntimeException(Status.java:532)
	... 13 more
Caused by: org.apache.ratis.thirdparty.io.netty.channel.AbstractChannel$AnnotatedConnectException: finishConnect(..) failed with error(-111): 连接被拒绝: /127.0.0.1:34471
Caused by: java.net.ConnectException: finishConnect(..) failed with error(-111): 连接被拒绝
	at org.apache.ratis.thirdparty.io.netty.channel.unix.Errors.newConnectException0(Errors.java:166)
	at org.apache.ratis.thirdparty.io.netty.channel.unix.Errors.handleConnectErrno(Errors.java:131)
	at org.apache.ratis.thirdparty.io.netty.channel.unix.Socket.finishConnect(Socket.java:359)
	at org.apache.ratis.thirdparty.io.netty.channel.epoll.AbstractEpollChannel$AbstractEpollUnsafe.doFinishConnect(AbstractEpollChannel.java:715)
	at org.apache.ratis.thirdparty.io.netty.channel.epoll.AbstractEpollChannel$AbstractEpollUnsafe.finishConnect(AbstractEpollChannel.java:692)
	at org.apache.ratis.thirdparty.io.netty.channel.epoll.AbstractEpollChannel$AbstractEpollUnsafe.epollOutReady(AbstractEpollChannel.java:567)
	at org.apache.ratis.thirdparty.io.netty.channel.epoll.EpollEventLoop.processReady(EpollEventLoop.java:491)
	at org.apache.ratis.thirdparty.io.netty.channel.epoll.EpollEventLoop.run(EpollEventLoop.java:399)
	at org.apache.ratis.thirdparty.io.netty.util.concurrent.SingleThreadEventExecutor$4.run(SingleThreadEventExecutor.java:1007)
	at org.apache.ratis.thirdparty.io.netty.util.internal.ThreadExecutorMap$2.run(ThreadExecutorMap.java:74)
	at org.apache.ratis.thirdparty.io.netty.util.concurrent.FastThreadLocalRunnable.run(FastThreadLocalRunnable.java:30)
	at java.base/java.lang.Thread.run(Thread.java:1474)
[timer1] ERROR org.apache.ratis.client.impl.OrderedAsync -  (Repeated 33 times in the last 5.003s) client-7C17A780CAE5: Failed* RaftClientRequest:client-7C17A780CAE5->n3@group-D7F925094F13, cid=10, seq=2*, RW, Message:08071003189defb4a387...(size=11)
java.util.concurrent.CompletionException: java.io.IOException: org.apache.ratis.thirdparty.io.grpc.StatusRuntimeException: UNAVAILABLE: io exception
	at java.base/java.util.concurrent.CompletableFuture.wrapInCompletionException(CompletableFuture.java:323)
	at java.base/java.util.concurrent.CompletableFuture.encodeThrowable(CompletableFuture.java:376)
	at java.base/java.util.concurrent.CompletableFuture.completeThrowable(CompletableFuture.java:391)
	at java.base/java.util.concurrent.CompletableFuture$UniAccept.tryFire(CompletableFuture.java:729)
	at java.base/java.util.concurrent.CompletableFuture.postComplete(CompletableFuture.java:531)
	at java.base/java.util.concurrent.CompletableFuture.completeExceptionally(CompletableFuture.java:2221)
	at org.apache.ratis.grpc.client.GrpcClientProtocolClient$AsyncStreamObservers.completeReplyExceptionally(GrpcClientProtocolClient.java:409)
	at org.apache.ratis.grpc.client.GrpcClientProtocolClient$AsyncStreamObservers.access$000(GrpcClientProtocolClient.java:308)
	at org.apache.ratis.grpc.client.GrpcClientProtocolClient$AsyncStreamObservers$1.onError(GrpcClientProtocolClient.java:339)
	at org.apache.ratis.thirdparty.io.grpc.stub.ClientCalls$StreamObserverToCallListenerAdapter.onClose(ClientCalls.java:581)
	at org.apache.ratis.thirdparty.io.grpc.PartialForwardingClientCallListener.onClose(PartialForwardingClientCallListener.java:39)
	at org.apache.ratis.thirdparty.io.grpc.ForwardingClientCallListener.onClose(ForwardingClientCallListener.java:23)
	at org.apache.ratis.grpc.metrics.intercept.client.MetricClientCallListener.onClose(MetricClientCallListener.java:47)
	at org.apache.ratis.thirdparty.io.grpc.internal.ClientCallImpl.closeObserver(ClientCallImpl.java:566)
	at org.apache.ratis.thirdparty.io.grpc.internal.ClientCallImpl.access$100(ClientCallImpl.java:72)
	at org.apache.ratis.thirdparty.io.grpc.internal.ClientCallImpl$ClientStreamListenerImpl$1StreamClosed.runInternal(ClientCallImpl.java:734)
	at org.apache.ratis.thirdparty.io.grpc.internal.ClientCallImpl$ClientStreamListenerImpl$1StreamClosed.runInContext(ClientCallImpl.java:715)
	at org.apache.ratis.thirdparty.io.grpc.internal.ContextRunnable.run(ContextRunnable.java:37)
	at org.apache.ratis.thirdparty.io.grpc.internal.SerializingExecutor.run(SerializingExecutor.java:133)
	at java.base/java.util.concurrent.ThreadPoolExecutor.runWorker(ThreadPoolExecutor.java:1090)
	at java.base/java.util.concurrent.ThreadPoolExecutor$Worker.run(ThreadPoolExecutor.java:614)
	at java.base/java.lang.Thread.run(Thread.java:1474)
Caused by: java.io.IOException: org.apache.ratis.thirdparty.io.grpc.StatusRuntimeException: UNAVAILABLE: io exception
	at org.apache.ratis.grpc.GrpcUtil.unwrapException(GrpcUtil.java:117)
	at org.apache.ratis.grpc.GrpcUtil.unwrapIOException(GrpcUtil.java:179)
	at org.apache.ratis.grpc.client.GrpcClientProtocolClient$AsyncStreamObservers$1.onError(GrpcClientProtocolClient.java:338)
	... 13 more
Caused by: org.apache.ratis.thirdparty.io.grpc.StatusRuntimeException: UNAVAILABLE: io exception
	at org.apache.ratis.thirdparty.io.grpc.Status.asRuntimeException(Status.java:532)
	... 13 more
Caused by: org.apache.ratis.thirdparty.io.netty.channel.AbstractChannel$AnnotatedConnectException: finishConnect(..) failed with error(-111): 连接被拒绝: /127.0.0.1:34471
Caused by: java.net.ConnectException: finishConnect(..) failed with error(-111): 连接被拒绝
	at org.apache.ratis.thirdparty.io.netty.channel.unix.Errors.newConnectException0(Errors.java:166)
	at org.apache.ratis.thirdparty.io.netty.channel.unix.Errors.handleConnectErrno(Errors.java:131)
	at org.apache.ratis.thirdparty.io.netty.channel.unix.Socket.finishConnect(Socket.java:359)
	at org.apache.ratis.thirdparty.io.netty.channel.epoll.AbstractEpollChannel$AbstractEpollUnsafe.doFinishConnect(AbstractEpollChannel.java:715)
	at org.apache.ratis.thirdparty.io.netty.channel.epoll.AbstractEpollChannel$AbstractEpollUnsafe.finishConnect(AbstractEpollChannel.java:692)
	at org.apache.ratis.thirdparty.io.netty.channel.epoll.AbstractEpollChannel$AbstractEpollUnsafe.epollOutReady(AbstractEpollChannel.java:567)
	at org.apache.ratis.thirdparty.io.netty.channel.epoll.EpollEventLoop.processReady(EpollEventLoop.java:491)
	at org.apache.ratis.thirdparty.io.netty.channel.epoll.EpollEventLoop.run(EpollEventLoop.java:399)
	at org.apache.ratis.thirdparty.io.netty.util.concurrent.SingleThreadEventExecutor$4.run(SingleThreadEventExecutor.java:1007)
	at org.apache.ratis.thirdparty.io.netty.util.internal.ThreadExecutorMap$2.run(ThreadExecutorMap.java:74)
	at org.apache.ratis.thirdparty.io.netty.util.concurrent.FastThreadLocalRunnable.run(FastThreadLocalRunnable.java:30)
	at java.base/java.lang.Thread.run(Thread.java:1474)
[timer3] ERROR org.apache.ratis.client.impl.OrderedAsync -  (Repeated 36 times in the last 5.000s) client-68CE57CF4ECF: Failed* RaftClientRequest:client-68CE57CF4ECF->n2@group-D7F925094F13, cid=7, seq=2*, RW, Message:08011002189ce9b4a387...(size=19) due to java.util.concurrent.CompletionException: org.apache.ratis.protocol.exceptions.NotLeaderException: Server n2@group-D7F925094F13 is not the leader caused by NotLeaderException
[timer4] ERROR org.apache.ratis.client.impl.OrderedAsync -  (Repeated 41 times in the last 5.000s) client-5EB8545D30B0: Failed* RaftClientRequest:client-5EB8545D30B0->n2@group-D7F925094F13, cid=8, seq=2*, RW, Message:0807100118fee8b4a387...(size=11) due to java.util.concurrent.CompletionException: org.apache.ratis.protocol.exceptions.NotLeaderException: Server n2@group-D7F925094F13 is not the leader caused by NotLeaderException
[timer6] ERROR org.apache.ratis.client.impl.OrderedAsync -  (Repeated 45 times in the last 5.001s) client-7C17A780CAE5: Failed* RaftClientRequest:client-7C17A780CAE5->n2@group-D7F925094F13, cid=10, seq=2*, RW, Message:08071003189defb4a387...(size=11) due to java.util.concurrent.CompletionException: org.apache.ratis.protocol.exceptions.NotLeaderException: Server n2@group-D7F925094F13 is not the leader caused by NotLeaderException
[timer0] ERROR org.apache.ratis.client.impl.OrderedAsync -  (Repeated 29 times in the last 5.005s) client-5EB8545D30B0: Failed* RaftClientRequest:client-5EB8545D30B0->n3@group-D7F925094F13, cid=8, seq=2*, RW, Message:0807100118fee8b4a387...(size=11)
java.util.concurrent.CompletionException: java.io.IOException: org.apache.ratis.thirdparty.io.grpc.StatusRuntimeException: UNAVAILABLE: io exception
	at java.base/java.util.concurrent.CompletableFuture.wrapInCompletionException(CompletableFuture.java:323)
	at java.base/java.util.concurrent.CompletableFuture.encodeThrowable(CompletableFuture.java:376)
	at java.base/java.util.concurrent.CompletableFuture.completeThrowable(CompletableFuture.java:391)
	at java.base/java.util.concurrent.CompletableFuture$UniAccept.tryFire(CompletableFuture.java:729)
	at java.base/java.util.concurrent.CompletableFuture.postComplete(CompletableFuture.java:531)
	at java.base/java.util.concurrent.CompletableFuture.completeExceptionally(CompletableFuture.java:2221)
	at org.apache.ratis.grpc.client.GrpcClientProtocolClient$AsyncStreamObservers.completeReplyExceptionally(GrpcClientProtocolClient.java:409)
	at org.apache.ratis.grpc.client.GrpcClientProtocolClient$AsyncStreamObservers.access$000(GrpcClientProtocolClient.java:308)
	at org.apache.ratis.grpc.client.GrpcClientProtocolClient$AsyncStreamObservers$1.onError(GrpcClientProtocolClient.java:339)
	at org.apache.ratis.thirdparty.io.grpc.stub.ClientCalls$StreamObserverToCallListenerAdapter.onClose(ClientCalls.java:581)
	at org.apache.ratis.thirdparty.io.grpc.PartialForwardingClientCallListener.onClose(PartialForwardingClientCallListener.java:39)
	at org.apache.ratis.thirdparty.io.grpc.ForwardingClientCallListener.onClose(ForwardingClientCallListener.java:23)
	at org.apache.ratis.grpc.metrics.intercept.client.MetricClientCallListener.onClose(MetricClientCallListener.java:47)
	at org.apache.ratis.thirdparty.io.grpc.internal.DelayedClientCall$DelayedListener$3.run(DelayedClientCall.java:553)
	at org.apache.ratis.thirdparty.io.grpc.internal.DelayedClientCall$DelayedListener.delayOrExecute(DelayedClientCall.java:482)
	at org.apache.ratis.thirdparty.io.grpc.internal.DelayedClientCall$DelayedListener.onClose(DelayedClientCall.java:537)
	at org.apache.ratis.thirdparty.io.grpc.internal.ClientCallImpl.closeObserver(ClientCallImpl.java:566)
	at org.apache.ratis.thirdparty.io.grpc.internal.ClientCallImpl.access$100(ClientCallImpl.java:72)
	at org.apache.ratis.thirdparty.io.grpc.internal.ClientCallImpl$ClientStreamListenerImpl$1StreamClosed.runInternal(ClientCallImpl.java:734)
	at org.apache.ratis.thirdparty.io.grpc.internal.ClientCallImpl$ClientStreamListenerImpl$1StreamClosed.runInContext(ClientCallImpl.java:715)
	at org.apache.ratis.thirdparty.io.grpc.internal.ContextRunnable.run(ContextRunnable.java:37)
	at org.apache.ratis.thirdparty.io.grpc.internal.SerializingExecutor.run(SerializingExecutor.java:133)
	at java.base/java.util.concurrent.ThreadPoolExecutor.runWorker(ThreadPoolExecutor.java:1090)
	at java.base/java.util.concurrent.ThreadPoolExecutor$Worker.run(ThreadPoolExecutor.java:614)
	at java.base/java.lang.Thread.run(Thread.java:1474)
Caused by: java.io.IOException: org.apache.ratis.thirdparty.io.grpc.StatusRuntimeException: UNAVAILABLE: io exception
	at org.apache.ratis.grpc.GrpcUtil.unwrapException(GrpcUtil.java:117)
	at org.apache.ratis.grpc.GrpcUtil.unwrapIOException(GrpcUtil.java:179)
	at org.apache.ratis.grpc.client.GrpcClientProtocolClient$AsyncStreamObservers$1.onError(GrpcClientProtocolClient.java:338)
	... 16 more
Caused by: org.apache.ratis.thirdparty.io.grpc.StatusRuntimeException: UNAVAILABLE: io exception
	at org.apache.ratis.thirdparty.io.grpc.Status.asRuntimeException(Status.java:532)
	... 16 more
Caused by: org.apache.ratis.thirdparty.io.netty.channel.AbstractChannel$AnnotatedConnectException: finishConnect(..) failed with error(-111): 连接被拒绝: /127.0.0.1:34471
Caused by: java.net.ConnectException: finishConnect(..) failed with error(-111): 连接被拒绝
	at org.apache.ratis.thirdparty.io.netty.channel.unix.Errors.newConnectException0(Errors.java:166)
	at org.apache.ratis.thirdparty.io.netty.channel.unix.Errors.handleConnectErrno(Errors.java:131)
	at org.apache.ratis.thirdparty.io.netty.channel.unix.Socket.finishConnect(Socket.java:359)
	at org.apache.ratis.thirdparty.io.netty.channel.epoll.AbstractEpollChannel$AbstractEpollUnsafe.doFinishConnect(AbstractEpollChannel.java:715)
	at org.apache.ratis.thirdparty.io.netty.channel.epoll.AbstractEpollChannel$AbstractEpollUnsafe.finishConnect(AbstractEpollChannel.java:692)
	at org.apache.ratis.thirdparty.io.netty.channel.epoll.AbstractEpollChannel$AbstractEpollUnsafe.epollOutReady(AbstractEpollChannel.java:567)
	at org.apache.ratis.thirdparty.io.netty.channel.epoll.EpollEventLoop.processReady(EpollEventLoop.java:491)
	at org.apache.ratis.thirdparty.io.netty.channel.epoll.EpollEventLoop.run(EpollEventLoop.java:399)
	at org.apache.ratis.thirdparty.io.netty.util.concurrent.SingleThreadEventExecutor$4.run(SingleThreadEventExecutor.java:1007)
	at org.apache.ratis.thirdparty.io.netty.util.internal.ThreadExecutorMap$2.run(ThreadExecutorMap.java:74)
	at org.apache.ratis.thirdparty.io.netty.util.concurrent.FastThreadLocalRunnable.run(FastThreadLocalRunnable.java:30)
	at java.base/java.lang.Thread.run(Thread.java:1474)
[timer2] ERROR org.apache.ratis.client.impl.OrderedAsync -  (Repeated 5 times in the last 5.000s) client-7C17A780CAE5: Failed* RaftClientRequest:client-7C17A780CAE5->n3@group-D7F925094F13, cid=10, seq=2*, RW, Message:08071003189defb4a387...(size=11) due to java.util.concurrent.CompletionException: org.apache.ratis.protocol.exceptions.AlreadyClosedException: client-7C17A780CAE5->n3 is closed. caused by AlreadyClosedException
[grpc-default-executor-5] INFO org.apache.ratis.server.RaftServer$Division - n1@group-D7F925094F13: receive requestVote(PRE_VOTE, n2, group-D7F925094F13, 4, (t:2, i:25))
[grpc-default-executor-5] INFO org.apache.ratis.server.impl.VoteContext - n1@group-D7F925094F13-FOLLOWER: reject PRE_VOTE from n2: this server is a follower and still has a valid leader n3 different than the candidate n2
[grpc-default-executor-5] INFO org.apache.ratis.server.RaftServer$Division - n1@group-D7F925094F13 replies to PRE_VOTE vote request: n2<-n1#35:FAIL-t4-last:(t:4, i:98). Peer's state: n1@group-D7F925094F13:t4, leader=n3, voted=null, raftlog=Memoized:n1@group-D7F925094F13-SegmentedRaftLog:OPENED:c96:last(t:4, i:98), conf=conf: {index: 16, cur=peers:[n1|127.0.0.1:33293, n2|127.0.0.1:43757, n3|127.0.0.1:34471]|listeners:[], old=null}
[timer3] ERROR org.apache.ratis.client.impl.OrderedAsync -  (Repeated 7 times in the last 5.000s) client-5EB8545D30B0: Failed* RaftClientRequest:client-5EB8545D30B0->n3@group-D7F925094F13, cid=8, seq=2*, RW, Message:0807100118fee8b4a387...(size=11) due to java.util.concurrent.CompletionException: org.apache.ratis.protocol.exceptions.AlreadyClosedException: client-5EB8545D30B0->n3 is closed. caused by AlreadyClosedException
[timer2] ERROR org.apache.ratis.client.impl.OrderedAsync -  (Repeated 8 times in the last 5.000s) client-68CE57CF4ECF: Failed* RaftClientRequest:client-68CE57CF4ECF->n3@group-D7F925094F13, cid=7, seq=2*, RW, Message:08011002189ce9b4a387...(size=19) due to java.util.concurrent.CompletionException: org.apache.ratis.protocol.exceptions.NotLeaderException: Server n3@group-D7F925094F13 is not the leader caused by NotLeaderException
[timer1] ERROR org.apache.ratis.client.impl.OrderedAsync -  (Repeated 6 times in the last 5.000s) client-7C17A780CAE5: Failed* RaftClientRequest:client-7C17A780CAE5->n3@group-D7F925094F13, cid=10, seq=2*, RW, Message:08071003189defb4a387...(size=11) due to java.util.concurrent.CompletionException: org.apache.ratis.protocol.exceptions.NotLeaderException: Server n3@group-D7F925094F13 is not the leader caused by NotLeaderException
[timer3] ERROR org.apache.ratis.client.impl.OrderedAsync -  (Repeated 6 times in the last 5.000s) client-5EB8545D30B0: Failed* RaftClientRequest:client-5EB8545D30B0->n3@group-D7F925094F13, cid=8, seq=2*, RW, Message:0807100118fee8b4a387...(size=11) due to java.util.concurrent.CompletionException: org.apache.ratis.protocol.exceptions.NotLeaderException: Server n3@group-D7F925094F13 is not the leader caused by NotLeaderException
[timer1] ERROR org.apache.ratis.client.impl.OrderedAsync -  (Repeated 5 times in the last 5.007s) client-5EB8545D30B0: Failed* RaftClientRequest:client-5EB8545D30B0->n3@group-D7F925094F13, cid=8, seq=2*, RW, Message:0807100118fee8b4a387...(size=11)
java.util.concurrent.CompletionException: org.apache.ratis.protocol.exceptions.LeaderNotReadyException: n3@group-D7F925094F13 is in LEADER state but not ready yet.
	at java.base/java.util.concurrent.CompletableFuture.wrapInCompletionException(CompletableFuture.java:323)
	at java.base/java.util.concurrent.CompletableFuture.encodeThrowable(CompletableFuture.java:376)
	at java.base/java.util.concurrent.CompletableFuture.completeThrowable(CompletableFuture.java:391)
	at java.base/java.util.concurrent.CompletableFuture$UniAccept.tryFire(CompletableFuture.java:729)
	at java.base/java.util.concurrent.CompletableFuture.postComplete(CompletableFuture.java:531)
	at java.base/java.util.concurrent.CompletableFuture.completeExceptionally(CompletableFuture.java:2221)
	at org.apache.ratis.grpc.client.GrpcClientProtocolClient$AsyncStreamObservers.completeReplyExceptionally(GrpcClientProtocolClient.java:409)
	at org.apache.ratis.grpc.client.GrpcClientProtocolClient$AsyncStreamObservers.access$000(GrpcClientProtocolClient.java:308)
	at org.apache.ratis.grpc.client.GrpcClientProtocolClient$AsyncStreamObservers$1.onNext(GrpcClientProtocolClient.java:327)
	at org.apache.ratis.grpc.client.GrpcClientProtocolClient$AsyncStreamObservers$1.onNext(GrpcClientProtocolClient.java:313)
	at org.apache.ratis.thirdparty.io.grpc.stub.ClientCalls$StreamObserverToCallListenerAdapter.onMessage(ClientCalls.java:568)
	at org.apache.ratis.thirdparty.io.grpc.ForwardingClientCallListener.onMessage(ForwardingClientCallListener.java:33)
	at org.apache.ratis.thirdparty.io.grpc.internal.DelayedClientCall$DelayedListener.deliverMessage(DelayedClientCall.java:529)
	at org.apache.ratis.thirdparty.io.grpc.internal.DelayedClientCall$DelayedListener.onMessage(DelayedClientCall.java:513)
	at org.apache.ratis.thirdparty.io.grpc.internal.ClientCallImpl$ClientStreamListenerImpl$1MessagesAvailable.runInternal(ClientCallImpl.java:662)
	at org.apache.ratis.thirdparty.io.grpc.internal.ClientCallImpl$ClientStreamListenerImpl$1MessagesAvailable.runInContext(ClientCallImpl.java:649)
	at org.apache.ratis.thirdparty.io.grpc.internal.ContextRunnable.run(ContextRunnable.java:37)
	at org.apache.ratis.thirdparty.io.grpc.internal.SerializingExecutor.run(SerializingExecutor.java:133)
	at java.base/java.util.concurrent.ThreadPoolExecutor.runWorker(ThreadPoolExecutor.java:1090)
	at java.base/java.util.concurrent.ThreadPoolExecutor$Worker.run(ThreadPoolExecutor.java:614)
	at java.base/java.lang.Thread.run(Thread.java:1474)
Caused by: org.apache.ratis.protocol.exceptions.LeaderNotReadyException: n3@group-D7F925094F13 is in LEADER state but not ready yet.
	at org.apache.ratis.client.impl.ClientProtoUtils.toRaftClientReply(ClientProtoUtils.java:421)
	at org.apache.ratis.grpc.client.GrpcClientProtocolClient$AsyncStreamObservers$1.onNext(GrpcClientProtocolClient.java:318)
	... 12 more
[timer3] ERROR org.apache.ratis.client.impl.OrderedAsync -  (Repeated 4 times in the last 5.005s) client-68CE57CF4ECF: Failed* RaftClientRequest:client-68CE57CF4ECF->n3@group-D7F925094F13, cid=7, seq=2*, RW, Message:08011002189ce9b4a387...(size=19)
java.util.concurrent.CompletionException: org.apache.ratis.protocol.exceptions.LeaderNotReadyException: n3@group-D7F925094F13 is in LEADER state but not ready yet.
	at java.base/java.util.concurrent.CompletableFuture.wrapInCompletionException(CompletableFuture.java:323)
	at java.base/java.util.concurrent.CompletableFuture.encodeThrowable(CompletableFuture.java:376)
	at java.base/java.util.concurrent.CompletableFuture.completeThrowable(CompletableFuture.java:391)
	at java.base/java.util.concurrent.CompletableFuture$UniAccept.tryFire(CompletableFuture.java:729)
	at java.base/java.util.concurrent.CompletableFuture.postComplete(CompletableFuture.java:531)
	at java.base/java.util.concurrent.CompletableFuture.completeExceptionally(CompletableFuture.java:2221)
	at org.apache.ratis.grpc.client.GrpcClientProtocolClient$AsyncStreamObservers.completeReplyExceptionally(GrpcClientProtocolClient.java:409)
	at org.apache.ratis.grpc.client.GrpcClientProtocolClient$AsyncStreamObservers.access$000(GrpcClientProtocolClient.java:308)
	at org.apache.ratis.grpc.client.GrpcClientProtocolClient$AsyncStreamObservers$1.onNext(GrpcClientProtocolClient.java:327)
	at org.apache.ratis.grpc.client.GrpcClientProtocolClient$AsyncStreamObservers$1.onNext(GrpcClientProtocolClient.java:313)
	at org.apache.ratis.thirdparty.io.grpc.stub.ClientCalls$StreamObserverToCallListenerAdapter.onMessage(ClientCalls.java:568)
	at org.apache.ratis.thirdparty.io.grpc.ForwardingClientCallListener.onMessage(ForwardingClientCallListener.java:33)
	at org.apache.ratis.thirdparty.io.grpc.internal.DelayedClientCall$DelayedListener.deliverMessage(DelayedClientCall.java:529)
	at org.apache.ratis.thirdparty.io.grpc.internal.DelayedClientCall$DelayedListener.onMessage(DelayedClientCall.java:513)
	at org.apache.ratis.thirdparty.io.grpc.internal.ClientCallImpl$ClientStreamListenerImpl$1MessagesAvailable.runInternal(ClientCallImpl.java:662)
	at org.apache.ratis.thirdparty.io.grpc.internal.ClientCallImpl$ClientStreamListenerImpl$1MessagesAvailable.runInContext(ClientCallImpl.java:649)
	at org.apache.ratis.thirdparty.io.grpc.internal.ContextRunnable.run(ContextRunnable.java:37)
	at org.apache.ratis.thirdparty.io.grpc.internal.SerializingExecutor.run(SerializingExecutor.java:133)
	at java.base/java.util.concurrent.ThreadPoolExecutor.runWorker(ThreadPoolExecutor.java:1090)
	at java.base/java.util.concurrent.ThreadPoolExecutor$Worker.run(ThreadPoolExecutor.java:614)
	at java.base/java.lang.Thread.run(Thread.java:1474)
Caused by: org.apache.ratis.protocol.exceptions.LeaderNotReadyException: n3@group-D7F925094F13 is in LEADER state but not ready yet.
	at org.apache.ratis.client.impl.ClientProtoUtils.toRaftClientReply(ClientProtoUtils.java:421)
	at org.apache.ratis.grpc.client.GrpcClientProtocolClient$AsyncStreamObservers$1.onNext(GrpcClientProtocolClient.java:318)
	... 12 more
[timer5] ERROR org.apache.ratis.client.impl.OrderedAsync -  (Repeated 4 times in the last 5.001s) client-68CE57CF4ECF: Failed* RaftClientRequest:client-68CE57CF4ECF->n3@group-D7F925094F13, cid=7, seq=2*, RW, Message:08011002189ce9b4a387...(size=19) due to java.util.concurrent.CompletionException: org.apache.ratis.protocol.exceptions.AlreadyClosedException: client-68CE57CF4ECF->n3 is closed. caused by AlreadyClosedException
[timer6] ERROR org.apache.ratis.client.impl.OrderedAsync -  (Repeated 3 times in the last 5.004s) client-7C17A780CAE5: Failed* RaftClientRequest:client-7C17A780CAE5->n3@group-D7F925094F13, cid=10, seq=2*, RW, Message:08071003189defb4a387...(size=11)
java.util.concurrent.CompletionException: org.apache.ratis.protocol.exceptions.LeaderNotReadyException: n3@group-D7F925094F13 is in LEADER state but not ready yet.
	at java.base/java.util.concurrent.CompletableFuture.wrapInCompletionException(CompletableFuture.java:323)
	at java.base/java.util.concurrent.CompletableFuture.encodeThrowable(CompletableFuture.java:376)
	at java.base/java.util.concurrent.CompletableFuture.completeThrowable(CompletableFuture.java:391)
	at java.base/java.util.concurrent.CompletableFuture$UniAccept.tryFire(CompletableFuture.java:729)
	at java.base/java.util.concurrent.CompletableFuture.postComplete(CompletableFuture.java:531)
	at java.base/java.util.concurrent.CompletableFuture.completeExceptionally(CompletableFuture.java:2221)
	at org.apache.ratis.grpc.client.GrpcClientProtocolClient$AsyncStreamObservers.completeReplyExceptionally(GrpcClientProtocolClient.java:409)
	at org.apache.ratis.grpc.client.GrpcClientProtocolClient$AsyncStreamObservers.access$000(GrpcClientProtocolClient.java:308)
	at org.apache.ratis.grpc.client.GrpcClientProtocolClient$AsyncStreamObservers$1.onNext(GrpcClientProtocolClient.java:327)
	at org.apache.ratis.grpc.client.GrpcClientProtocolClient$AsyncStreamObservers$1.onNext(GrpcClientProtocolClient.java:313)
	at org.apache.ratis.thirdparty.io.grpc.stub.ClientCalls$StreamObserverToCallListenerAdapter.onMessage(ClientCalls.java:568)
	at org.apache.ratis.thirdparty.io.grpc.ForwardingClientCallListener.onMessage(ForwardingClientCallListener.java:33)
	at org.apache.ratis.thirdparty.io.grpc.internal.DelayedClientCall$DelayedListener.deliverMessage(DelayedClientCall.java:529)
	at org.apache.ratis.thirdparty.io.grpc.internal.DelayedClientCall$DelayedListener.onMessage(DelayedClientCall.java:513)
	at org.apache.ratis.thirdparty.io.grpc.internal.ClientCallImpl$ClientStreamListenerImpl$1MessagesAvailable.runInternal(ClientCallImpl.java:662)
	at org.apache.ratis.thirdparty.io.grpc.internal.ClientCallImpl$ClientStreamListenerImpl$1MessagesAvailable.runInContext(ClientCallImpl.java:649)
	at org.apache.ratis.thirdparty.io.grpc.internal.ContextRunnable.run(ContextRunnable.java:37)
	at org.apache.ratis.thirdparty.io.grpc.internal.SerializingExecutor.run(SerializingExecutor.java:133)
	at java.base/java.util.concurrent.ThreadPoolExecutor.runWorker(ThreadPoolExecutor.java:1090)
	at java.base/java.util.concurrent.ThreadPoolExecutor$Worker.run(ThreadPoolExecutor.java:614)
	at java.base/java.lang.Thread.run(Thread.java:1474)
Caused by: org.apache.ratis.protocol.exceptions.LeaderNotReadyException: n3@group-D7F925094F13 is in LEADER state but not ready yet.
	at org.apache.ratis.client.impl.ClientProtoUtils.toRaftClientReply(ClientProtoUtils.java:421)
	at org.apache.ratis.grpc.client.GrpcClientProtocolClient$AsyncStreamObservers$1.onNext(GrpcClientProtocolClient.java:318)
	... 12 more
[timer0] ERROR org.apache.ratis.client.impl.OrderedAsync -  (Repeated 2 times in the last 5.003s) client-68CE57CF4ECF: Failed* RaftClientRequest:client-68CE57CF4ECF->n2@group-D7F925094F13, cid=7, seq=2*, RW, Message:08011002189ce9b4a387...(size=19) due to java.util.concurrent.CompletionException: org.apache.ratis.protocol.exceptions.NotLeaderException: Server n2@group-D7F925094F13 is not the leader, suggested leader is: n3|127.0.0.1:34471 caused by NotLeaderException
[timer6] ERROR org.apache.ratis.client.impl.OrderedAsync -  (Repeated 2 times in the last 5.004s) client-D49B2407B27F: Failed* RaftClientRequest:client-D49B2407B27F->n1@group-D7F925094F13, cid=12, seq=2*, RW, Message:0802100418d687b5a387...(size=19) due to java.util.concurrent.CompletionException: org.apache.ratis.protocol.exceptions.NotLeaderException: Server n1@group-D7F925094F13 is not the leader, suggested leader is: n3|127.0.0.1:34471 caused by NotLeaderException
[grpc-default-executor-5] INFO org.apache.ratis.server.RaftServer$Division - n1@group-D7F925094F13: receive requestVote(PRE_VOTE, n2, group-D7F925094F13, 4, (t:2, i:25))
[grpc-default-executor-5] INFO org.apache.ratis.server.impl.VoteContext - n1@group-D7F925094F13-FOLLOWER: reject PRE_VOTE from n2: this server is a follower and still has a valid leader n3 different than the candidate n2
[grpc-default-executor-5] INFO org.apache.ratis.server.RaftServer$Division - n1@group-D7F925094F13 replies to PRE_VOTE vote request: n2<-n1#37:FAIL-t4-last:(t:4, i:238). Peer's state: n1@group-D7F925094F13:t4, leader=n3, voted=null, raftlog=Memoized:n1@group-D7F925094F13-SegmentedRaftLog:OPENED:c237:last(t:4, i:238), conf=conf: {index: 16, cur=peers:[n1|127.0.0.1:33293, n2|127.0.0.1:43757, n3|127.0.0.1:34471]|listeners:[], old=null}
