WARNING: A terminally deprecated method in sun.misc.Unsafe has been called
WARNING: sun.misc.Unsafe::allocateMemory has been called by io.netty.util.internal.PlatformDependent0$2 (file:/home/lam/workspace/OpenLatch/openlatch-server/target/openlatch-server-1.0-SNAPSHOT-executable.jar)
WARNING: Please consider reporting this to the maintainers of class io.netty.util.internal.PlatformDependent0$2
WARNING: sun.misc.Unsafe::allocateMemory will be removed in a future release
[main] INFO org.apache.ratis.server.RaftServer - Starting Apache Ratis Server -- RaftServerProxy n2
[main] INFO org.apache.ratis.server.RaftServer -                version: 3.3.0
[main] INFO org.apache.ratis.server.RaftServer -               revision: 4f4d3504f36151085d32224a200f23b3eae8d472
[main] INFO org.apache.ratis.server.RaftServer -                   java: Java HotSpot(TM) 64-Bit Server VM 25.0.3+9-LTS-195
[main] INFO org.apache.ratis.server.RaftServer -                   user: lam
[main] INFO org.apache.ratis.server.RaftServer -                 memory: max: 7.637 G, total: 496 M, free: 479.977 M
[main] INFO org.apache.ratis.server.RaftServer - raft.rpc.type = GRPC (default)
[main] INFO org.apache.ratis.grpc.GrpcConfigKeys - raft.grpc.admin.host = null (fallback to raft.grpc.server.host)
[main] INFO org.apache.ratis.grpc.GrpcConfigKeys - raft.grpc.admin.port = 45395 (fallback to raft.grpc.server.port)
[main] INFO org.apache.ratis.grpc.GrpcConfigKeys - raft.grpc.client.host = null (fallback to raft.grpc.server.host)
[main] INFO org.apache.ratis.grpc.GrpcConfigKeys - raft.grpc.client.port = 45395 (fallback to raft.grpc.server.port)
[main] INFO org.apache.ratis.grpc.GrpcConfigKeys - raft.grpc.server.port = 45395 (custom)
[main] INFO org.apache.ratis.grpc.server.GrpcServicesImpl - raft.grpc.message.size.max = 64MB (=67108864) (default)
[main] INFO org.apache.ratis.grpc.server.GrpcServicesImpl - raft.grpc.flow.control.window = 1MB (=1048576) (default)
[main] INFO org.apache.ratis.server.RaftServerConfigKeys - raft.server.rpc.request.timeout = 3000ms (default)
[main] INFO org.apache.ratis.grpc.GrpcConfigKeys - raft.grpc.server.heartbeat.channel = true (default)
[main] INFO org.apache.ratis.grpc.GrpcConfigKeys - raft.grpc.server.stub.pool.size = 1 (default)
[main] INFO org.apache.ratis.server.RaftServerConfigKeys - raft.server.log.appender.buffer.byte-limit = 4MB (=4194304) (default)
[main] INFO org.apache.ratis.grpc.GrpcConfigKeys - raft.grpc.use-epoll = true (default)
[main] INFO org.apache.ratis.grpc.GrpcConfigKeys - raft.grpc.server.boss-group.size = 0 (default)
[main] INFO org.apache.ratis.grpc.GrpcConfigKeys - raft.grpc.server.worker-group.size = 0 (default)
[main] INFO org.apache.ratis.grpc.GrpcConfigKeys - raft.grpc.client.worker-group.size = 0 (default)
[main] INFO org.apache.ratis.grpc.GrpcConfigKeys - raft.grpc.server.async.request.thread.pool.cached = true (default)
[main] INFO org.apache.ratis.grpc.GrpcConfigKeys - raft.grpc.server.async.request.thread.pool.size = 32 (default)
WARNING: A restricted method in java.lang.System has been called
WARNING: java.lang.System::loadLibrary has been called by org.apache.ratis.thirdparty.io.netty.util.internal.NativeLibraryUtil in an unnamed module (file:/home/lam/workspace/OpenLatch/openlatch-server/target/openlatch-server-1.0-SNAPSHOT-executable.jar)
WARNING: Use --enable-native-access=ALL-UNNAMED to avoid a warning for callers in this module
WARNING: Restricted methods will be blocked in a future release unless native access is enabled

[main] INFO org.apache.ratis.server.impl.DataStreamServerImpl - raft.datastream.type = DISABLED (default)
[main] INFO org.apache.ratis.server.RaftServerConfigKeys - raft.server.sleep.deviation.threshold = 300ms (default)
[main] INFO org.apache.ratis.server.RaftServerConfigKeys - raft.server.close.threshold = 60s (default)
[main] INFO org.apache.ratis.server.RaftServerConfigKeys - raft.server.leaderelection.leader.step-down.wait-time = 10s (default)
[main] INFO org.apache.ratis.server.RaftServerConfigKeys - raft.server.storage.dir = [/tmp/openlatch-roll-node-12730585906077090789] (custom)
[main] INFO org.apache.ratis.server.RaftServerConfigKeys - raft.server.threadpool.proxy.cached = false (custom)
[main] INFO org.apache.ratis.server.RaftServerConfigKeys - raft.server.threadpool.proxy.size = 4 (custom)
[n2-impl-thread1] INFO org.apache.ratis.server.RaftServer - n2: found a subdirectory /tmp/openlatch-roll-node-12730585906077090789/f0c77938-3a50-35c5-9d0a-d7f925094f13
[main] INFO org.apache.ratis.server.RaftServer - n2: addNew group-D7F925094F13:[n1|127.0.0.1:40709, n2|127.0.0.1:45395, n3|127.0.0.1:34509] returns group-D7F925094F13:java.util.concurrent.CompletableFuture@7d322cad[Not completed]
[n2-groupManagement] INFO org.apache.ratis.server.RaftServer$Division - n2: new RaftServerImpl for group-D7F925094F13:[n1|127.0.0.1:40709, n2|127.0.0.1:45395, n3|127.0.0.1:34509] with LockStateMachine-1:uninitialized
[n2-groupManagement] INFO org.apache.ratis.server.RaftServerConfigKeys - raft.server.rpc.timeout.min = 400ms (custom)
[n2-groupManagement] INFO org.apache.ratis.server.RaftServerConfigKeys - raft.server.rpc.timeout.max = 800ms (custom)
[n2-groupManagement] INFO org.apache.ratis.server.RaftServerConfigKeys - raft.server.rpc.sleep.time = 25ms (default)
[n2-groupManagement] INFO org.apache.ratis.server.RaftServerConfigKeys - raft.server.rpc.slowness.timeout = 60s (default)
[n2-groupManagement] INFO org.apache.ratis.server.RaftServerConfigKeys - raft.server.leaderelection.member.majority-add = false (default)
[n2-groupManagement] INFO org.apache.ratis.server.RaftServer$Division - n2@group-D7F925094F13: ConfigurationManager, init=conf: {index: -1, cur=peers:[n1|127.0.0.1:40709, n2|127.0.0.1:45395, n3|127.0.0.1:34509]|listeners:[], old=null}, confs=<EMPTY_MAP>
[n2-groupManagement] INFO org.apache.ratis.server.RaftServerConfigKeys - raft.server.notification.no-leader.timeout = 60s (default)
[n2-groupManagement] INFO org.apache.ratis.server.RaftServerConfigKeys - raft.server.read.timeout = 10s (default)
[n2-groupManagement] INFO org.apache.ratis.server.RaftServerConfigKeys - raft.server.retrycache.expirytime = 60s (default)
[n2-groupManagement] INFO org.apache.ratis.server.RaftServerConfigKeys - raft.server.retrycache.statistics.expirytime = 100ms (default)
[n2-groupManagement] INFO org.apache.ratis.server.RaftServerConfigKeys - raft.server.read.option = DEFAULT (default)
[n2-groupManagement] INFO org.apache.ratis.server.RaftServerConfigKeys - raft.server.read.read-after-write-consistent.write-index-cache.expiry-time = 60s (default)
[n2-groupManagement] INFO org.apache.ratis.server.RaftServerConfigKeys - raft.server.log.appender.install.snapshot.enabled = true (default)
[n2-groupManagement] INFO org.apache.ratis.server.RaftServerConfigKeys - raft.server.log.append-entries.compose.enabled = true (default)
[n2-groupManagement] INFO org.apache.ratis.server.RaftServerConfigKeys - raft.server.threadpool.server.cached = false (custom)
[n2-groupManagement] INFO org.apache.ratis.server.RaftServerConfigKeys - raft.server.threadpool.server.size = 4 (custom)
[n2-groupManagement] INFO org.apache.ratis.server.RaftServerConfigKeys - raft.server.threadpool.client.cached = false (custom)
[n2-groupManagement] INFO org.apache.ratis.server.RaftServerConfigKeys - raft.server.threadpool.client.size = 4 (custom)
[n2-impl-thread2] INFO org.apache.ratis.server.RaftServerConfigKeys - raft.server.storage.free-space.min = 0MB (=0) (default)
[n2-impl-thread2] INFO org.apache.ratis.server.RaftServerConfigKeys - raft.server.log.corruption.policy = EXCEPTION (default)
[n2-impl-thread2] INFO org.apache.ratis.server.storage.RaftStorageDirectory - Lock on /tmp/openlatch-roll-node-12730585906077090789/f0c77938-3a50-35c5-9d0a-d7f925094f13/in_use.lock acquired by nodename 29157@lam
[n2-impl-thread2] INFO org.apache.ratis.server.storage.RaftStorage - Read RaftStorageMetadata{term=1, votedFor=n2} from /tmp/openlatch-roll-node-12730585906077090789/f0c77938-3a50-35c5-9d0a-d7f925094f13/current/raft-meta
[n2-impl-thread2] INFO org.apache.ratis.server.RaftServer$Division - n2@group-D7F925094F13: set configuration conf: {index: 0, cur=peers:[n1|127.0.0.1:40709, n2|127.0.0.1:45395, n3|127.0.0.1:34509]|listeners:[], old=null}
[n2-impl-thread2] INFO io.github.lamspace.openlatch.server.raft.LockStateMachine - loaded snapshot at (t:1, i:14)
[n2-impl-thread2] INFO org.apache.ratis.server.RaftServerConfigKeys - raft.server.log.use.memory = false (default)
[n2-impl-thread2] INFO org.apache.ratis.server.RaftServer$Division - n2@group-D7F925094F13: getLatestSnapshot(LockStateMachine-1:n2:group-D7F925094F13) returns SingleFileSnapshotInfo(t:1, i:14):[/tmp/openlatch-roll-node-12730585906077090789/f0c77938-3a50-35c5-9d0a-d7f925094f13/sm/snapshot.1_14]
[n2-impl-thread2] INFO org.apache.ratis.server.raftlog.RaftLog - n2@group-D7F925094F13-SegmentedRaftLog: snapshotIndexFromStateMachine = 14
[n2-impl-thread2] INFO org.apache.ratis.server.RaftServerConfigKeys - raft.server.log.purge.gap = 1024 (default)
[n2-impl-thread2] INFO org.apache.ratis.server.RaftServerConfigKeys - raft.server.log.statemachine.data.read.timeout = 1000ms (default)
[n2-impl-thread2] INFO org.apache.ratis.server.RaftServerConfigKeys - raft.server.log.purge.preservation.log.num = 0 (default)
[n2-impl-thread2] INFO org.apache.ratis.server.RaftServerConfigKeys - raft.server.log.segment.size.max = 32MB (=33554432) (default)
[n2-impl-thread2] INFO org.apache.ratis.server.RaftServerConfigKeys - raft.server.log.segment.cache.num.max = 6 (default)
[n2-impl-thread2] INFO org.apache.ratis.server.RaftServerConfigKeys - raft.server.log.segment.cache.size.max = 200MB (=209715200) (default)
[n2-impl-thread2] INFO org.apache.ratis.util.AwaitToRun - Thread[#30,n2@group-D7F925094F13-cacheEviction-AwaitToRun,5,main] started
[n2-impl-thread2] INFO org.apache.ratis.server.raftlog.segmented.SegmentedRaftLogWorker - new n2@group-D7F925094F13-SegmentedRaftLogWorker for RaftStorageImpl:Storage Directory /tmp/openlatch-roll-node-12730585906077090789/f0c77938-3a50-35c5-9d0a-d7f925094f13
[n2-impl-thread2] INFO org.apache.ratis.server.RaftServerConfigKeys - raft.server.log.queue.byte-limit = 64MB (=67108864) (default)
[n2-impl-thread2] INFO org.apache.ratis.server.RaftServerConfigKeys - raft.server.log.queue.element-limit = 4096 (default)
[n2-impl-thread2] INFO org.apache.ratis.server.RaftServerConfigKeys - raft.server.log.preallocated.size = 4MB (=4194304) (default)
[n2-impl-thread2] INFO org.apache.ratis.server.RaftServerConfigKeys - raft.server.log.force.sync.num = 128 (default)
[n2-impl-thread2] INFO org.apache.ratis.server.RaftServerConfigKeys - raft.server.log.statemachine.data.sync = true (default)
[n2-impl-thread2] INFO org.apache.ratis.server.RaftServerConfigKeys - raft.server.log.statemachine.data.sync.timeout = 10s (default)
[n2-impl-thread2] INFO org.apache.ratis.server.RaftServerConfigKeys - raft.server.log.statemachine.data.sync.timeout.retry = -1 (default)
[n2-impl-thread2] INFO org.apache.ratis.server.RaftServerConfigKeys - raft.server.log.write.buffer.size = 8MB (=8388608) (default)
[n2-impl-thread2] INFO org.apache.ratis.server.RaftServerConfigKeys - raft.server.log.unsafe-flush.enabled = false (default)
[n2-impl-thread2] INFO org.apache.ratis.server.RaftServerConfigKeys - raft.server.log.async-flush.enabled = false (default)
[n2-impl-thread2] INFO org.apache.ratis.server.RaftServerConfigKeys - raft.server.log.statemachine.data.caching.enabled = false (default)
[n2-impl-thread2] INFO org.apache.ratis.server.RaftServerConfigKeys - raft.server.log.read.lock.enabled = true (default)
[n2-impl-thread2] INFO org.apache.ratis.server.RaftServer$Division - n2@group-D7F925094F13: set configuration conf: {index: 0, cur=peers:[n1|127.0.0.1:40709, n2|127.0.0.1:45395, n3|127.0.0.1:34509]|listeners:[], old=null}
[n2-impl-thread2] INFO org.apache.ratis.server.raftlog.segmented.LogSegment - Successfully read 15 entries from segment file /tmp/openlatch-roll-node-12730585906077090789/f0c77938-3a50-35c5-9d0a-d7f925094f13/current/log_inprogress_0
[n2-impl-thread2] INFO org.apache.ratis.server.raftlog.segmented.SegmentedRaftLogWorker - n2@group-D7F925094F13-SegmentedRaftLogWorker: flushIndex: setUnconditionally 0 -> 14
[n2-impl-thread2] INFO org.apache.ratis.server.raftlog.segmented.SegmentedRaftLogWorker - n2@group-D7F925094F13-SegmentedRaftLogWorker: safeCacheEvictIndex: setUnconditionally 0 -> -1
[n2-impl-thread2] INFO org.apache.ratis.server.raftlog.segmented.BufferedWriteChannel - open log_inprogress_0 (append) at position 531
[n2-impl-thread2] INFO org.apache.ratis.server.RaftServer$Division - n2@group-D7F925094F13: start as a follower, conf=conf: {index: 0, cur=peers:[n1|127.0.0.1:40709, n2|127.0.0.1:45395, n3|127.0.0.1:34509]|listeners:[], old=null}
[n2-impl-thread2] INFO org.apache.ratis.server.RaftServer$Division - n2@group-D7F925094F13: changes role from      null to FOLLOWER at term 1 for startAsFollower
[n2-impl-thread2] INFO org.apache.ratis.server.impl.RoleInfo - n2: start n2@group-D7F925094F13-FollowerState
[n2-impl-thread2] INFO org.apache.ratis.util.JmxRegister - Successfully registered JMX Bean with object name Ratis:service=RaftServer,group=group-D7F925094F13,id=n2
[n2-impl-thread2] INFO org.apache.ratis.util.JmxRegister - register mxBean class org.apache.ratis.server.impl.RaftServerJmxAdapter as Ratis:service=RaftServer,group=group-D7F925094F13,id=n2
[n2@group-D7F925094F13-FollowerState] INFO org.apache.ratis.server.RaftServerConfigKeys - raft.server.rpc.first-election.timeout.min = 400ms (fallback to raft.server.rpc.timeout.min)
[n2@group-D7F925094F13-FollowerState] INFO org.apache.ratis.server.RaftServerConfigKeys - raft.server.rpc.first-election.timeout.max = 800ms (fallback to raft.server.rpc.timeout.max)
[n2-impl-thread2] INFO org.apache.ratis.server.RaftServerConfigKeys - raft.server.snapshot.trigger-when-stop.enabled = true (default)
[n2-impl-thread2] INFO org.apache.ratis.server.RaftServerConfigKeys - raft.server.snapshot.trigger-when-remove.enabled = true (default)
[n2-impl-thread2] INFO org.apache.ratis.server.RaftServerConfigKeys - raft.server.snapshot.auto.trigger.enabled = true (custom)
[n2-impl-thread2] INFO org.apache.ratis.server.RaftServerConfigKeys - raft.server.snapshot.auto.trigger.threshold = 1000000 (custom)
[n2-impl-thread2] INFO org.apache.ratis.server.RaftServerConfigKeys - raft.server.snapshot.retention.file.num = 2 (custom)
[n2-impl-thread2] INFO org.apache.ratis.server.RaftServerConfigKeys - raft.server.log.purge.upto.snapshot.index = true (custom)
[n2-impl-thread2] INFO org.apache.ratis.server.RaftServer$Division - n2@group-D7F925094F13: Successfully started.
[main] INFO org.apache.ratis.server.RaftServer - n2: start RPC server
[main] INFO org.apache.ratis.grpc.server.GrpcServicesImpl - n2: GrpcServicesImpl started, listening on 45395
[JvmPauseMonitor0] INFO org.apache.ratis.util.JvmPauseMonitor - JvmPauseMonitor-n2: Started
[main] INFO io.github.lamspace.openlatch.server.raft.RaftSubsystem - Raft subsystem started: self=n2, raftPort=45395, peers=[1@127.0.0.1:40709, 2@127.0.0.1:45395, 3@127.0.0.1:34509]
[main] INFO io.github.lamspace.openlatch.server.raft.ClusterRuntime - cluster runtime up: node=2, peers=[1@127.0.0.1:40709, 2@127.0.0.1:45395, 3@127.0.0.1:34509]
9月 06, 2026 9:46:07 上午 org.apache.ratis.thirdparty.io.grpc.netty.TcpMetrics loadEpollInfo
信息: Epoll available during static init of TcpMetrics:true
[main] INFO io.github.lamspace.openlatch.server.OpenLatchServer - OpenLatch server started: port=37233, protocolVersion=2, maxKeyLength=512, maxQueueDepthPerKey=4096, maxInflightPerConnection=1024, defaultLeaseMs=30000, clusterEnabled=true, clusterNodeId=2
[n2@group-D7F925094F13-FollowerState] INFO org.apache.ratis.server.impl.FollowerState - n2@group-D7F925094F13-FollowerState: change to CANDIDATE, lastRpcElapsedTime:568ms, electionTimeout:540ms
[n2@group-D7F925094F13-FollowerState] INFO org.apache.ratis.server.impl.RoleInfo - n2: shutdown n2@group-D7F925094F13-FollowerState
[n2@group-D7F925094F13-FollowerState] INFO org.apache.ratis.server.RaftServer$Division - n2@group-D7F925094F13: changes role from  FOLLOWER to CANDIDATE at term 1 for changeToCandidate
[n2@group-D7F925094F13-FollowerState] INFO org.apache.ratis.server.RaftServerConfigKeys - raft.server.leaderelection.pre-vote = true (default)
[n2@group-D7F925094F13-FollowerState] INFO org.apache.ratis.server.impl.RoleInfo - n2: start n2@group-D7F925094F13-LeaderElection1
[n2@group-D7F925094F13-LeaderElection1] INFO org.apache.ratis.server.impl.LeaderElection - n2@group-D7F925094F13-LeaderElection1 PRE_VOTE round 0: submit vote requests at term 1 for conf: {index: 0, cur=peers:[n1|127.0.0.1:40709, n2|127.0.0.1:45395, n3|127.0.0.1:34509]|listeners:[], old=null}
[n2@group-D7F925094F13-LeaderElection1] INFO org.apache.ratis.server.RaftServerConfigKeys - raft.server.rpc.first-election.timeout.min = 400ms (fallback to raft.server.rpc.timeout.min)
[n2@group-D7F925094F13-LeaderElection1] INFO org.apache.ratis.server.RaftServerConfigKeys - raft.server.rpc.first-election.timeout.max = 800ms (fallback to raft.server.rpc.timeout.max)
[n2@group-D7F925094F13-LeaderElection1-2] INFO org.apache.ratis.grpc.server.GrpcServerProtocolClient - Build channel for n3|127.0.0.1:34509
[n2@group-D7F925094F13-LeaderElection1-1] INFO org.apache.ratis.grpc.server.GrpcServerProtocolClient - Build channel for n1|127.0.0.1:40709
[n2@group-D7F925094F13-LeaderElection1] INFO org.apache.ratis.server.impl.LeaderElection - n2@group-D7F925094F13-LeaderElection1: PRE_VOTE PASSED received 1 response(s) and 0 exception(s):
[n2@group-D7F925094F13-LeaderElection1] INFO org.apache.ratis.server.impl.LeaderElection -   Response 0: n2<-n1#1:OK-t1-last:(t:1, i:14)
[n2@group-D7F925094F13-LeaderElection1] INFO org.apache.ratis.server.impl.LeaderElection - n2@group-D7F925094F13-LeaderElection1 PRE_VOTE round 0: result PASSED
[n2@group-D7F925094F13-LeaderElection1] INFO org.apache.ratis.server.impl.LeaderElection - n2@group-D7F925094F13-LeaderElection1 ELECTION round 0: submit vote requests at term 2 for conf: {index: 0, cur=peers:[n1|127.0.0.1:40709, n2|127.0.0.1:45395, n3|127.0.0.1:34509]|listeners:[], old=null}
[n2@group-D7F925094F13-LeaderElection1] INFO org.apache.ratis.server.RaftServerConfigKeys - raft.server.rpc.first-election.timeout.min = 400ms (fallback to raft.server.rpc.timeout.min)
[n2@group-D7F925094F13-LeaderElection1] INFO org.apache.ratis.server.RaftServerConfigKeys - raft.server.rpc.first-election.timeout.max = 800ms (fallback to raft.server.rpc.timeout.max)
[n2@group-D7F925094F13-LeaderElection1] INFO org.apache.ratis.server.impl.LeaderElection - Replier log is empty: n2<-n3#4:OK-t2-last:<INITIAL_VALUE> 
[n2@group-D7F925094F13-LeaderElection1] INFO org.apache.ratis.server.impl.LeaderElection - n2@group-D7F925094F13-LeaderElection1: ELECTION PASSED received 2 response(s) and 0 exception(s):
[n2@group-D7F925094F13-LeaderElection1] INFO org.apache.ratis.server.impl.LeaderElection -   Response 0: n2<-n1#3:OK-t2-last:(t:1, i:14)
[n2@group-D7F925094F13-LeaderElection1] INFO org.apache.ratis.server.impl.LeaderElection -   Response 1: n2<-n3#4:OK-t2-last:<INITIAL_VALUE>
[n2@group-D7F925094F13-LeaderElection1] INFO org.apache.ratis.server.impl.LeaderElection - n2@group-D7F925094F13-LeaderElection1 ELECTION round 0: result PASSED
[n2@group-D7F925094F13-LeaderElection1] INFO org.apache.ratis.server.impl.RoleInfo - n2: shutdown n2@group-D7F925094F13-LeaderElection1
[n2@group-D7F925094F13-LeaderElection1] INFO org.apache.ratis.server.RaftServer$Division - n2@group-D7F925094F13: changes role from CANDIDATE to LEADER at term 2 for changeToLeader
[n2@group-D7F925094F13-LeaderElection1] INFO org.apache.ratis.server.RaftServerConfigKeys - raft.server.staging.catchup.gap = 1000 (default)
[n2@group-D7F925094F13-LeaderElection1] INFO org.apache.ratis.server.RaftServerConfigKeys - raft.server.staging.timeout = 2400ms (fallback to raft.server.rpc.timeout.max)
[n2@group-D7F925094F13-LeaderElection1] INFO org.apache.ratis.server.RaftServerConfigKeys - raft.server.write.element-limit = 4096 (default)
[n2@group-D7F925094F13-LeaderElection1] INFO org.apache.ratis.server.RaftServerConfigKeys - raft.server.write.byte-limit = 64MB (=67108864) (default)
[n2@group-D7F925094F13-LeaderElection1] INFO org.apache.ratis.server.RaftServerConfigKeys - raft.server.watch.timeout = 10s (default)
[n2@group-D7F925094F13-LeaderElection1] INFO org.apache.ratis.server.RaftServerConfigKeys - raft.server.watch.timeout.denomination = 1s (default)
[n2@group-D7F925094F13-LeaderElection1] INFO org.apache.ratis.server.RaftServerConfigKeys - raft.server.watch.element-limit = 65536 (default)
[n2@group-D7F925094F13-LeaderElection1] INFO org.apache.ratis.server.RaftServerConfigKeys - raft.server.read.leader.lease.enabled = false (default)
[n2@group-D7F925094F13-LeaderElection1] INFO org.apache.ratis.server.RaftServerConfigKeys - raft.server.read.leader.lease.timeout.ratio = 0.9 (default)
[n2@group-D7F925094F13-LeaderElection1] INFO org.apache.ratis.server.RaftServerConfigKeys - raft.server.log.log-metadata.enabled = true (default)
[n2@group-D7F925094F13-LeaderElection1] INFO org.apache.ratis.server.RaftServerConfigKeys - raft.server.write.follower.gap.ratio.max = -1.0 (default)
[n2@group-D7F925094F13-LeaderElection1] INFO org.apache.ratis.server.RaftServerConfigKeys - raft.server.read.read-index.type = COMMIT_INDEX (default)
[n2@group-D7F925094F13-LeaderElection1] INFO org.apache.ratis.server.RaftServerConfigKeys - raft.server.read.leader.heartbeat-check.enabled = true (default)
[n2@group-D7F925094F13-LeaderElection1] INFO org.apache.ratis.server.RaftServerConfigKeys - raft.server.log.appender.snapshot.chunk.size.max = 16MB (=16777216) (default)
[n2@group-D7F925094F13-LeaderElection1] INFO org.apache.ratis.server.RaftServerConfigKeys - raft.server.log.appender.buffer.element-limit = 0 (default)
[n2@group-D7F925094F13-LeaderElection1] INFO org.apache.ratis.server.RaftServerConfigKeys - raft.server.log.appender.wait-time.min = 1ms (default)
[n2@group-D7F925094F13-LeaderElection1] INFO org.apache.ratis.grpc.GrpcConfigKeys - raft.grpc.server.leader.outstanding.appends.max = 8 (default)
[n2@group-D7F925094F13-LeaderElection1] INFO org.apache.ratis.grpc.GrpcConfigKeys - raft.grpc.server.install_snapshot.request.element-limit = 8 (default)
[n2@group-D7F925094F13-LeaderElection1] INFO org.apache.ratis.grpc.GrpcConfigKeys - raft.grpc.server.install_snapshot.request.timeout = 3000ms (default)
[n2@group-D7F925094F13-LeaderElection1] INFO org.apache.ratis.grpc.GrpcConfigKeys - raft.grpc.server.log-message.batch.duration = 5s (default)
[n2@group-D7F925094F13-LeaderElection1] INFO org.apache.ratis.server.impl.RoleInfo - n2: start n2@group-D7F925094F13-LeaderStateImpl
[n2@group-D7F925094F13-LeaderElection1] INFO org.apache.ratis.server.RaftServer$Division - n2@group-D7F925094F13: set firstElectionSinceStartup to false for becomeLeader
[n2@group-D7F925094F13-LeaderElection1] INFO io.github.lamspace.openlatch.server.raft.ReplicationGateway - leadership changed on node 2: leader=true
[n2@group-D7F925094F13-LeaderElection1] INFO org.apache.ratis.server.RaftServer$Division - n2@group-D7F925094F13: change Leader from null to n2 at term 2 for becomeLeader, leader elected after 1928ms
[n2@group-D7F925094F13-LeaderElection1] INFO org.apache.ratis.server.raftlog.segmented.SegmentedRaftLogWorker - n2@group-D7F925094F13-SegmentedRaftLogWorker: Rolling segment log-0_14 to index:14
[n2@group-D7F925094F13-SegmentedRaftLogWorker] INFO org.apache.ratis.server.raftlog.segmented.SegmentedRaftLogWorker - n2@group-D7F925094F13-SegmentedRaftLogWorker: Rolled log segment from /tmp/openlatch-roll-node-12730585906077090789/f0c77938-3a50-35c5-9d0a-d7f925094f13/current/log_inprogress_0 to /tmp/openlatch-roll-node-12730585906077090789/f0c77938-3a50-35c5-9d0a-d7f925094f13/current/log_0-14
[n2@group-D7F925094F13-LeaderElection1] INFO org.apache.ratis.server.RaftServer$Division - n2@group-D7F925094F13: set configuration conf: {index: 15, cur=peers:[n1|127.0.0.1:40709, n2|127.0.0.1:45395, n3|127.0.0.1:34509]|listeners:[], old=null}
[n2@group-D7F925094F13-SegmentedRaftLogWorker] INFO org.apache.ratis.server.raftlog.segmented.BufferedWriteChannel - open log_inprogress_15 at position 0
[n2@group-D7F925094F13-SegmentedRaftLogWorker] INFO org.apache.ratis.server.raftlog.segmented.SegmentedRaftLogWorker - n2@group-D7F925094F13-SegmentedRaftLogWorker: created new log segment /tmp/openlatch-roll-node-12730585906077090789/f0c77938-3a50-35c5-9d0a-d7f925094f13/current/log_inprogress_15
[grpc-default-executor-7] WARN org.apache.ratis.grpc.server.GrpcLogAppender - n2@group-D7F925094F13->n3-AppendLogResponseHandler: received INCONSISTENCY reply with nextIndex 0, errorCount=1, request=AppendEntriesRequest:cid=0:HEARTBEAT 
[grpc-default-executor-7] INFO org.apache.ratis.server.leader.FollowerInfo - n2@group-D7F925094F13->n3: setNextIndex nextIndex: updateUnconditionally 16 -> 0
[grpc-default-executor-7] INFO org.apache.ratis.server.leader.FollowerInfo - n2@group-D7F925094F13->n3: setNextIndex nextIndex: updateUnconditionally 16 -> 0
[n2@group-D7F925094F13-StateMachineUpdater] INFO org.apache.ratis.server.RaftServer$Division - Leader n2@group-D7F925094F13-LeaderStateImpl is ready since appliedIndex == startIndex == 15
[grpc-default-executor-2] WARN org.apache.ratis.grpc.server.GrpcLogAppender - n2@group-D7F925094F13->n1-AppendLogResponseHandler: Failed appendEntries: org.apache.ratis.thirdparty.io.grpc.StatusRuntimeException: CANCELLED: RST_STREAM closed stream. HTTP/2 error code: CANCEL
[grpc-default-executor-1] WARN org.apache.ratis.grpc.server.GrpcLogAppender - n2@group-D7F925094F13->n1-GrpcLogAppender: Follower failed (request=null, errorCount=1); keep nextIndex (39) unchanged and retry.
[grpc-default-executor-2] ERROR org.apache.ratis.client.impl.OrderedAsync -  client-81A1BAC35978: Failed* RaftClientRequest:client-81A1BAC35978->n1@group-D7F925094F13, cid=6, seq=1*, Watch(0), Message:DUMMY
java.util.concurrent.CompletionException: java.io.IOException: org.apache.ratis.thirdparty.io.grpc.StatusRuntimeException: UNAVAILABLE: io exception
	at java.base/java.util.concurrent.CompletableFuture.wrapInCompletionException(CompletableFuture.java:323)
	at java.base/java.util.concurrent.CompletableFuture.encodeThrowable(CompletableFuture.java:376)
	at java.base/java.util.concurrent.CompletableFuture.completeThrowable(CompletableFuture.java:391)
	at java.base/java.util.concurrent.CompletableFuture$UniAccept.tryFire(CompletableFuture.java:729)
	at java.base/java.util.concurrent.CompletableFuture.postComplete(CompletableFuture.java:531)
	at java.base/java.util.concurrent.CompletableFuture.completeExceptionally(CompletableFuture.java:2221)
	at org.apache.ratis.grpc.client.GrpcClientProtocolClient$AsyncStreamObservers.completeReplyExceptionally(GrpcClientProtocolClient.java:409)
	at org.apache.ratis.grpc.client.GrpcClientProtocolClient$AsyncStreamObservers.access$000(GrpcClientProtocolClient.java:308)
	at org.apache.ratis.grpc.client.GrpcClientProtocolClient$AsyncStreamObservers$1.onError(GrpcClientProtocolClient.java:339)
	at org.apache.ratis.thirdparty.io.grpc.stub.ClientCalls$StreamObserverToCallListenerAdapter.onClose(ClientCalls.java:581)
	at org.apache.ratis.thirdparty.io.grpc.PartialForwardingClientCallListener.onClose(PartialForwardingClientCallListener.java:39)
	at org.apache.ratis.thirdparty.io.grpc.ForwardingClientCallListener.onClose(ForwardingClientCallListener.java:23)
	at org.apache.ratis.grpc.metrics.intercept.client.MetricClientCallListener.onClose(MetricClientCallListener.java:47)
	at org.apache.ratis.thirdparty.io.grpc.internal.ClientCallImpl.closeObserver(ClientCallImpl.java:566)
	at org.apache.ratis.thirdparty.io.grpc.internal.ClientCallImpl.access$100(ClientCallImpl.java:72)
	at org.apache.ratis.thirdparty.io.grpc.internal.ClientCallImpl$ClientStreamListenerImpl$1StreamClosed.runInternal(ClientCallImpl.java:734)
	at org.apache.ratis.thirdparty.io.grpc.internal.ClientCallImpl$ClientStreamListenerImpl$1StreamClosed.runInContext(ClientCallImpl.java:715)
	at org.apache.ratis.thirdparty.io.grpc.internal.ContextRunnable.run(ContextRunnable.java:37)
	at org.apache.ratis.thirdparty.io.grpc.internal.SerializingExecutor.run(SerializingExecutor.java:133)
	at java.base/java.util.concurrent.ThreadPoolExecutor.runWorker(ThreadPoolExecutor.java:1090)
	at java.base/java.util.concurrent.ThreadPoolExecutor$Worker.run(ThreadPoolExecutor.java:614)
	at java.base/java.lang.Thread.run(Thread.java:1474)
Caused by: java.io.IOException: org.apache.ratis.thirdparty.io.grpc.StatusRuntimeException: UNAVAILABLE: io exception
	at org.apache.ratis.grpc.GrpcUtil.unwrapException(GrpcUtil.java:117)
	at org.apache.ratis.grpc.GrpcUtil.unwrapIOException(GrpcUtil.java:179)
	at org.apache.ratis.grpc.client.GrpcClientProtocolClient$AsyncStreamObservers$1.onError(GrpcClientProtocolClient.java:338)
	... 13 more
Caused by: org.apache.ratis.thirdparty.io.grpc.StatusRuntimeException: UNAVAILABLE: io exception
	at org.apache.ratis.thirdparty.io.grpc.Status.asRuntimeException(Status.java:532)
	... 13 more
Caused by: org.apache.ratis.thirdparty.io.netty.channel.AbstractChannel$AnnotatedConnectException: finishConnect(..) failed with error(-111): 连接被拒绝: /127.0.0.1:40709
Caused by: java.net.ConnectException: finishConnect(..) failed with error(-111): 连接被拒绝
	at org.apache.ratis.thirdparty.io.netty.channel.unix.Errors.newConnectException0(Errors.java:166)
	at org.apache.ratis.thirdparty.io.netty.channel.unix.Errors.handleConnectErrno(Errors.java:131)
	at org.apache.ratis.thirdparty.io.netty.channel.unix.Socket.finishConnect(Socket.java:359)
	at org.apache.ratis.thirdparty.io.netty.channel.epoll.AbstractEpollChannel$AbstractEpollUnsafe.doFinishConnect(AbstractEpollChannel.java:715)
	at org.apache.ratis.thirdparty.io.netty.channel.epoll.AbstractEpollChannel$AbstractEpollUnsafe.finishConnect(AbstractEpollChannel.java:692)
	at org.apache.ratis.thirdparty.io.netty.channel.epoll.AbstractEpollChannel$AbstractEpollUnsafe.epollOutReady(AbstractEpollChannel.java:567)
	at org.apache.ratis.thirdparty.io.netty.channel.epoll.EpollEventLoop.processReady(EpollEventLoop.java:491)
	at org.apache.ratis.thirdparty.io.netty.channel.epoll.EpollEventLoop.run(EpollEventLoop.java:399)
	at org.apache.ratis.thirdparty.io.netty.util.concurrent.SingleThreadEventExecutor$4.run(SingleThreadEventExecutor.java:1007)
	at org.apache.ratis.thirdparty.io.netty.util.internal.ThreadExecutorMap$2.run(ThreadExecutorMap.java:74)
	at org.apache.ratis.thirdparty.io.netty.util.concurrent.FastThreadLocalRunnable.run(FastThreadLocalRunnable.java:30)
	at java.base/java.lang.Thread.run(Thread.java:1474)
[grpc-default-executor-4] ERROR org.apache.ratis.client.impl.OrderedAsync -  client-B3A4BDF107A0: Failed* RaftClientRequest:client-B3A4BDF107A0->n1@group-D7F925094F13, cid=5, seq=1*, Watch(0), Message:DUMMY
java.util.concurrent.CompletionException: java.io.IOException: org.apache.ratis.thirdparty.io.grpc.StatusRuntimeException: UNAVAILABLE: io exception
	at java.base/java.util.concurrent.CompletableFuture.wrapInCompletionException(CompletableFuture.java:323)
	at java.base/java.util.concurrent.CompletableFuture.encodeThrowable(CompletableFuture.java:376)
	at java.base/java.util.concurrent.CompletableFuture.completeThrowable(CompletableFuture.java:391)
	at java.base/java.util.concurrent.CompletableFuture$UniAccept.tryFire(CompletableFuture.java:729)
	at java.base/java.util.concurrent.CompletableFuture.postComplete(CompletableFuture.java:531)
	at java.base/java.util.concurrent.CompletableFuture.completeExceptionally(CompletableFuture.java:2221)
	at org.apache.ratis.grpc.client.GrpcClientProtocolClient$AsyncStreamObservers.completeReplyExceptionally(GrpcClientProtocolClient.java:409)
	at org.apache.ratis.grpc.client.GrpcClientProtocolClient$AsyncStreamObservers.access$000(GrpcClientProtocolClient.java:308)
	at org.apache.ratis.grpc.client.GrpcClientProtocolClient$AsyncStreamObservers$1.onError(GrpcClientProtocolClient.java:339)
	at org.apache.ratis.thirdparty.io.grpc.stub.ClientCalls$StreamObserverToCallListenerAdapter.onClose(ClientCalls.java:581)
	at org.apache.ratis.thirdparty.io.grpc.PartialForwardingClientCallListener.onClose(PartialForwardingClientCallListener.java:39)
	at org.apache.ratis.thirdparty.io.grpc.ForwardingClientCallListener.onClose(ForwardingClientCallListener.java:23)
	at org.apache.ratis.grpc.metrics.intercept.client.MetricClientCallListener.onClose(MetricClientCallListener.java:47)
	at org.apache.ratis.thirdparty.io.grpc.internal.DelayedClientCall$DelayedListener$3.run(DelayedClientCall.java:553)
	at org.apache.ratis.thirdparty.io.grpc.internal.DelayedClientCall$DelayedListener.delayOrExecute(DelayedClientCall.java:482)
	at org.apache.ratis.thirdparty.io.grpc.internal.DelayedClientCall$DelayedListener.onClose(DelayedClientCall.java:537)
	at org.apache.ratis.thirdparty.io.grpc.internal.ClientCallImpl.closeObserver(ClientCallImpl.java:566)
	at org.apache.ratis.thirdparty.io.grpc.internal.ClientCallImpl.access$100(ClientCallImpl.java:72)
	at org.apache.ratis.thirdparty.io.grpc.internal.ClientCallImpl$ClientStreamListenerImpl$1StreamClosed.runInternal(ClientCallImpl.java:734)
	at org.apache.ratis.thirdparty.io.grpc.internal.ClientCallImpl$ClientStreamListenerImpl$1StreamClosed.runInContext(ClientCallImpl.java:715)
	at org.apache.ratis.thirdparty.io.grpc.internal.ContextRunnable.run(ContextRunnable.java:37)
	at org.apache.ratis.thirdparty.io.grpc.internal.SerializingExecutor.run(SerializingExecutor.java:133)
	at java.base/java.util.concurrent.ThreadPoolExecutor.runWorker(ThreadPoolExecutor.java:1090)
	at java.base/java.util.concurrent.ThreadPoolExecutor$Worker.run(ThreadPoolExecutor.java:614)
	at java.base/java.lang.Thread.run(Thread.java:1474)
Caused by: java.io.IOException: org.apache.ratis.thirdparty.io.grpc.StatusRuntimeException: UNAVAILABLE: io exception
	at org.apache.ratis.grpc.GrpcUtil.unwrapException(GrpcUtil.java:117)
	at org.apache.ratis.grpc.GrpcUtil.unwrapIOException(GrpcUtil.java:179)
	at org.apache.ratis.grpc.client.GrpcClientProtocolClient$AsyncStreamObservers$1.onError(GrpcClientProtocolClient.java:338)
	... 16 more
Caused by: org.apache.ratis.thirdparty.io.grpc.StatusRuntimeException: UNAVAILABLE: io exception
	at org.apache.ratis.thirdparty.io.grpc.Status.asRuntimeException(Status.java:532)
	... 16 more
Caused by: org.apache.ratis.thirdparty.io.netty.channel.AbstractChannel$AnnotatedConnectException: finishConnect(..) failed with error(-111): 连接被拒绝: /127.0.0.1:40709
Caused by: java.net.ConnectException: finishConnect(..) failed with error(-111): 连接被拒绝
	at org.apache.ratis.thirdparty.io.netty.channel.unix.Errors.newConnectException0(Errors.java:166)
	at org.apache.ratis.thirdparty.io.netty.channel.unix.Errors.handleConnectErrno(Errors.java:131)
	at org.apache.ratis.thirdparty.io.netty.channel.unix.Socket.finishConnect(Socket.java:359)
	at org.apache.ratis.thirdparty.io.netty.channel.epoll.AbstractEpollChannel$AbstractEpollUnsafe.doFinishConnect(AbstractEpollChannel.java:715)
	at org.apache.ratis.thirdparty.io.netty.channel.epoll.AbstractEpollChannel$AbstractEpollUnsafe.finishConnect(AbstractEpollChannel.java:692)
	at org.apache.ratis.thirdparty.io.netty.channel.epoll.AbstractEpollChannel$AbstractEpollUnsafe.epollOutReady(AbstractEpollChannel.java:567)
	at org.apache.ratis.thirdparty.io.netty.channel.epoll.EpollEventLoop.processReady(EpollEventLoop.java:491)
	at org.apache.ratis.thirdparty.io.netty.channel.epoll.EpollEventLoop.run(EpollEventLoop.java:399)
	at org.apache.ratis.thirdparty.io.netty.util.concurrent.SingleThreadEventExecutor$4.run(SingleThreadEventExecutor.java:1007)
	at org.apache.ratis.thirdparty.io.netty.util.internal.ThreadExecutorMap$2.run(ThreadExecutorMap.java:74)
	at org.apache.ratis.thirdparty.io.netty.util.concurrent.FastThreadLocalRunnable.run(FastThreadLocalRunnable.java:30)
	at java.base/java.lang.Thread.run(Thread.java:1474)
[grpc-default-executor-3] WARN org.apache.ratis.grpc.server.GrpcLogAppender - n2@group-D7F925094F13->n1-GrpcLogAppender: Follower failed (request=null, errorCount=3); keep nextIndex (40) unchanged and retry.
[grpc-default-executor-1] WARN org.apache.ratis.grpc.server.GrpcLogAppender - n2@group-D7F925094F13->n1-GrpcLogAppender: Follower failed (request=null, errorCount=5); keep nextIndex (42) unchanged and retry.
[grpc-default-executor-3] WARN org.apache.ratis.grpc.server.GrpcLogAppender - n2@group-D7F925094F13->n1-GrpcLogAppender: Follower failed (request=null, errorCount=7); keep nextIndex (43) unchanged and retry.
[grpc-default-executor-7] ERROR org.apache.ratis.client.impl.OrderedAsync -  client-23592F087F3B: Failed* RaftClientRequest:client-23592F087F3B->n1@group-D7F925094F13, cid=10, seq=1*, Watch(0), Message:DUMMY
java.util.concurrent.CompletionException: java.io.IOException: org.apache.ratis.thirdparty.io.grpc.StatusRuntimeException: UNAVAILABLE: io exception
	at java.base/java.util.concurrent.CompletableFuture.wrapInCompletionException(CompletableFuture.java:323)
	at java.base/java.util.concurrent.CompletableFuture.encodeThrowable(CompletableFuture.java:376)
	at java.base/java.util.concurrent.CompletableFuture.completeThrowable(CompletableFuture.java:391)
	at java.base/java.util.concurrent.CompletableFuture$UniAccept.tryFire(CompletableFuture.java:729)
	at java.base/java.util.concurrent.CompletableFuture.postComplete(CompletableFuture.java:531)
	at java.base/java.util.concurrent.CompletableFuture.completeExceptionally(CompletableFuture.java:2221)
	at org.apache.ratis.grpc.client.GrpcClientProtocolClient$AsyncStreamObservers.completeReplyExceptionally(GrpcClientProtocolClient.java:409)
	at org.apache.ratis.grpc.client.GrpcClientProtocolClient$AsyncStreamObservers.access$000(GrpcClientProtocolClient.java:308)
	at org.apache.ratis.grpc.client.GrpcClientProtocolClient$AsyncStreamObservers$1.onError(GrpcClientProtocolClient.java:339)
	at org.apache.ratis.thirdparty.io.grpc.stub.ClientCalls$StreamObserverToCallListenerAdapter.onClose(ClientCalls.java:581)
	at org.apache.ratis.thirdparty.io.grpc.PartialForwardingClientCallListener.onClose(PartialForwardingClientCallListener.java:39)
	at org.apache.ratis.thirdparty.io.grpc.ForwardingClientCallListener.onClose(ForwardingClientCallListener.java:23)
	at org.apache.ratis.grpc.metrics.intercept.client.MetricClientCallListener.onClose(MetricClientCallListener.java:47)
	at org.apache.ratis.thirdparty.io.grpc.internal.DelayedClientCall$DelayedListener$3.run(DelayedClientCall.java:553)
	at org.apache.ratis.thirdparty.io.grpc.internal.DelayedClientCall$DelayedListener.drainPendingCallbacks(DelayedClientCall.java:605)
	at org.apache.ratis.thirdparty.io.grpc.internal.DelayedClientCall$1DrainListenerRunnable.runInContext(DelayedClientCall.java:328)
	at org.apache.ratis.thirdparty.io.grpc.internal.ContextRunnable.run(ContextRunnable.java:37)
	at java.base/java.util.concurrent.ThreadPoolExecutor.runWorker(ThreadPoolExecutor.java:1090)
	at java.base/java.util.concurrent.ThreadPoolExecutor$Worker.run(ThreadPoolExecutor.java:614)
	at java.base/java.lang.Thread.run(Thread.java:1474)
Caused by: java.io.IOException: org.apache.ratis.thirdparty.io.grpc.StatusRuntimeException: UNAVAILABLE: io exception
	at org.apache.ratis.grpc.GrpcUtil.unwrapException(GrpcUtil.java:117)
	at org.apache.ratis.grpc.GrpcUtil.unwrapIOException(GrpcUtil.java:179)
	at org.apache.ratis.grpc.client.GrpcClientProtocolClient$AsyncStreamObservers$1.onError(GrpcClientProtocolClient.java:338)
	... 11 more
Caused by: org.apache.ratis.thirdparty.io.grpc.StatusRuntimeException: UNAVAILABLE: io exception
	at org.apache.ratis.thirdparty.io.grpc.Status.asRuntimeException(Status.java:532)
	... 11 more
Caused by: org.apache.ratis.thirdparty.io.netty.channel.AbstractChannel$AnnotatedConnectException: finishConnect(..) failed with error(-111): 连接被拒绝: /127.0.0.1:40709
Caused by: java.net.ConnectException: finishConnect(..) failed with error(-111): 连接被拒绝
	at org.apache.ratis.thirdparty.io.netty.channel.unix.Errors.newConnectException0(Errors.java:166)
	at org.apache.ratis.thirdparty.io.netty.channel.unix.Errors.handleConnectErrno(Errors.java:131)
	at org.apache.ratis.thirdparty.io.netty.channel.unix.Socket.finishConnect(Socket.java:359)
	at org.apache.ratis.thirdparty.io.netty.channel.epoll.AbstractEpollChannel$AbstractEpollUnsafe.doFinishConnect(AbstractEpollChannel.java:715)
	at org.apache.ratis.thirdparty.io.netty.channel.epoll.AbstractEpollChannel$AbstractEpollUnsafe.finishConnect(AbstractEpollChannel.java:692)
	at org.apache.ratis.thirdparty.io.netty.channel.epoll.AbstractEpollChannel$AbstractEpollUnsafe.epollOutReady(AbstractEpollChannel.java:567)
	at org.apache.ratis.thirdparty.io.netty.channel.epoll.EpollEventLoop.processReady(EpollEventLoop.java:491)
	at org.apache.ratis.thirdparty.io.netty.channel.epoll.EpollEventLoop.run(EpollEventLoop.java:399)
	at org.apache.ratis.thirdparty.io.netty.util.concurrent.SingleThreadEventExecutor$4.run(SingleThreadEventExecutor.java:1007)
	at org.apache.ratis.thirdparty.io.netty.util.internal.ThreadExecutorMap$2.run(ThreadExecutorMap.java:74)
	at org.apache.ratis.thirdparty.io.netty.util.concurrent.FastThreadLocalRunnable.run(FastThreadLocalRunnable.java:30)
	at java.base/java.lang.Thread.run(Thread.java:1474)
[grpc-default-executor-4] ERROR org.apache.ratis.client.impl.OrderedAsync -  client-795D968FB996: Failed* RaftClientRequest:client-795D968FB996->n1@group-D7F925094F13, cid=9, seq=1*, Watch(0), Message:DUMMY
java.util.concurrent.CompletionException: java.io.IOException: org.apache.ratis.thirdparty.io.grpc.StatusRuntimeException: UNAVAILABLE: io exception
	at java.base/java.util.concurrent.CompletableFuture.wrapInCompletionException(CompletableFuture.java:323)
	at java.base/java.util.concurrent.CompletableFuture.encodeThrowable(CompletableFuture.java:376)
	at java.base/java.util.concurrent.CompletableFuture.completeThrowable(CompletableFuture.java:391)
	at java.base/java.util.concurrent.CompletableFuture$UniAccept.tryFire(CompletableFuture.java:729)
	at java.base/java.util.concurrent.CompletableFuture.postComplete(CompletableFuture.java:531)
	at java.base/java.util.concurrent.CompletableFuture.completeExceptionally(CompletableFuture.java:2221)
	at org.apache.ratis.grpc.client.GrpcClientProtocolClient$AsyncStreamObservers.completeReplyExceptionally(GrpcClientProtocolClient.java:409)
	at org.apache.ratis.grpc.client.GrpcClientProtocolClient$AsyncStreamObservers.access$000(GrpcClientProtocolClient.java:308)
	at org.apache.ratis.grpc.client.GrpcClientProtocolClient$AsyncStreamObservers$1.onError(GrpcClientProtocolClient.java:339)
	at org.apache.ratis.thirdparty.io.grpc.stub.ClientCalls$StreamObserverToCallListenerAdapter.onClose(ClientCalls.java:581)
	at org.apache.ratis.thirdparty.io.grpc.PartialForwardingClientCallListener.onClose(PartialForwardingClientCallListener.java:39)
	at org.apache.ratis.thirdparty.io.grpc.ForwardingClientCallListener.onClose(ForwardingClientCallListener.java:23)
	at org.apache.ratis.grpc.metrics.intercept.client.MetricClientCallListener.onClose(MetricClientCallListener.java:47)
	at org.apache.ratis.thirdparty.io.grpc.internal.ClientCallImpl.closeObserver(ClientCallImpl.java:566)
	at org.apache.ratis.thirdparty.io.grpc.internal.ClientCallImpl.access$100(ClientCallImpl.java:72)
	at org.apache.ratis.thirdparty.io.grpc.internal.ClientCallImpl$ClientStreamListenerImpl$1StreamClosed.runInternal(ClientCallImpl.java:734)
	at org.apache.ratis.thirdparty.io.grpc.internal.ClientCallImpl$ClientStreamListenerImpl$1StreamClosed.runInContext(ClientCallImpl.java:715)
	at org.apache.ratis.thirdparty.io.grpc.internal.ContextRunnable.run(ContextRunnable.java:37)
	at org.apache.ratis.thirdparty.io.grpc.internal.SerializingExecutor.run(SerializingExecutor.java:133)
	at java.base/java.util.concurrent.ThreadPoolExecutor.runWorker(ThreadPoolExecutor.java:1090)
	at java.base/java.util.concurrent.ThreadPoolExecutor$Worker.run(ThreadPoolExecutor.java:614)
	at java.base/java.lang.Thread.run(Thread.java:1474)
Caused by: java.io.IOException: org.apache.ratis.thirdparty.io.grpc.StatusRuntimeException: UNAVAILABLE: io exception
	at org.apache.ratis.grpc.GrpcUtil.unwrapException(GrpcUtil.java:117)
	at org.apache.ratis.grpc.GrpcUtil.unwrapIOException(GrpcUtil.java:179)
	at org.apache.ratis.grpc.client.GrpcClientProtocolClient$AsyncStreamObservers$1.onError(GrpcClientProtocolClient.java:338)
	... 13 more
Caused by: org.apache.ratis.thirdparty.io.grpc.StatusRuntimeException: UNAVAILABLE: io exception
	at org.apache.ratis.thirdparty.io.grpc.Status.asRuntimeException(Status.java:532)
	... 13 more
Caused by: org.apache.ratis.thirdparty.io.netty.channel.AbstractChannel$AnnotatedConnectException: finishConnect(..) failed with error(-111): 连接被拒绝: /127.0.0.1:40709
Caused by: java.net.ConnectException: finishConnect(..) failed with error(-111): 连接被拒绝
	at org.apache.ratis.thirdparty.io.netty.channel.unix.Errors.newConnectException0(Errors.java:166)
	at org.apache.ratis.thirdparty.io.netty.channel.unix.Errors.handleConnectErrno(Errors.java:131)
	at org.apache.ratis.thirdparty.io.netty.channel.unix.Socket.finishConnect(Socket.java:359)
	at org.apache.ratis.thirdparty.io.netty.channel.epoll.AbstractEpollChannel$AbstractEpollUnsafe.doFinishConnect(AbstractEpollChannel.java:715)
	at org.apache.ratis.thirdparty.io.netty.channel.epoll.AbstractEpollChannel$AbstractEpollUnsafe.finishConnect(AbstractEpollChannel.java:692)
	at org.apache.ratis.thirdparty.io.netty.channel.epoll.AbstractEpollChannel$AbstractEpollUnsafe.epollOutReady(AbstractEpollChannel.java:567)
	at org.apache.ratis.thirdparty.io.netty.channel.epoll.EpollEventLoop.processReady(EpollEventLoop.java:491)
	at org.apache.ratis.thirdparty.io.netty.channel.epoll.EpollEventLoop.run(EpollEventLoop.java:399)
	at org.apache.ratis.thirdparty.io.netty.util.concurrent.SingleThreadEventExecutor$4.run(SingleThreadEventExecutor.java:1007)
	at org.apache.ratis.thirdparty.io.netty.util.internal.ThreadExecutorMap$2.run(ThreadExecutorMap.java:74)
	at org.apache.ratis.thirdparty.io.netty.util.concurrent.FastThreadLocalRunnable.run(FastThreadLocalRunnable.java:30)
	at java.base/java.lang.Thread.run(Thread.java:1474)
[grpc-default-executor-6] WARN org.apache.ratis.grpc.server.GrpcLogAppender - n2@group-D7F925094F13->n1-GrpcLogAppender: Follower failed (request=null, errorCount=9); keep nextIndex (44) unchanged and retry.
[grpc-default-executor-6] WARN org.apache.ratis.grpc.server.GrpcLogAppender - n2@group-D7F925094F13->n1-GrpcLogAppender: Follower failed (request=null, errorCount=11); keep nextIndex (45) unchanged and retry.
[openlatch-session-probe] INFO io.github.lamspace.openlatch.server.raft.SessionCoordinator - peer lost: node 1 stalled -> batch SESSION_CLOSE for 1 sessions
[grpc-default-executor-6] INFO org.apache.ratis.server.RaftServer$Division - n2@group-D7F925094F13: receive requestVote(PRE_VOTE, n1, group-D7F925094F13, 2, (t:2, i:38))
[grpc-default-executor-6] INFO org.apache.ratis.server.impl.VoteContext - n2@group-D7F925094F13-LEADER: reject PRE_VOTE from n1: this server is the leader and still has leadership
[grpc-default-executor-6] INFO org.apache.ratis.server.RaftServer$Division - n2@group-D7F925094F13 replies to PRE_VOTE vote request: n1<-n2#1:FAIL-t2-last:(t:2, i:204). Peer's state: n2@group-D7F925094F13:t2, leader=n2, voted=n2, raftlog=Memoized:n2@group-D7F925094F13-SegmentedRaftLog:OPENED:c204:last(t:2, i:204), conf=conf: {index: 15, cur=peers:[n1|127.0.0.1:40709, n2|127.0.0.1:45395, n3|127.0.0.1:34509]|listeners:[], old=null}
[grpc-default-executor-1] WARN org.apache.ratis.grpc.server.GrpcLogAppender - n2@group-D7F925094F13->n3-AppendLogResponseHandler: Failed appendEntries: org.apache.ratis.thirdparty.io.grpc.StatusRuntimeException: CANCELLED: RST_STREAM closed stream. HTTP/2 error code: CANCEL
[grpc-default-executor-1] WARN org.apache.ratis.grpc.server.GrpcLogAppender - n2@group-D7F925094F13->n3-GrpcLogAppender: Follower failed (request=null, errorCount=1); keep nextIndex (227) unchanged and retry.
[grpc-default-executor-1] WARN org.apache.ratis.grpc.server.GrpcLogAppender - n2@group-D7F925094F13->n3-GrpcLogAppender: Follower failed (request=null, errorCount=3); keep nextIndex (228) unchanged and retry.
[grpc-default-executor-3] WARN org.apache.ratis.grpc.server.GrpcLogAppender - n2@group-D7F925094F13->n3-GrpcLogAppender: Follower failed (request=null, errorCount=5); keep nextIndex (229) unchanged and retry.
[grpc-default-executor-3] INFO org.apache.ratis.server.RaftServer$Division - n2@group-D7F925094F13: receive requestVote(PRE_VOTE, n1, group-D7F925094F13, 2, (t:2, i:38))
[grpc-default-executor-3] INFO org.apache.ratis.server.impl.VoteContext - n2@group-D7F925094F13-LEADER: reject PRE_VOTE from n1: this server is the leader and still has leadership
[grpc-default-executor-3] INFO org.apache.ratis.server.RaftServer$Division - n2@group-D7F925094F13 replies to PRE_VOTE vote request: n1<-n2#3:FAIL-t2-last:(t:2, i:228). Peer's state: n2@group-D7F925094F13:t2, leader=n2, voted=n2, raftlog=Memoized:n2@group-D7F925094F13-SegmentedRaftLog:OPENED:c226:last(t:2, i:228), conf=conf: {index: 15, cur=peers:[n1|127.0.0.1:40709, n2|127.0.0.1:45395, n3|127.0.0.1:34509]|listeners:[], old=null}
[grpc-default-executor-3] INFO org.apache.ratis.server.leader.FollowerInfo - n2@group-D7F925094F13->n1: setNextIndex nextIndex: updateUnconditionally 229 -> 39
[grpc-default-executor-1] WARN org.apache.ratis.grpc.server.GrpcLogAppender - n2@group-D7F925094F13->n1-AppendLogResponseHandler: received INCONSISTENCY reply with nextIndex 39, errorCount=19, request=AppendEntriesRequest:cid=156:184 entries=(t:2, i:45)...(t:2, i:228) 
[grpc-default-executor-1] INFO org.apache.ratis.server.leader.FollowerInfo - n2@group-D7F925094F13->n1: setNextIndex nextIndex: updateUnconditionally 229 -> 39
[timer5] WARN org.apache.ratis.grpc.server.GrpcLogAppender - n2@group-D7F925094F13->n3-AppendLogResponseHandler: received INCONSISTENCY reply with nextIndex 0, errorCount=2, request=null  (Repeated 2 times in the last 5.003s)
[timer7] WARN org.apache.ratis.grpc.server.GrpcLogAppender - n2@group-D7F925094F13->n1-AppendLogResponseHandler: Failed appendEntries (Repeated 18 times in the last 5.006s): org.apache.ratis.thirdparty.io.grpc.StatusRuntimeException: UNAVAILABLE: io exception
  Caused by: org.apache.ratis.thirdparty.io.netty.channel.AbstractChannel$AnnotatedConnectException: finishConnect(..) failed with error(-111): 连接被拒绝: /127.0.0.1:40709
  Caused by: java.net.ConnectException: finishConnect(..) failed with error(-111): 连接被拒绝
[timer0] WARN org.apache.ratis.grpc.server.GrpcLogAppender - n2@group-D7F925094F13->n1-GrpcLogAppender: Follower failed (request=null, errorCount=2); keep nextIndex (39) unchanged and retry. (Repeated 2 times in the last 5.000s)
[grpc-default-executor-3] INFO org.apache.ratis.server.RaftServer$Division - n2@group-D7F925094F13: receive requestVote(PRE_VOTE, n1, group-D7F925094F13, 2, (t:2, i:228))
[grpc-default-executor-3] WARN org.apache.ratis.server.RaftServer$Division - n2@group-D7F925094F13-LeaderStateImpl: Lost leadership on term: 2. Election timeout: 800ms. In charge for: 5469ms. Conf: conf: {index: 15, cur=peers:[n1|127.0.0.1:40709, n2|127.0.0.1:45395, n3|127.0.0.1:34509]|listeners:[], old=null}
[grpc-default-executor-3] WARN org.apache.ratis.server.RaftServer$Division - Follower n2@group-D7F925094F13->n1(c226,m228,n229, caughtUp=true, lastRpcSendTime=1047, lastRpcResponseTime=997)
[grpc-default-executor-3] WARN org.apache.ratis.server.RaftServer$Division - Follower n2@group-D7F925094F13->n3(c225,m226,n229, caughtUp=true, lastRpcSendTime=1061, lastRpcResponseTime=1466)
[grpc-default-executor-3] INFO org.apache.ratis.server.RaftServer$Division - n2@group-D7F925094F13: changes role from    LEADER to FOLLOWER at term 2 for StepDownReason:LOST_MAJORITY_HEARTBEATS
[grpc-default-executor-3] INFO org.apache.ratis.server.impl.RoleInfo - n2: shutdown n2@group-D7F925094F13-LeaderStateImpl
[n2@group-D7F925094F13->n3-GrpcLogAppender-LogAppenderDaemon] WARN org.apache.ratis.grpc.server.GrpcLogAppender - n2@group-D7F925094F13->n3-GrpcLogAppender is interrupted: java.lang.InterruptedException: sleep interrupted
[n2@group-D7F925094F13->n1-GrpcLogAppender-LogAppenderDaemon] WARN org.apache.ratis.grpc.server.GrpcLogAppender - n2@group-D7F925094F13->n1-GrpcLogAppender is interrupted: java.lang.InterruptedException: sleep interrupted
[grpc-default-executor-3] INFO org.apache.ratis.server.impl.PendingRequests - n2@group-D7F925094F13-PendingRequests: sendNotLeaderResponses
[grpc-default-executor-3] INFO org.apache.ratis.server.RaftServer$Division - n2@group-D7F925094F13: change Leader from n2 to null at term 2 for StepDownReason:LOST_MAJORITY_HEARTBEATS
[grpc-default-executor-3] INFO org.apache.ratis.server.impl.RoleInfo - n2: start n2@group-D7F925094F13-FollowerState
[grpc-default-executor-3] INFO org.apache.ratis.server.impl.VoteContext - n2@group-D7F925094F13-FOLLOWER: reject PRE_VOTE from n1: our last entry (t:2, i:232) > candidate's last entry (t:2, i:228)
[grpc-default-executor-3] INFO org.apache.ratis.server.RaftServer$Division - n2@group-D7F925094F13 replies to PRE_VOTE vote request: n1<-n2#5:FAIL-t2-last:(t:2, i:232). Peer's state: n2@group-D7F925094F13:t2, leader=null, voted=n2, raftlog=Memoized:n2@group-D7F925094F13-SegmentedRaftLog:OPENED:c228:last(t:2, i:232), conf=conf: {index: 15, cur=peers:[n1|127.0.0.1:40709, n2|127.0.0.1:45395, n3|127.0.0.1:34509]|listeners:[], old=null}
[grpc-default-executor-6] ERROR org.apache.ratis.client.impl.OrderedAsync -  client-B3A4BDF107A0: Failed* RaftClientRequest:client-B3A4BDF107A0->n2@group-D7F925094F13, cid=106, seq=26, RW, Message:0804106218bd8b94a387...(size=35) due to java.util.concurrent.CompletionException: org.apache.ratis.protocol.exceptions.NotLeaderException: Server n2@group-D7F925094F13 is not the leader caused by NotLeaderException
[grpc-default-executor-3] INFO org.apache.ratis.grpc.server.GrpcLogAppender - n2@group-D7F925094F13->n1-AppendLogResponseHandler: follower responses appendEntries COMPLETED
[grpc-default-executor-7] INFO org.apache.ratis.grpc.server.GrpcLogAppender - n2@group-D7F925094F13->n1-AppendLogResponseHandler: follower responses appendEntries COMPLETED
[grpc-default-executor-1] ERROR org.apache.ratis.client.impl.OrderedAsync -  client-81A1BAC35978: Failed* RaftClientRequest:client-81A1BAC35978->n2@group-D7F925094F13, cid=105, seq=26, RW, Message:0804106118bc8b94a387...(size=35) due to java.util.concurrent.CompletionException: org.apache.ratis.protocol.exceptions.NotLeaderException: Server n2@group-D7F925094F13 is not the leader caused by NotLeaderException
[grpc-default-executor-4] ERROR org.apache.ratis.client.impl.OrderedAsync -  client-23592F087F3B: Failed* RaftClientRequest:client-23592F087F3B->n2@group-D7F925094F13, cid=107, seq=26, RW, Message:0807106318f18d94a387...(size=11) due to java.util.concurrent.CompletionException: org.apache.ratis.protocol.exceptions.NotLeaderException: Server n2@group-D7F925094F13 is not the leader caused by NotLeaderException
[grpc-default-executor-1] ERROR org.apache.ratis.client.impl.OrderedAsync -  client-81A1BAC35978: Failed* RaftClientRequest:client-81A1BAC35978->n3@group-D7F925094F13, cid=105, seq=26*, RW, Message:0804106118bc8b94a387...(size=35)
java.util.concurrent.CompletionException: java.io.IOException: org.apache.ratis.thirdparty.io.grpc.StatusRuntimeException: UNAVAILABLE: io exception
	at java.base/java.util.concurrent.CompletableFuture.wrapInCompletionException(CompletableFuture.java:323)
	at java.base/java.util.concurrent.CompletableFuture.encodeThrowable(CompletableFuture.java:376)
	at java.base/java.util.concurrent.CompletableFuture.completeThrowable(CompletableFuture.java:391)
	at java.base/java.util.concurrent.CompletableFuture$UniAccept.tryFire(CompletableFuture.java:729)
	at java.base/java.util.concurrent.CompletableFuture.postComplete(CompletableFuture.java:531)
	at java.base/java.util.concurrent.CompletableFuture.completeExceptionally(CompletableFuture.java:2221)
	at org.apache.ratis.grpc.client.GrpcClientProtocolClient$AsyncStreamObservers.completeReplyExceptionally(GrpcClientProtocolClient.java:409)
	at org.apache.ratis.grpc.client.GrpcClientProtocolClient$AsyncStreamObservers.access$000(GrpcClientProtocolClient.java:308)
	at org.apache.ratis.grpc.client.GrpcClientProtocolClient$AsyncStreamObservers$1.onError(GrpcClientProtocolClient.java:339)
	at org.apache.ratis.thirdparty.io.grpc.stub.ClientCalls$StreamObserverToCallListenerAdapter.onClose(ClientCalls.java:581)
	at org.apache.ratis.thirdparty.io.grpc.PartialForwardingClientCallListener.onClose(PartialForwardingClientCallListener.java:39)
	at org.apache.ratis.thirdparty.io.grpc.ForwardingClientCallListener.onClose(ForwardingClientCallListener.java:23)
	at org.apache.ratis.grpc.metrics.intercept.client.MetricClientCallListener.onClose(MetricClientCallListener.java:47)
	at org.apache.ratis.thirdparty.io.grpc.internal.ClientCallImpl.closeObserver(ClientCallImpl.java:566)
	at org.apache.ratis.thirdparty.io.grpc.internal.ClientCallImpl.access$100(ClientCallImpl.java:72)
	at org.apache.ratis.thirdparty.io.grpc.internal.ClientCallImpl$ClientStreamListenerImpl$1StreamClosed.runInternal(ClientCallImpl.java:734)
	at org.apache.ratis.thirdparty.io.grpc.internal.ClientCallImpl$ClientStreamListenerImpl$1StreamClosed.runInContext(ClientCallImpl.java:715)
	at org.apache.ratis.thirdparty.io.grpc.internal.ContextRunnable.run(ContextRunnable.java:37)
	at org.apache.ratis.thirdparty.io.grpc.internal.SerializingExecutor.run(SerializingExecutor.java:133)
	at java.base/java.util.concurrent.ThreadPoolExecutor.runWorker(ThreadPoolExecutor.java:1090)
	at java.base/java.util.concurrent.ThreadPoolExecutor$Worker.run(ThreadPoolExecutor.java:614)
	at java.base/java.lang.Thread.run(Thread.java:1474)
Caused by: java.io.IOException: org.apache.ratis.thirdparty.io.grpc.StatusRuntimeException: UNAVAILABLE: io exception
	at org.apache.ratis.grpc.GrpcUtil.unwrapException(GrpcUtil.java:117)
	at org.apache.ratis.grpc.GrpcUtil.unwrapIOException(GrpcUtil.java:179)
	at org.apache.ratis.grpc.client.GrpcClientProtocolClient$AsyncStreamObservers$1.onError(GrpcClientProtocolClient.java:338)
	... 13 more
Caused by: org.apache.ratis.thirdparty.io.grpc.StatusRuntimeException: UNAVAILABLE: io exception
	at org.apache.ratis.thirdparty.io.grpc.Status.asRuntimeException(Status.java:532)
	... 13 more
Caused by: org.apache.ratis.thirdparty.io.netty.channel.AbstractChannel$AnnotatedConnectException: finishConnect(..) failed with error(-111): 连接被拒绝: /127.0.0.1:34509
Caused by: java.net.ConnectException: finishConnect(..) failed with error(-111): 连接被拒绝
	at org.apache.ratis.thirdparty.io.netty.channel.unix.Errors.newConnectException0(Errors.java:166)
	at org.apache.ratis.thirdparty.io.netty.channel.unix.Errors.handleConnectErrno(Errors.java:131)
	at org.apache.ratis.thirdparty.io.netty.channel.unix.Socket.finishConnect(Socket.java:359)
	at org.apache.ratis.thirdparty.io.netty.channel.epoll.AbstractEpollChannel$AbstractEpollUnsafe.doFinishConnect(AbstractEpollChannel.java:715)
	at org.apache.ratis.thirdparty.io.netty.channel.epoll.AbstractEpollChannel$AbstractEpollUnsafe.finishConnect(AbstractEpollChannel.java:692)
	at org.apache.ratis.thirdparty.io.netty.channel.epoll.AbstractEpollChannel$AbstractEpollUnsafe.epollOutReady(AbstractEpollChannel.java:567)
	at org.apache.ratis.thirdparty.io.netty.channel.epoll.EpollEventLoop.processReady(EpollEventLoop.java:491)
	at org.apache.ratis.thirdparty.io.netty.channel.epoll.EpollEventLoop.run(EpollEventLoop.java:399)
	at org.apache.ratis.thirdparty.io.netty.util.concurrent.SingleThreadEventExecutor$4.run(SingleThreadEventExecutor.java:1007)
	at org.apache.ratis.thirdparty.io.netty.util.internal.ThreadExecutorMap$2.run(ThreadExecutorMap.java:74)
	at org.apache.ratis.thirdparty.io.netty.util.concurrent.FastThreadLocalRunnable.run(FastThreadLocalRunnable.java:30)
	at java.base/java.lang.Thread.run(Thread.java:1474)
[grpc-default-executor-4] ERROR org.apache.ratis.client.impl.OrderedAsync -  client-B3A4BDF107A0: Failed* RaftClientRequest:client-B3A4BDF107A0->n3@group-D7F925094F13, cid=106, seq=26*, RW, Message:0804106218bd8b94a387...(size=35)
java.util.concurrent.CompletionException: java.io.IOException: org.apache.ratis.thirdparty.io.grpc.StatusRuntimeException: UNAVAILABLE: io exception
	at java.base/java.util.concurrent.CompletableFuture.wrapInCompletionException(CompletableFuture.java:323)
	at java.base/java.util.concurrent.CompletableFuture.encodeThrowable(CompletableFuture.java:376)
	at java.base/java.util.concurrent.CompletableFuture.completeThrowable(CompletableFuture.java:391)
	at java.base/java.util.concurrent.CompletableFuture$UniAccept.tryFire(CompletableFuture.java:729)
	at java.base/java.util.concurrent.CompletableFuture.postComplete(CompletableFuture.java:531)
	at java.base/java.util.concurrent.CompletableFuture.completeExceptionally(CompletableFuture.java:2221)
	at org.apache.ratis.grpc.client.GrpcClientProtocolClient$AsyncStreamObservers.completeReplyExceptionally(GrpcClientProtocolClient.java:409)
	at org.apache.ratis.grpc.client.GrpcClientProtocolClient$AsyncStreamObservers.access$000(GrpcClientProtocolClient.java:308)
	at org.apache.ratis.grpc.client.GrpcClientProtocolClient$AsyncStreamObservers$1.onError(GrpcClientProtocolClient.java:339)
	at org.apache.ratis.thirdparty.io.grpc.stub.ClientCalls$StreamObserverToCallListenerAdapter.onClose(ClientCalls.java:581)
	at org.apache.ratis.thirdparty.io.grpc.PartialForwardingClientCallListener.onClose(PartialForwardingClientCallListener.java:39)
	at org.apache.ratis.thirdparty.io.grpc.ForwardingClientCallListener.onClose(ForwardingClientCallListener.java:23)
	at org.apache.ratis.grpc.metrics.intercept.client.MetricClientCallListener.onClose(MetricClientCallListener.java:47)
	at org.apache.ratis.thirdparty.io.grpc.internal.ClientCallImpl.closeObserver(ClientCallImpl.java:566)
	at org.apache.ratis.thirdparty.io.grpc.internal.ClientCallImpl.access$100(ClientCallImpl.java:72)
	at org.apache.ratis.thirdparty.io.grpc.internal.ClientCallImpl$ClientStreamListenerImpl$1StreamClosed.runInternal(ClientCallImpl.java:734)
	at org.apache.ratis.thirdparty.io.grpc.internal.ClientCallImpl$ClientStreamListenerImpl$1StreamClosed.runInContext(ClientCallImpl.java:715)
	at org.apache.ratis.thirdparty.io.grpc.internal.ContextRunnable.run(ContextRunnable.java:37)
	at org.apache.ratis.thirdparty.io.grpc.internal.SerializingExecutor.run(SerializingExecutor.java:133)
	at java.base/java.util.concurrent.ThreadPoolExecutor.runWorker(ThreadPoolExecutor.java:1090)
	at java.base/java.util.concurrent.ThreadPoolExecutor$Worker.run(ThreadPoolExecutor.java:614)
	at java.base/java.lang.Thread.run(Thread.java:1474)
Caused by: java.io.IOException: org.apache.ratis.thirdparty.io.grpc.StatusRuntimeException: UNAVAILABLE: io exception
	at org.apache.ratis.grpc.GrpcUtil.unwrapException(GrpcUtil.java:117)
	at org.apache.ratis.grpc.GrpcUtil.unwrapIOException(GrpcUtil.java:179)
	at org.apache.ratis.grpc.client.GrpcClientProtocolClient$AsyncStreamObservers$1.onError(GrpcClientProtocolClient.java:338)
	... 13 more
Caused by: org.apache.ratis.thirdparty.io.grpc.StatusRuntimeException: UNAVAILABLE: io exception
	at org.apache.ratis.thirdparty.io.grpc.Status.asRuntimeException(Status.java:532)
	... 13 more
Caused by: org.apache.ratis.thirdparty.io.netty.channel.AbstractChannel$AnnotatedConnectException: finishConnect(..) failed with error(-111): 连接被拒绝: /127.0.0.1:34509
Caused by: java.net.ConnectException: finishConnect(..) failed with error(-111): 连接被拒绝
	at org.apache.ratis.thirdparty.io.netty.channel.unix.Errors.newConnectException0(Errors.java:166)
	at org.apache.ratis.thirdparty.io.netty.channel.unix.Errors.handleConnectErrno(Errors.java:131)
	at org.apache.ratis.thirdparty.io.netty.channel.unix.Socket.finishConnect(Socket.java:359)
	at org.apache.ratis.thirdparty.io.netty.channel.epoll.AbstractEpollChannel$AbstractEpollUnsafe.doFinishConnect(AbstractEpollChannel.java:715)
	at org.apache.ratis.thirdparty.io.netty.channel.epoll.AbstractEpollChannel$AbstractEpollUnsafe.finishConnect(AbstractEpollChannel.java:692)
	at org.apache.ratis.thirdparty.io.netty.channel.epoll.AbstractEpollChannel$AbstractEpollUnsafe.epollOutReady(AbstractEpollChannel.java:567)
	at org.apache.ratis.thirdparty.io.netty.channel.epoll.EpollEventLoop.processReady(EpollEventLoop.java:491)
	at org.apache.ratis.thirdparty.io.netty.channel.epoll.EpollEventLoop.run(EpollEventLoop.java:399)
	at org.apache.ratis.thirdparty.io.netty.util.concurrent.SingleThreadEventExecutor$4.run(SingleThreadEventExecutor.java:1007)
	at org.apache.ratis.thirdparty.io.netty.util.internal.ThreadExecutorMap$2.run(ThreadExecutorMap.java:74)
	at org.apache.ratis.thirdparty.io.netty.util.concurrent.FastThreadLocalRunnable.run(FastThreadLocalRunnable.java:30)
	at java.base/java.lang.Thread.run(Thread.java:1474)
[timer4] WARN org.apache.ratis.grpc.server.GrpcLogAppender - n2@group-D7F925094F13->n1-GrpcLogAppender: Follower failed (request=null, errorCount=4); keep nextIndex (40) unchanged and retry. (Repeated 2 times in the last 5.003s)
[timer6] WARN org.apache.ratis.grpc.server.GrpcLogAppender - n2@group-D7F925094F13->n1-GrpcLogAppender: Follower failed (request=null, errorCount=6); keep nextIndex (42) unchanged and retry. (Repeated 2 times in the last 5.001s)
[grpc-default-executor-4] ERROR org.apache.ratis.client.impl.OrderedAsync -  client-23592F087F3B: Failed* RaftClientRequest:client-23592F087F3B->n1@group-D7F925094F13, cid=107, seq=26*, RW, Message:0807106318f18d94a387...(size=11) due to java.util.concurrent.CompletionException: org.apache.ratis.protocol.exceptions.NotLeaderException: Server n1@group-D7F925094F13 is not the leader caused by NotLeaderException
[grpc-default-executor-6] ERROR org.apache.ratis.client.impl.OrderedAsync -  client-81A1BAC35978: Failed* RaftClientRequest:client-81A1BAC35978->n1@group-D7F925094F13, cid=105, seq=26*, RW, Message:0804106118bc8b94a387...(size=35) due to java.util.concurrent.CompletionException: org.apache.ratis.protocol.exceptions.NotLeaderException: Server n1@group-D7F925094F13 is not the leader caused by NotLeaderException
[grpc-default-executor-1] ERROR org.apache.ratis.client.impl.OrderedAsync -  client-B3A4BDF107A0: Failed* RaftClientRequest:client-B3A4BDF107A0->n1@group-D7F925094F13, cid=106, seq=26*, RW, Message:0804106218bd8b94a387...(size=35) due to java.util.concurrent.CompletionException: org.apache.ratis.protocol.exceptions.NotLeaderException: Server n1@group-D7F925094F13 is not the leader caused by NotLeaderException
[timer0] WARN org.apache.ratis.grpc.server.GrpcLogAppender - n2@group-D7F925094F13->n1-GrpcLogAppender: Follower failed (request=null, errorCount=8); keep nextIndex (43) unchanged and retry. (Repeated 2 times in the last 5.001s)
[grpc-default-executor-7] ERROR org.apache.ratis.client.impl.OrderedAsync -  client-23592F087F3B: Failed* RaftClientRequest:client-23592F087F3B->n3@group-D7F925094F13, cid=107, seq=26*, RW, Message:0807106318f18d94a387...(size=11)
java.util.concurrent.CompletionException: java.io.IOException: org.apache.ratis.thirdparty.io.grpc.StatusRuntimeException: UNAVAILABLE: io exception
	at java.base/java.util.concurrent.CompletableFuture.wrapInCompletionException(CompletableFuture.java:323)
	at java.base/java.util.concurrent.CompletableFuture.encodeThrowable(CompletableFuture.java:376)
	at java.base/java.util.concurrent.CompletableFuture.completeThrowable(CompletableFuture.java:391)
	at java.base/java.util.concurrent.CompletableFuture$UniAccept.tryFire(CompletableFuture.java:729)
	at java.base/java.util.concurrent.CompletableFuture.postComplete(CompletableFuture.java:531)
	at java.base/java.util.concurrent.CompletableFuture.completeExceptionally(CompletableFuture.java:2221)
	at org.apache.ratis.grpc.client.GrpcClientProtocolClient$AsyncStreamObservers.completeReplyExceptionally(GrpcClientProtocolClient.java:409)
	at org.apache.ratis.grpc.client.GrpcClientProtocolClient$AsyncStreamObservers.access$000(GrpcClientProtocolClient.java:308)
	at org.apache.ratis.grpc.client.GrpcClientProtocolClient$AsyncStreamObservers$1.onError(GrpcClientProtocolClient.java:339)
	at org.apache.ratis.thirdparty.io.grpc.stub.ClientCalls$StreamObserverToCallListenerAdapter.onClose(ClientCalls.java:581)
	at org.apache.ratis.thirdparty.io.grpc.PartialForwardingClientCallListener.onClose(PartialForwardingClientCallListener.java:39)
	at org.apache.ratis.thirdparty.io.grpc.ForwardingClientCallListener.onClose(ForwardingClientCallListener.java:23)
	at org.apache.ratis.grpc.metrics.intercept.client.MetricClientCallListener.onClose(MetricClientCallListener.java:47)
	at org.apache.ratis.thirdparty.io.grpc.internal.ClientCallImpl.closeObserver(ClientCallImpl.java:566)
	at org.apache.ratis.thirdparty.io.grpc.internal.ClientCallImpl.access$100(ClientCallImpl.java:72)
	at org.apache.ratis.thirdparty.io.grpc.internal.ClientCallImpl$ClientStreamListenerImpl$1StreamClosed.runInternal(ClientCallImpl.java:734)
	at org.apache.ratis.thirdparty.io.grpc.internal.ClientCallImpl$ClientStreamListenerImpl$1StreamClosed.runInContext(ClientCallImpl.java:715)
	at org.apache.ratis.thirdparty.io.grpc.internal.ContextRunnable.run(ContextRunnable.java:37)
	at org.apache.ratis.thirdparty.io.grpc.internal.SerializingExecutor.run(SerializingExecutor.java:133)
	at java.base/java.util.concurrent.ThreadPoolExecutor.runWorker(ThreadPoolExecutor.java:1090)
	at java.base/java.util.concurrent.ThreadPoolExecutor$Worker.run(ThreadPoolExecutor.java:614)
	at java.base/java.lang.Thread.run(Thread.java:1474)
Caused by: java.io.IOException: org.apache.ratis.thirdparty.io.grpc.StatusRuntimeException: UNAVAILABLE: io exception
	at org.apache.ratis.grpc.GrpcUtil.unwrapException(GrpcUtil.java:117)
	at org.apache.ratis.grpc.GrpcUtil.unwrapIOException(GrpcUtil.java:179)
	at org.apache.ratis.grpc.client.GrpcClientProtocolClient$AsyncStreamObservers$1.onError(GrpcClientProtocolClient.java:338)
	... 13 more
Caused by: org.apache.ratis.thirdparty.io.grpc.StatusRuntimeException: UNAVAILABLE: io exception
	at org.apache.ratis.thirdparty.io.grpc.Status.asRuntimeException(Status.java:532)
	... 13 more
Caused by: org.apache.ratis.thirdparty.io.netty.channel.AbstractChannel$AnnotatedConnectException: finishConnect(..) failed with error(-111): 连接被拒绝: /127.0.0.1:34509
Caused by: java.net.ConnectException: finishConnect(..) failed with error(-111): 连接被拒绝
	at org.apache.ratis.thirdparty.io.netty.channel.unix.Errors.newConnectException0(Errors.java:166)
	at org.apache.ratis.thirdparty.io.netty.channel.unix.Errors.handleConnectErrno(Errors.java:131)
	at org.apache.ratis.thirdparty.io.netty.channel.unix.Socket.finishConnect(Socket.java:359)
	at org.apache.ratis.thirdparty.io.netty.channel.epoll.AbstractEpollChannel$AbstractEpollUnsafe.doFinishConnect(AbstractEpollChannel.java:715)
	at org.apache.ratis.thirdparty.io.netty.channel.epoll.AbstractEpollChannel$AbstractEpollUnsafe.finishConnect(AbstractEpollChannel.java:692)
	at org.apache.ratis.thirdparty.io.netty.channel.epoll.AbstractEpollChannel$AbstractEpollUnsafe.epollOutReady(AbstractEpollChannel.java:567)
	at org.apache.ratis.thirdparty.io.netty.channel.epoll.EpollEventLoop.processReady(EpollEventLoop.java:491)
	at org.apache.ratis.thirdparty.io.netty.channel.epoll.EpollEventLoop.run(EpollEventLoop.java:399)
	at org.apache.ratis.thirdparty.io.netty.util.concurrent.SingleThreadEventExecutor$4.run(SingleThreadEventExecutor.java:1007)
	at org.apache.ratis.thirdparty.io.netty.util.internal.ThreadExecutorMap$2.run(ThreadExecutorMap.java:74)
	at org.apache.ratis.thirdparty.io.netty.util.concurrent.FastThreadLocalRunnable.run(FastThreadLocalRunnable.java:30)
	at java.base/java.lang.Thread.run(Thread.java:1474)
[timer3] WARN org.apache.ratis.grpc.server.GrpcLogAppender - n2@group-D7F925094F13->n1-GrpcLogAppender: Follower failed (request=null, errorCount=10); keep nextIndex (44) unchanged and retry. (Repeated 2 times in the last 5.008s)
[timer5] WARN org.apache.ratis.grpc.server.GrpcLogAppender - n2@group-D7F925094F13->n1-GrpcLogAppender: Follower failed (request=null, errorCount=18); keep nextIndex (45) unchanged and retry. (Repeated 8 times in the last 5.000s)
[timer7] ERROR org.apache.ratis.client.impl.OrderedAsync -  client-23592F087F3B: Failed* RaftClientRequest:client-23592F087F3B->n3@group-D7F925094F13, cid=107, seq=26*, RW, Message:0807106318f18d94a387...(size=11) due to java.util.concurrent.CompletionException: org.apache.ratis.protocol.exceptions.AlreadyClosedException: client-23592F087F3B->n3 is closed. caused by AlreadyClosedException
[timer0] ERROR org.apache.ratis.client.impl.OrderedAsync -  client-81A1BAC35978: Failed* RaftClientRequest:client-81A1BAC35978->n3@group-D7F925094F13, cid=105, seq=26*, RW, Message:0804106118bc8b94a387...(size=35) due to java.util.concurrent.CompletionException: org.apache.ratis.protocol.exceptions.AlreadyClosedException: client-81A1BAC35978->n3 is closed. caused by AlreadyClosedException
[n2@group-D7F925094F13-FollowerState] INFO org.apache.ratis.server.impl.FollowerState - n2@group-D7F925094F13-FollowerState: Skipping leader election since it stepped down recently (elapsed = 643ms < waitTime = 10s)
[grpc-default-executor-2] INFO org.apache.ratis.server.RaftServer$Division - n2@group-D7F925094F13: receive requestVote(PRE_VOTE, n1, group-D7F925094F13, 2, (t:2, i:228))
[grpc-default-executor-2] INFO org.apache.ratis.server.impl.VoteContext - n2@group-D7F925094F13-FOLLOWER: reject PRE_VOTE from n1: our last entry (t:2, i:232) > candidate's last entry (t:2, i:228)
[grpc-default-executor-2] INFO org.apache.ratis.server.RaftServer$Division - n2@group-D7F925094F13 replies to PRE_VOTE vote request: n1<-n2#7:FAIL-t2-last:(t:2, i:232). Peer's state: n2@group-D7F925094F13:t2, leader=null, voted=n2, raftlog=Memoized:n2@group-D7F925094F13-SegmentedRaftLog:OPENED:c228:last(t:2, i:232), conf=conf: {index: 15, cur=peers:[n1|127.0.0.1:40709, n2|127.0.0.1:45395, n3|127.0.0.1:34509]|listeners:[], old=null}
[timer6] ERROR org.apache.ratis.client.impl.OrderedAsync -  client-B3A4BDF107A0: Failed* RaftClientRequest:client-B3A4BDF107A0->n3@group-D7F925094F13, cid=106, seq=26*, RW, Message:0804106218bd8b94a387...(size=35) due to java.util.concurrent.CompletionException: org.apache.ratis.protocol.exceptions.AlreadyClosedException: client-B3A4BDF107A0->n3 is closed. caused by AlreadyClosedException
[n2@group-D7F925094F13-FollowerState] INFO org.apache.ratis.server.impl.FollowerState - n2@group-D7F925094F13-FollowerState: Skipping leader election since it stepped down recently (elapsed = 1202ms < waitTime = 10s)
[grpc-default-executor-7] INFO org.apache.ratis.server.RaftServer$Division - n2@group-D7F925094F13: receive requestVote(PRE_VOTE, n1, group-D7F925094F13, 2, (t:2, i:228))
[grpc-default-executor-7] INFO org.apache.ratis.server.impl.VoteContext - n2@group-D7F925094F13-FOLLOWER: reject PRE_VOTE from n1: our last entry (t:2, i:232) > candidate's last entry (t:2, i:228)
[grpc-default-executor-7] INFO org.apache.ratis.server.RaftServer$Division - n2@group-D7F925094F13 replies to PRE_VOTE vote request: n1<-n2#9:FAIL-t2-last:(t:2, i:232). Peer's state: n2@group-D7F925094F13:t2, leader=null, voted=n2, raftlog=Memoized:n2@group-D7F925094F13-SegmentedRaftLog:OPENED:c228:last(t:2, i:232), conf=conf: {index: 15, cur=peers:[n1|127.0.0.1:40709, n2|127.0.0.1:45395, n3|127.0.0.1:34509]|listeners:[], old=null}
[grpc-default-executor-1] ERROR org.apache.ratis.client.impl.OrderedAsync -  client-B3A4BDF107A0: Failed* RaftClientRequest:client-B3A4BDF107A0->n3@group-D7F925094F13, cid=106, seq=26*, RW, Message:0804106218bd8b94a387...(size=35) due to java.util.concurrent.CompletionException: org.apache.ratis.protocol.exceptions.NotLeaderException: Server n3@group-D7F925094F13 is not the leader caused by NotLeaderException
[grpc-default-executor-3] ERROR org.apache.ratis.client.impl.OrderedAsync -  client-81A1BAC35978: Failed* RaftClientRequest:client-81A1BAC35978->n3@group-D7F925094F13, cid=105, seq=26*, RW, Message:0804106118bc8b94a387...(size=35) due to java.util.concurrent.CompletionException: org.apache.ratis.protocol.exceptions.NotLeaderException: Server n3@group-D7F925094F13 is not the leader caused by NotLeaderException
[grpc-default-executor-7] ERROR org.apache.ratis.client.impl.OrderedAsync -  client-23592F087F3B: Failed* RaftClientRequest:client-23592F087F3B->n3@group-D7F925094F13, cid=107, seq=26*, RW, Message:0807106318f18d94a387...(size=11) due to java.util.concurrent.CompletionException: org.apache.ratis.protocol.exceptions.NotLeaderException: Server n3@group-D7F925094F13 is not the leader caused by NotLeaderException
[n2@group-D7F925094F13-FollowerState] INFO org.apache.ratis.server.impl.FollowerState - n2@group-D7F925094F13-FollowerState: Skipping leader election since it stepped down recently (elapsed = 1869ms < waitTime = 10s)
[grpc-default-executor-3] INFO org.apache.ratis.server.RaftServer$Division - n2@group-D7F925094F13: receive requestVote(PRE_VOTE, n1, group-D7F925094F13, 2, (t:2, i:228))
[grpc-default-executor-3] INFO org.apache.ratis.server.impl.VoteContext - n2@group-D7F925094F13-FOLLOWER: reject PRE_VOTE from n1: our last entry (t:2, i:232) > candidate's last entry (t:2, i:228)
[grpc-default-executor-3] INFO org.apache.ratis.server.RaftServer$Division - n2@group-D7F925094F13 replies to PRE_VOTE vote request: n1<-n2#11:FAIL-t2-last:(t:2, i:232). Peer's state: n2@group-D7F925094F13:t2, leader=null, voted=n2, raftlog=Memoized:n2@group-D7F925094F13-SegmentedRaftLog:OPENED:c228:last(t:2, i:232), conf=conf: {index: 15, cur=peers:[n1|127.0.0.1:40709, n2|127.0.0.1:45395, n3|127.0.0.1:34509]|listeners:[], old=null}
[grpc-default-executor-4] INFO org.apache.ratis.server.RaftServer$Division - n2@group-D7F925094F13: receive requestVote(ELECTION, n1, group-D7F925094F13, 3, (t:2, i:228))
[grpc-default-executor-4] INFO org.apache.ratis.server.impl.VoteContext - n2@group-D7F925094F13-FOLLOWER: reject ELECTION from n1: our last entry (t:2, i:232) > candidate's last entry (t:2, i:228)
[grpc-default-executor-4] INFO org.apache.ratis.server.RaftServer$Division - n2@group-D7F925094F13: changes role from  FOLLOWER to FOLLOWER at term 2 for candidate:n1
[grpc-default-executor-4] INFO org.apache.ratis.server.impl.RoleInfo - n2: shutdown n2@group-D7F925094F13-FollowerState
[grpc-default-executor-4] INFO org.apache.ratis.server.impl.RoleInfo - n2: start n2@group-D7F925094F13-FollowerState
[n2@group-D7F925094F13-FollowerState] INFO org.apache.ratis.server.impl.FollowerState - n2@group-D7F925094F13-FollowerState was interrupted
[grpc-default-executor-4] INFO org.apache.ratis.server.RaftServer$Division - n2@group-D7F925094F13 replies to ELECTION vote request: n1<-n2#13:FAIL-t3-last:(t:2, i:232). Peer's state: n2@group-D7F925094F13:t3, leader=null, voted=null, raftlog=Memoized:n2@group-D7F925094F13-SegmentedRaftLog:OPENED:c228:last(t:2, i:232), conf=conf: {index: 15, cur=peers:[n1|127.0.0.1:40709, n2|127.0.0.1:45395, n3|127.0.0.1:34509]|listeners:[], old=null}
[grpc-default-executor-2] INFO org.apache.ratis.server.RaftServer$Division - n2@group-D7F925094F13: receive requestVote(PRE_VOTE, n3, group-D7F925094F13, 2, (t:2, i:226))
[grpc-default-executor-2] INFO org.apache.ratis.server.impl.VoteContext - n2@group-D7F925094F13-FOLLOWER: reject PRE_VOTE from n3: our last entry (t:2, i:232) > candidate's last entry (t:2, i:226)
[grpc-default-executor-2] INFO org.apache.ratis.server.RaftServer$Division - n2@group-D7F925094F13 replies to PRE_VOTE vote request: n3<-n2#2:FAIL-t3-last:(t:2, i:232). Peer's state: n2@group-D7F925094F13:t3, leader=null, voted=null, raftlog=Memoized:n2@group-D7F925094F13-SegmentedRaftLog:OPENED:c228:last(t:2, i:232), conf=conf: {index: 15, cur=peers:[n1|127.0.0.1:40709, n2|127.0.0.1:45395, n3|127.0.0.1:34509]|listeners:[], old=null}
[grpc-default-executor-2] ERROR org.apache.ratis.client.impl.OrderedAsync -  client-B3A4BDF107A0: Failed* RaftClientRequest:client-B3A4BDF107A0->n1@group-D7F925094F13, cid=106, seq=26*, RW, Message:0804106218bd8b94a387...(size=35)
java.util.concurrent.CompletionException: org.apache.ratis.protocol.exceptions.LeaderNotReadyException: n1@group-D7F925094F13 is in LEADER state but not ready yet.
	at java.base/java.util.concurrent.CompletableFuture.wrapInCompletionException(CompletableFuture.java:323)
	at java.base/java.util.concurrent.CompletableFuture.encodeThrowable(CompletableFuture.java:376)
	at java.base/java.util.concurrent.CompletableFuture.completeThrowable(CompletableFuture.java:391)
	at java.base/java.util.concurrent.CompletableFuture$UniAccept.tryFire(CompletableFuture.java:729)
	at java.base/java.util.concurrent.CompletableFuture.postComplete(CompletableFuture.java:531)
	at java.base/java.util.concurrent.CompletableFuture.completeExceptionally(CompletableFuture.java:2221)
	at org.apache.ratis.grpc.client.GrpcClientProtocolClient$AsyncStreamObservers.completeReplyExceptionally(GrpcClientProtocolClient.java:409)
	at org.apache.ratis.grpc.client.GrpcClientProtocolClient$AsyncStreamObservers.access$000(GrpcClientProtocolClient.java:308)
	at org.apache.ratis.grpc.client.GrpcClientProtocolClient$AsyncStreamObservers$1.onNext(GrpcClientProtocolClient.java:327)
	at org.apache.ratis.grpc.client.GrpcClientProtocolClient$AsyncStreamObservers$1.onNext(GrpcClientProtocolClient.java:313)
	at org.apache.ratis.thirdparty.io.grpc.stub.ClientCalls$StreamObserverToCallListenerAdapter.onMessage(ClientCalls.java:568)
	at org.apache.ratis.thirdparty.io.grpc.ForwardingClientCallListener.onMessage(ForwardingClientCallListener.java:33)
	at org.apache.ratis.thirdparty.io.grpc.internal.DelayedClientCall$DelayedListener.deliverMessage(DelayedClientCall.java:529)
	at org.apache.ratis.thirdparty.io.grpc.internal.DelayedClientCall$DelayedListener.onMessage(DelayedClientCall.java:513)
	at org.apache.ratis.thirdparty.io.grpc.internal.ClientCallImpl$ClientStreamListenerImpl$1MessagesAvailable.runInternal(ClientCallImpl.java:662)
	at org.apache.ratis.thirdparty.io.grpc.internal.ClientCallImpl$ClientStreamListenerImpl$1MessagesAvailable.runInContext(ClientCallImpl.java:649)
	at org.apache.ratis.thirdparty.io.grpc.internal.ContextRunnable.run(ContextRunnable.java:37)
	at org.apache.ratis.thirdparty.io.grpc.internal.SerializingExecutor.run(SerializingExecutor.java:133)
	at java.base/java.util.concurrent.ThreadPoolExecutor.runWorker(ThreadPoolExecutor.java:1090)
	at java.base/java.util.concurrent.ThreadPoolExecutor$Worker.run(ThreadPoolExecutor.java:614)
	at java.base/java.lang.Thread.run(Thread.java:1474)
Caused by: org.apache.ratis.protocol.exceptions.LeaderNotReadyException: n1@group-D7F925094F13 is in LEADER state but not ready yet.
	at org.apache.ratis.client.impl.ClientProtoUtils.toRaftClientReply(ClientProtoUtils.java:421)
	at org.apache.ratis.grpc.client.GrpcClientProtocolClient$AsyncStreamObservers$1.onNext(GrpcClientProtocolClient.java:318)
	... 12 more
[timer7] ERROR org.apache.ratis.client.impl.OrderedAsync -  client-B3A4BDF107A0: Failed* RaftClientRequest:client-B3A4BDF107A0->n1@group-D7F925094F13, cid=106, seq=26*, RW, Message:0804106218bd8b94a387...(size=35) due to java.util.concurrent.CompletionException: org.apache.ratis.protocol.exceptions.AlreadyClosedException: client-B3A4BDF107A0->n1 is closed. caused by AlreadyClosedException
[grpc-default-executor-4] ERROR org.apache.ratis.client.impl.OrderedAsync -  client-23592F087F3B: Failed* RaftClientRequest:client-23592F087F3B->n1@group-D7F925094F13, cid=107, seq=26*, RW, Message:0807106318f18d94a387...(size=11)
java.util.concurrent.CompletionException: org.apache.ratis.protocol.exceptions.LeaderNotReadyException: n1@group-D7F925094F13 is in LEADER state but not ready yet.
	at java.base/java.util.concurrent.CompletableFuture.wrapInCompletionException(CompletableFuture.java:323)
	at java.base/java.util.concurrent.CompletableFuture.encodeThrowable(CompletableFuture.java:376)
	at java.base/java.util.concurrent.CompletableFuture.completeThrowable(CompletableFuture.java:391)
	at java.base/java.util.concurrent.CompletableFuture$UniAccept.tryFire(CompletableFuture.java:729)
	at java.base/java.util.concurrent.CompletableFuture.postComplete(CompletableFuture.java:531)
	at java.base/java.util.concurrent.CompletableFuture.completeExceptionally(CompletableFuture.java:2221)
	at org.apache.ratis.grpc.client.GrpcClientProtocolClient$AsyncStreamObservers.completeReplyExceptionally(GrpcClientProtocolClient.java:409)
	at org.apache.ratis.grpc.client.GrpcClientProtocolClient$AsyncStreamObservers.access$000(GrpcClientProtocolClient.java:308)
	at org.apache.ratis.grpc.client.GrpcClientProtocolClient$AsyncStreamObservers$1.onNext(GrpcClientProtocolClient.java:327)
	at org.apache.ratis.grpc.client.GrpcClientProtocolClient$AsyncStreamObservers$1.onNext(GrpcClientProtocolClient.java:313)
	at org.apache.ratis.thirdparty.io.grpc.stub.ClientCalls$StreamObserverToCallListenerAdapter.onMessage(ClientCalls.java:568)
	at org.apache.ratis.thirdparty.io.grpc.ForwardingClientCallListener.onMessage(ForwardingClientCallListener.java:33)
	at org.apache.ratis.thirdparty.io.grpc.internal.DelayedClientCall$DelayedListener.deliverMessage(DelayedClientCall.java:529)
	at org.apache.ratis.thirdparty.io.grpc.internal.DelayedClientCall$DelayedListener.onMessage(DelayedClientCall.java:513)
	at org.apache.ratis.thirdparty.io.grpc.internal.ClientCallImpl$ClientStreamListenerImpl$1MessagesAvailable.runInternal(ClientCallImpl.java:662)
	at org.apache.ratis.thirdparty.io.grpc.internal.ClientCallImpl$ClientStreamListenerImpl$1MessagesAvailable.runInContext(ClientCallImpl.java:649)
	at org.apache.ratis.thirdparty.io.grpc.internal.ContextRunnable.run(ContextRunnable.java:37)
	at org.apache.ratis.thirdparty.io.grpc.internal.SerializingExecutor.run(SerializingExecutor.java:133)
	at java.base/java.util.concurrent.ThreadPoolExecutor.runWorker(ThreadPoolExecutor.java:1090)
	at java.base/java.util.concurrent.ThreadPoolExecutor$Worker.run(ThreadPoolExecutor.java:614)
	at java.base/java.lang.Thread.run(Thread.java:1474)
Caused by: org.apache.ratis.protocol.exceptions.LeaderNotReadyException: n1@group-D7F925094F13 is in LEADER state but not ready yet.
	at org.apache.ratis.client.impl.ClientProtoUtils.toRaftClientReply(ClientProtoUtils.java:421)
	at org.apache.ratis.grpc.client.GrpcClientProtocolClient$AsyncStreamObservers$1.onNext(GrpcClientProtocolClient.java:318)
	... 12 more
[timer2] ERROR org.apache.ratis.client.impl.OrderedAsync -  client-23592F087F3B: Failed* RaftClientRequest:client-23592F087F3B->n1@group-D7F925094F13, cid=107, seq=26*, RW, Message:0807106318f18d94a387...(size=11) due to java.util.concurrent.CompletionException: org.apache.ratis.protocol.exceptions.AlreadyClosedException: client-23592F087F3B->n1 is closed. caused by AlreadyClosedException
[grpc-default-executor-7] ERROR org.apache.ratis.client.impl.OrderedAsync -  client-81A1BAC35978: Failed* RaftClientRequest:client-81A1BAC35978->n1@group-D7F925094F13, cid=105, seq=26*, RW, Message:0804106118bc8b94a387...(size=35)
java.util.concurrent.CompletionException: org.apache.ratis.protocol.exceptions.LeaderNotReadyException: n1@group-D7F925094F13 is in LEADER state but not ready yet.
	at java.base/java.util.concurrent.CompletableFuture.wrapInCompletionException(CompletableFuture.java:323)
	at java.base/java.util.concurrent.CompletableFuture.encodeThrowable(CompletableFuture.java:376)
	at java.base/java.util.concurrent.CompletableFuture.completeThrowable(CompletableFuture.java:391)
	at java.base/java.util.concurrent.CompletableFuture$UniAccept.tryFire(CompletableFuture.java:729)
	at java.base/java.util.concurrent.CompletableFuture.postComplete(CompletableFuture.java:531)
	at java.base/java.util.concurrent.CompletableFuture.completeExceptionally(CompletableFuture.java:2221)
	at org.apache.ratis.grpc.client.GrpcClientProtocolClient$AsyncStreamObservers.completeReplyExceptionally(GrpcClientProtocolClient.java:409)
	at org.apache.ratis.grpc.client.GrpcClientProtocolClient$AsyncStreamObservers.access$000(GrpcClientProtocolClient.java:308)
	at org.apache.ratis.grpc.client.GrpcClientProtocolClient$AsyncStreamObservers$1.onNext(GrpcClientProtocolClient.java:327)
	at org.apache.ratis.grpc.client.GrpcClientProtocolClient$AsyncStreamObservers$1.onNext(GrpcClientProtocolClient.java:313)
	at org.apache.ratis.thirdparty.io.grpc.stub.ClientCalls$StreamObserverToCallListenerAdapter.onMessage(ClientCalls.java:568)
	at org.apache.ratis.thirdparty.io.grpc.ForwardingClientCallListener.onMessage(ForwardingClientCallListener.java:33)
	at org.apache.ratis.thirdparty.io.grpc.internal.DelayedClientCall$DelayedListener.deliverMessage(DelayedClientCall.java:529)
	at org.apache.ratis.thirdparty.io.grpc.internal.DelayedClientCall$DelayedListener.onMessage(DelayedClientCall.java:513)
	at org.apache.ratis.thirdparty.io.grpc.internal.ClientCallImpl$ClientStreamListenerImpl$1MessagesAvailable.runInternal(ClientCallImpl.java:662)
	at org.apache.ratis.thirdparty.io.grpc.internal.ClientCallImpl$ClientStreamListenerImpl$1MessagesAvailable.runInContext(ClientCallImpl.java:649)
	at org.apache.ratis.thirdparty.io.grpc.internal.ContextRunnable.run(ContextRunnable.java:37)
	at org.apache.ratis.thirdparty.io.grpc.internal.SerializingExecutor.run(SerializingExecutor.java:133)
	at java.base/java.util.concurrent.ThreadPoolExecutor.runWorker(ThreadPoolExecutor.java:1090)
	at java.base/java.util.concurrent.ThreadPoolExecutor$Worker.run(ThreadPoolExecutor.java:614)
	at java.base/java.lang.Thread.run(Thread.java:1474)
Caused by: org.apache.ratis.protocol.exceptions.LeaderNotReadyException: n1@group-D7F925094F13 is in LEADER state but not ready yet.
	at org.apache.ratis.client.impl.ClientProtoUtils.toRaftClientReply(ClientProtoUtils.java:421)
	at org.apache.ratis.grpc.client.GrpcClientProtocolClient$AsyncStreamObservers$1.onNext(GrpcClientProtocolClient.java:318)
	... 12 more
[timer0] ERROR org.apache.ratis.client.impl.OrderedAsync -  client-81A1BAC35978: Failed* RaftClientRequest:client-81A1BAC35978->n1@group-D7F925094F13, cid=105, seq=26*, RW, Message:0804106118bc8b94a387...(size=35) due to java.util.concurrent.CompletionException: org.apache.ratis.protocol.exceptions.AlreadyClosedException: client-81A1BAC35978->n1 is closed. caused by AlreadyClosedException
[grpc-default-executor-4] INFO io.github.lamspace.openlatch.server.raft.ReplicationGateway - leadership changed on node 2: leader=false
[grpc-default-executor-4] INFO org.apache.ratis.server.RaftServer$Division - n2@group-D7F925094F13: change Leader from null to n1 at term 3 for APPEND_ENTRIES, leader elected after 2294ms
[grpc-default-executor-0] ERROR org.apache.ratis.client.impl.OrderedAsync -  client-B3A4BDF107A0: Failed* RaftClientRequest:client-B3A4BDF107A0->n2@group-D7F925094F13, cid=106, seq=26*, RW, Message:0804106218bd8b94a387...(size=35) due to java.util.concurrent.CompletionException: org.apache.ratis.protocol.exceptions.NotLeaderException: Server n2@group-D7F925094F13 is not the leader, suggested leader is: n1|127.0.0.1:40709 caused by NotLeaderException
[grpc-default-executor-7] ERROR org.apache.ratis.client.impl.OrderedAsync -  client-81A1BAC35978: Failed* RaftClientRequest:client-81A1BAC35978->n2@group-D7F925094F13, cid=105, seq=26*, RW, Message:0804106118bc8b94a387...(size=35) due to java.util.concurrent.CompletionException: org.apache.ratis.protocol.exceptions.NotLeaderException: Server n2@group-D7F925094F13 is not the leader, suggested leader is: n1|127.0.0.1:40709 caused by NotLeaderException
[grpc-default-executor-5] ERROR org.apache.ratis.client.impl.OrderedAsync -  client-23592F087F3B: Failed* RaftClientRequest:client-23592F087F3B->n3@group-D7F925094F13, cid=107, seq=26*, RW, Message:0807106318f18d94a387...(size=11) due to java.util.concurrent.CompletionException: org.apache.ratis.protocol.exceptions.NotLeaderException: Server n3@group-D7F925094F13 is not the leader, suggested leader is: n1|127.0.0.1:40709 caused by NotLeaderException
[grpc-default-executor-2] INFO org.apache.ratis.server.RaftServer$Division - n2@group-D7F925094F13: set configuration conf: {index: 229, cur=peers:[n1|127.0.0.1:40709, n2|127.0.0.1:45395, n3|127.0.0.1:34509]|listeners:[], old=null}
[n2-server-thread2] INFO org.apache.ratis.server.raftlog.segmented.SegmentedRaftLogWorker - n2@group-D7F925094F13-SegmentedRaftLogWorker: Truncating segments truncate(229)
  toTruncate: (15, 232) isOpen? true, length=9361, newEndIndex=228
    toDelete: [], start index 229
[n2-server-thread2] INFO org.apache.ratis.server.raftlog.segmented.SegmentedRaftLogWorker - n2@group-D7F925094F13-SegmentedRaftLogWorker: Starting segment from index:229
[n2@group-D7F925094F13-SegmentedRaftLogWorker] INFO org.apache.ratis.server.raftlog.segmented.SegmentedRaftLogWorker - n2@group-D7F925094F13-SegmentedRaftLogWorker: Truncated log file /tmp/openlatch-roll-node-12730585906077090789/f0c77938-3a50-35c5-9d0a-d7f925094f13/current/log_inprogress_15 to length 9361 and moved it to /tmp/openlatch-roll-node-12730585906077090789/f0c77938-3a50-35c5-9d0a-d7f925094f13/current/log_15-228
[n2@group-D7F925094F13-SegmentedRaftLogWorker] INFO org.apache.ratis.server.raftlog.segmented.SegmentedRaftLogWorker - n2@group-D7F925094F13-SegmentedRaftLogWorker: flushIndex: setUnconditionally 232 -> 228
[n2@group-D7F925094F13-SegmentedRaftLogWorker] INFO org.apache.ratis.server.raftlog.segmented.SegmentedRaftLogWorker - n2@group-D7F925094F13-SegmentedRaftLogWorker: safeCacheEvictIndex: setUnconditionally 14 -> 228
[n2@group-D7F925094F13-SegmentedRaftLogWorker] INFO org.apache.ratis.server.raftlog.segmented.BufferedWriteChannel - open log_inprogress_229 at position 0
[n2@group-D7F925094F13-SegmentedRaftLogWorker] INFO org.apache.ratis.server.raftlog.segmented.SegmentedRaftLogWorker - n2@group-D7F925094F13-SegmentedRaftLogWorker: created new log segment /tmp/openlatch-roll-node-12730585906077090789/f0c77938-3a50-35c5-9d0a-d7f925094f13/current/log_inprogress_229
[grpc-default-executor-5] ERROR org.apache.ratis.client.impl.OrderedAsync -  client-23592F087F3B: Failed* RaftClientRequest:client-23592F087F3B->n2@group-D7F925094F13, cid=107, seq=26*, RW, Message:0807106318f18d94a387...(size=11) due to java.util.concurrent.CompletionException: org.apache.ratis.protocol.exceptions.NotLeaderException: Server n2@group-D7F925094F13 is not the leader, suggested leader is: n1|127.0.0.1:40709 caused by NotLeaderException
[grpc-default-executor-4] ERROR org.apache.ratis.client.impl.OrderedAsync -  client-81A1BAC35978: Failed* RaftClientRequest:client-81A1BAC35978->n3@group-D7F925094F13, cid=105, seq=26*, RW, Message:0804106118bc8b94a387...(size=35) due to java.util.concurrent.CompletionException: org.apache.ratis.protocol.exceptions.NotLeaderException: Server n3@group-D7F925094F13 is not the leader, suggested leader is: n1|127.0.0.1:40709 caused by NotLeaderException
[grpc-default-executor-2] ERROR org.apache.ratis.client.impl.OrderedAsync -  client-B3A4BDF107A0: Failed* RaftClientRequest:client-B3A4BDF107A0->n3@group-D7F925094F13, cid=106, seq=26*, RW, Message:0804106218bd8b94a387...(size=35) due to java.util.concurrent.CompletionException: org.apache.ratis.protocol.exceptions.NotLeaderException: Server n3@group-D7F925094F13 is not the leader, suggested leader is: n1|127.0.0.1:40709 caused by NotLeaderException
[nioEventLoopGroup-3-4] ERROR org.apache.ratis.client.impl.OrderedAsync -  client-795D968FB996: Failed* RaftClientRequest:client-795D968FB996->n2@group-D7F925094F13, cid=108, seq=26, RW, Message:0804106418cfab94a387...(size=35) due to java.util.concurrent.CompletionException: org.apache.ratis.protocol.exceptions.AlreadyClosedException: client-795D968FB996->n2 is closed. caused by AlreadyClosedException
[grpc-default-executor-4] ERROR org.apache.ratis.client.impl.OrderedAsync -  client-795D968FB996: Failed* RaftClientRequest:client-795D968FB996->n3@group-D7F925094F13, cid=108, seq=26*, RW, Message:0804106418cfab94a387...(size=35) due to java.util.concurrent.CompletionException: org.apache.ratis.protocol.exceptions.NotLeaderException: Server n3@group-D7F925094F13 is not the leader, suggested leader is: n1|127.0.0.1:40709 caused by NotLeaderException
[timer7] WARN org.apache.ratis.grpc.server.GrpcLogAppender - n2@group-D7F925094F13->n3-AppendLogResponseHandler: Failed appendEntries (Repeated 12 times in the last 5.000s): org.apache.ratis.thirdparty.io.grpc.StatusRuntimeException: UNAVAILABLE: io exception
  Caused by: org.apache.ratis.thirdparty.io.netty.channel.AbstractChannel$AnnotatedConnectException: finishConnect(..) failed with error(-111): 连接被拒绝: /127.0.0.1:34509
  Caused by: java.net.ConnectException: finishConnect(..) failed with error(-111): 连接被拒绝
[timer0] WARN org.apache.ratis.grpc.server.GrpcLogAppender - n2@group-D7F925094F13->n3-GrpcLogAppender: Follower failed (request=null, errorCount=2); keep nextIndex (227) unchanged and retry. (Repeated 2 times in the last 5.002s)
[timer6] WARN org.apache.ratis.grpc.server.GrpcLogAppender - n2@group-D7F925094F13->n3-GrpcLogAppender: Follower failed (request=null, errorCount=4); keep nextIndex (228) unchanged and retry. (Repeated 2 times in the last 5.000s)
[timer1] WARN org.apache.ratis.grpc.server.GrpcLogAppender - n2@group-D7F925094F13->n3-GrpcLogAppender: Follower failed (request=null, errorCount=12); keep nextIndex (229) unchanged and retry. (Repeated 8 times in the last 5.001s)
[timer7] WARN org.apache.ratis.grpc.server.GrpcLogAppender - n2@group-D7F925094F13->n1-AppendLogResponseHandler: received INCONSISTENCY reply with nextIndex 39, errorCount=20, request=AppendEntriesRequest:cid=155:HEARTBEAT  (Repeated 2 times in the last 5.001s)
[timer0] ERROR org.apache.ratis.client.impl.OrderedAsync -  (Repeated 62 times in the last 5.008s) client-81A1BAC35978: Failed* RaftClientRequest:client-81A1BAC35978->n2@group-D7F925094F13, cid=105, seq=26*, RW, Message:0804106118bc8b94a387...(size=35) due to java.util.concurrent.CompletionException: org.apache.ratis.protocol.exceptions.NotLeaderException: Server n2@group-D7F925094F13 is not the leader caused by NotLeaderException
[timer7] ERROR org.apache.ratis.client.impl.OrderedAsync -  (Repeated 66 times in the last 5.009s) client-B3A4BDF107A0: Failed* RaftClientRequest:client-B3A4BDF107A0->n2@group-D7F925094F13, cid=106, seq=26*, RW, Message:0804106218bd8b94a387...(size=35) due to java.util.concurrent.CompletionException: org.apache.ratis.protocol.exceptions.NotLeaderException: Server n2@group-D7F925094F13 is not the leader caused by NotLeaderException
[timer1] ERROR org.apache.ratis.client.impl.OrderedAsync -  (Repeated 58 times in the last 5.010s) client-23592F087F3B: Failed* RaftClientRequest:client-23592F087F3B->n2@group-D7F925094F13, cid=107, seq=26*, RW, Message:0807106318f18d94a387...(size=11) due to java.util.concurrent.CompletionException: org.apache.ratis.protocol.exceptions.NotLeaderException: Server n2@group-D7F925094F13 is not the leader caused by NotLeaderException
[timer4] ERROR org.apache.ratis.client.impl.OrderedAsync -  (Repeated 37 times in the last 5.002s) client-81A1BAC35978: Failed* RaftClientRequest:client-81A1BAC35978->n3@group-D7F925094F13, cid=105, seq=26*, RW, Message:0804106118bc8b94a387...(size=35)
java.util.concurrent.CompletionException: java.io.IOException: org.apache.ratis.thirdparty.io.grpc.StatusRuntimeException: UNAVAILABLE: io exception
	at java.base/java.util.concurrent.CompletableFuture.wrapInCompletionException(CompletableFuture.java:323)
	at java.base/java.util.concurrent.CompletableFuture.encodeThrowable(CompletableFuture.java:376)
	at java.base/java.util.concurrent.CompletableFuture.completeThrowable(CompletableFuture.java:391)
	at java.base/java.util.concurrent.CompletableFuture$UniAccept.tryFire(CompletableFuture.java:729)
	at java.base/java.util.concurrent.CompletableFuture.postComplete(CompletableFuture.java:531)
	at java.base/java.util.concurrent.CompletableFuture.completeExceptionally(CompletableFuture.java:2221)
	at org.apache.ratis.grpc.client.GrpcClientProtocolClient$AsyncStreamObservers.completeReplyExceptionally(GrpcClientProtocolClient.java:409)
	at org.apache.ratis.grpc.client.GrpcClientProtocolClient$AsyncStreamObservers.access$000(GrpcClientProtocolClient.java:308)
	at org.apache.ratis.grpc.client.GrpcClientProtocolClient$AsyncStreamObservers$1.onError(GrpcClientProtocolClient.java:339)
	at org.apache.ratis.thirdparty.io.grpc.stub.ClientCalls$StreamObserverToCallListenerAdapter.onClose(ClientCalls.java:581)
	at org.apache.ratis.thirdparty.io.grpc.PartialForwardingClientCallListener.onClose(PartialForwardingClientCallListener.java:39)
	at org.apache.ratis.thirdparty.io.grpc.ForwardingClientCallListener.onClose(ForwardingClientCallListener.java:23)
	at org.apache.ratis.grpc.metrics.intercept.client.MetricClientCallListener.onClose(MetricClientCallListener.java:47)
	at org.apache.ratis.thirdparty.io.grpc.internal.ClientCallImpl.closeObserver(ClientCallImpl.java:566)
	at org.apache.ratis.thirdparty.io.grpc.internal.ClientCallImpl.access$100(ClientCallImpl.java:72)
	at org.apache.ratis.thirdparty.io.grpc.internal.ClientCallImpl$ClientStreamListenerImpl$1StreamClosed.runInternal(ClientCallImpl.java:734)
	at org.apache.ratis.thirdparty.io.grpc.internal.ClientCallImpl$ClientStreamListenerImpl$1StreamClosed.runInContext(ClientCallImpl.java:715)
	at org.apache.ratis.thirdparty.io.grpc.internal.ContextRunnable.run(ContextRunnable.java:37)
	at org.apache.ratis.thirdparty.io.grpc.internal.SerializingExecutor.run(SerializingExecutor.java:133)
	at java.base/java.util.concurrent.ThreadPoolExecutor.runWorker(ThreadPoolExecutor.java:1090)
	at java.base/java.util.concurrent.ThreadPoolExecutor$Worker.run(ThreadPoolExecutor.java:614)
	at java.base/java.lang.Thread.run(Thread.java:1474)
Caused by: java.io.IOException: org.apache.ratis.thirdparty.io.grpc.StatusRuntimeException: UNAVAILABLE: io exception
	at org.apache.ratis.grpc.GrpcUtil.unwrapException(GrpcUtil.java:117)
	at org.apache.ratis.grpc.GrpcUtil.unwrapIOException(GrpcUtil.java:179)
	at org.apache.ratis.grpc.client.GrpcClientProtocolClient$AsyncStreamObservers$1.onError(GrpcClientProtocolClient.java:338)
	... 13 more
Caused by: org.apache.ratis.thirdparty.io.grpc.StatusRuntimeException: UNAVAILABLE: io exception
	at org.apache.ratis.thirdparty.io.grpc.Status.asRuntimeException(Status.java:532)
	... 13 more
Caused by: org.apache.ratis.thirdparty.io.netty.channel.AbstractChannel$AnnotatedConnectException: finishConnect(..) failed with error(-111): 连接被拒绝: /127.0.0.1:34509
Caused by: java.net.ConnectException: finishConnect(..) failed with error(-111): 连接被拒绝
	at org.apache.ratis.thirdparty.io.netty.channel.unix.Errors.newConnectException0(Errors.java:166)
	at org.apache.ratis.thirdparty.io.netty.channel.unix.Errors.handleConnectErrno(Errors.java:131)
	at org.apache.ratis.thirdparty.io.netty.channel.unix.Socket.finishConnect(Socket.java:359)
	at org.apache.ratis.thirdparty.io.netty.channel.epoll.AbstractEpollChannel$AbstractEpollUnsafe.doFinishConnect(AbstractEpollChannel.java:715)
	at org.apache.ratis.thirdparty.io.netty.channel.epoll.AbstractEpollChannel$AbstractEpollUnsafe.finishConnect(AbstractEpollChannel.java:692)
	at org.apache.ratis.thirdparty.io.netty.channel.epoll.AbstractEpollChannel$AbstractEpollUnsafe.epollOutReady(AbstractEpollChannel.java:567)
	at org.apache.ratis.thirdparty.io.netty.channel.epoll.EpollEventLoop.processReady(EpollEventLoop.java:491)
	at org.apache.ratis.thirdparty.io.netty.channel.epoll.EpollEventLoop.run(EpollEventLoop.java:399)
	at org.apache.ratis.thirdparty.io.netty.util.concurrent.SingleThreadEventExecutor$4.run(SingleThreadEventExecutor.java:1007)
	at org.apache.ratis.thirdparty.io.netty.util.internal.ThreadExecutorMap$2.run(ThreadExecutorMap.java:74)
	at org.apache.ratis.thirdparty.io.netty.util.concurrent.FastThreadLocalRunnable.run(FastThreadLocalRunnable.java:30)
	at java.base/java.lang.Thread.run(Thread.java:1474)
[timer5] ERROR org.apache.ratis.client.impl.OrderedAsync -  (Repeated 39 times in the last 5.002s) client-B3A4BDF107A0: Failed* RaftClientRequest:client-B3A4BDF107A0->n3@group-D7F925094F13, cid=106, seq=26*, RW, Message:0804106218bd8b94a387...(size=35)
java.util.concurrent.CompletionException: java.io.IOException: org.apache.ratis.thirdparty.io.grpc.StatusRuntimeException: UNAVAILABLE: io exception
	at java.base/java.util.concurrent.CompletableFuture.wrapInCompletionException(CompletableFuture.java:323)
	at java.base/java.util.concurrent.CompletableFuture.encodeThrowable(CompletableFuture.java:376)
	at java.base/java.util.concurrent.CompletableFuture.completeThrowable(CompletableFuture.java:391)
	at java.base/java.util.concurrent.CompletableFuture$UniAccept.tryFire(CompletableFuture.java:729)
	at java.base/java.util.concurrent.CompletableFuture.postComplete(CompletableFuture.java:531)
	at java.base/java.util.concurrent.CompletableFuture.completeExceptionally(CompletableFuture.java:2221)
	at org.apache.ratis.grpc.client.GrpcClientProtocolClient$AsyncStreamObservers.completeReplyExceptionally(GrpcClientProtocolClient.java:409)
	at org.apache.ratis.grpc.client.GrpcClientProtocolClient$AsyncStreamObservers.access$000(GrpcClientProtocolClient.java:308)
	at org.apache.ratis.grpc.client.GrpcClientProtocolClient$AsyncStreamObservers$1.onError(GrpcClientProtocolClient.java:339)
	at org.apache.ratis.thirdparty.io.grpc.stub.ClientCalls$StreamObserverToCallListenerAdapter.onClose(ClientCalls.java:581)
	at org.apache.ratis.thirdparty.io.grpc.PartialForwardingClientCallListener.onClose(PartialForwardingClientCallListener.java:39)
	at org.apache.ratis.thirdparty.io.grpc.ForwardingClientCallListener.onClose(ForwardingClientCallListener.java:23)
	at org.apache.ratis.grpc.metrics.intercept.client.MetricClientCallListener.onClose(MetricClientCallListener.java:47)
	at org.apache.ratis.thirdparty.io.grpc.internal.DelayedClientCall$DelayedListener$3.run(DelayedClientCall.java:553)
	at org.apache.ratis.thirdparty.io.grpc.internal.DelayedClientCall$DelayedListener.delayOrExecute(DelayedClientCall.java:482)
	at org.apache.ratis.thirdparty.io.grpc.internal.DelayedClientCall$DelayedListener.onClose(DelayedClientCall.java:537)
	at org.apache.ratis.thirdparty.io.grpc.internal.ClientCallImpl.closeObserver(ClientCallImpl.java:566)
	at org.apache.ratis.thirdparty.io.grpc.internal.ClientCallImpl.access$100(ClientCallImpl.java:72)
	at org.apache.ratis.thirdparty.io.grpc.internal.ClientCallImpl$ClientStreamListenerImpl$1StreamClosed.runInternal(ClientCallImpl.java:734)
	at org.apache.ratis.thirdparty.io.grpc.internal.ClientCallImpl$ClientStreamListenerImpl$1StreamClosed.runInContext(ClientCallImpl.java:715)
	at org.apache.ratis.thirdparty.io.grpc.internal.ContextRunnable.run(ContextRunnable.java:37)
	at org.apache.ratis.thirdparty.io.grpc.internal.SerializingExecutor.run(SerializingExecutor.java:133)
	at java.base/java.util.concurrent.ThreadPoolExecutor.runWorker(ThreadPoolExecutor.java:1090)
	at java.base/java.util.concurrent.ThreadPoolExecutor$Worker.run(ThreadPoolExecutor.java:614)
	at java.base/java.lang.Thread.run(Thread.java:1474)
Caused by: java.io.IOException: org.apache.ratis.thirdparty.io.grpc.StatusRuntimeException: UNAVAILABLE: io exception
	at org.apache.ratis.grpc.GrpcUtil.unwrapException(GrpcUtil.java:117)
	at org.apache.ratis.grpc.GrpcUtil.unwrapIOException(GrpcUtil.java:179)
	at org.apache.ratis.grpc.client.GrpcClientProtocolClient$AsyncStreamObservers$1.onError(GrpcClientProtocolClient.java:338)
	... 16 more
Caused by: org.apache.ratis.thirdparty.io.grpc.StatusRuntimeException: UNAVAILABLE: io exception
	at org.apache.ratis.thirdparty.io.grpc.Status.asRuntimeException(Status.java:532)
	... 16 more
Caused by: org.apache.ratis.thirdparty.io.netty.channel.AbstractChannel$AnnotatedConnectException: finishConnect(..) failed with error(-111): 连接被拒绝: /127.0.0.1:34509
Caused by: java.net.ConnectException: finishConnect(..) failed with error(-111): 连接被拒绝
	at org.apache.ratis.thirdparty.io.netty.channel.unix.Errors.newConnectException0(Errors.java:166)
	at org.apache.ratis.thirdparty.io.netty.channel.unix.Errors.handleConnectErrno(Errors.java:131)
	at org.apache.ratis.thirdparty.io.netty.channel.unix.Socket.finishConnect(Socket.java:359)
	at org.apache.ratis.thirdparty.io.netty.channel.epoll.AbstractEpollChannel$AbstractEpollUnsafe.doFinishConnect(AbstractEpollChannel.java:715)
	at org.apache.ratis.thirdparty.io.netty.channel.epoll.AbstractEpollChannel$AbstractEpollUnsafe.finishConnect(AbstractEpollChannel.java:692)
	at org.apache.ratis.thirdparty.io.netty.channel.epoll.AbstractEpollChannel$AbstractEpollUnsafe.epollOutReady(AbstractEpollChannel.java:567)
	at org.apache.ratis.thirdparty.io.netty.channel.epoll.EpollEventLoop.processReady(EpollEventLoop.java:491)
	at org.apache.ratis.thirdparty.io.netty.channel.epoll.EpollEventLoop.run(EpollEventLoop.java:399)
	at org.apache.ratis.thirdparty.io.netty.util.concurrent.SingleThreadEventExecutor$4.run(SingleThreadEventExecutor.java:1007)
	at org.apache.ratis.thirdparty.io.netty.util.internal.ThreadExecutorMap$2.run(ThreadExecutorMap.java:74)
	at org.apache.ratis.thirdparty.io.netty.util.concurrent.FastThreadLocalRunnable.run(FastThreadLocalRunnable.java:30)
	at java.base/java.lang.Thread.run(Thread.java:1474)
[timer2] ERROR org.apache.ratis.client.impl.OrderedAsync -  (Repeated 59 times in the last 5.000s) client-B3A4BDF107A0: Failed* RaftClientRequest:client-B3A4BDF107A0->n1@group-D7F925094F13, cid=106, seq=26*, RW, Message:0804106218bd8b94a387...(size=35) due to java.util.concurrent.CompletionException: org.apache.ratis.protocol.exceptions.NotLeaderException: Server n1@group-D7F925094F13 is not the leader caused by NotLeaderException
[timer0] ERROR org.apache.ratis.client.impl.OrderedAsync -  (Repeated 67 times in the last 5.001s) client-23592F087F3B: Failed* RaftClientRequest:client-23592F087F3B->n1@group-D7F925094F13, cid=107, seq=26*, RW, Message:0807106318f18d94a387...(size=11) due to java.util.concurrent.CompletionException: org.apache.ratis.protocol.exceptions.NotLeaderException: Server n1@group-D7F925094F13 is not the leader caused by NotLeaderException
[timer1] ERROR org.apache.ratis.client.impl.OrderedAsync -  (Repeated 63 times in the last 5.001s) client-81A1BAC35978: Failed* RaftClientRequest:client-81A1BAC35978->n1@group-D7F925094F13, cid=105, seq=26*, RW, Message:0804106118bc8b94a387...(size=35) due to java.util.concurrent.CompletionException: org.apache.ratis.protocol.exceptions.NotLeaderException: Server n1@group-D7F925094F13 is not the leader caused by NotLeaderException
[timer5] ERROR org.apache.ratis.client.impl.OrderedAsync -  (Repeated 43 times in the last 5.001s) client-23592F087F3B: Failed* RaftClientRequest:client-23592F087F3B->n3@group-D7F925094F13, cid=107, seq=26*, RW, Message:0807106318f18d94a387...(size=11)
java.util.concurrent.CompletionException: java.io.IOException: org.apache.ratis.thirdparty.io.grpc.StatusRuntimeException: UNAVAILABLE: io exception
	at java.base/java.util.concurrent.CompletableFuture.wrapInCompletionException(CompletableFuture.java:323)
	at java.base/java.util.concurrent.CompletableFuture.encodeThrowable(CompletableFuture.java:376)
	at java.base/java.util.concurrent.CompletableFuture.completeThrowable(CompletableFuture.java:391)
	at java.base/java.util.concurrent.CompletableFuture$UniAccept.tryFire(CompletableFuture.java:729)
	at java.base/java.util.concurrent.CompletableFuture.postComplete(CompletableFuture.java:531)
	at java.base/java.util.concurrent.CompletableFuture.completeExceptionally(CompletableFuture.java:2221)
	at org.apache.ratis.grpc.client.GrpcClientProtocolClient$AsyncStreamObservers.completeReplyExceptionally(GrpcClientProtocolClient.java:409)
	at org.apache.ratis.grpc.client.GrpcClientProtocolClient$AsyncStreamObservers.access$000(GrpcClientProtocolClient.java:308)
	at org.apache.ratis.grpc.client.GrpcClientProtocolClient$AsyncStreamObservers$1.onError(GrpcClientProtocolClient.java:339)
	at org.apache.ratis.thirdparty.io.grpc.stub.ClientCalls$StreamObserverToCallListenerAdapter.onClose(ClientCalls.java:581)
	at org.apache.ratis.thirdparty.io.grpc.PartialForwardingClientCallListener.onClose(PartialForwardingClientCallListener.java:39)
	at org.apache.ratis.thirdparty.io.grpc.ForwardingClientCallListener.onClose(ForwardingClientCallListener.java:23)
	at org.apache.ratis.grpc.metrics.intercept.client.MetricClientCallListener.onClose(MetricClientCallListener.java:47)
	at org.apache.ratis.thirdparty.io.grpc.internal.DelayedClientCall$DelayedListener$3.run(DelayedClientCall.java:553)
	at org.apache.ratis.thirdparty.io.grpc.internal.DelayedClientCall$DelayedListener.delayOrExecute(DelayedClientCall.java:482)
	at org.apache.ratis.thirdparty.io.grpc.internal.DelayedClientCall$DelayedListener.onClose(DelayedClientCall.java:537)
	at org.apache.ratis.thirdparty.io.grpc.internal.ClientCallImpl.closeObserver(ClientCallImpl.java:566)
	at org.apache.ratis.thirdparty.io.grpc.internal.ClientCallImpl.access$100(ClientCallImpl.java:72)
	at org.apache.ratis.thirdparty.io.grpc.internal.ClientCallImpl$ClientStreamListenerImpl$1StreamClosed.runInternal(ClientCallImpl.java:734)
	at org.apache.ratis.thirdparty.io.grpc.internal.ClientCallImpl$ClientStreamListenerImpl$1StreamClosed.runInContext(ClientCallImpl.java:715)
	at org.apache.ratis.thirdparty.io.grpc.internal.ContextRunnable.run(ContextRunnable.java:37)
	at org.apache.ratis.thirdparty.io.grpc.internal.SerializingExecutor.run(SerializingExecutor.java:133)
	at java.base/java.util.concurrent.ThreadPoolExecutor.runWorker(ThreadPoolExecutor.java:1090)
	at java.base/java.util.concurrent.ThreadPoolExecutor$Worker.run(ThreadPoolExecutor.java:614)
	at java.base/java.lang.Thread.run(Thread.java:1474)
Caused by: java.io.IOException: org.apache.ratis.thirdparty.io.grpc.StatusRuntimeException: UNAVAILABLE: io exception
	at org.apache.ratis.grpc.GrpcUtil.unwrapException(GrpcUtil.java:117)
	at org.apache.ratis.grpc.GrpcUtil.unwrapIOException(GrpcUtil.java:179)
	at org.apache.ratis.grpc.client.GrpcClientProtocolClient$AsyncStreamObservers$1.onError(GrpcClientProtocolClient.java:338)
	... 16 more
Caused by: org.apache.ratis.thirdparty.io.grpc.StatusRuntimeException: UNAVAILABLE: io exception
	at org.apache.ratis.thirdparty.io.grpc.Status.asRuntimeException(Status.java:532)
	... 16 more
Caused by: org.apache.ratis.thirdparty.io.netty.channel.AbstractChannel$AnnotatedConnectException: finishConnect(..) failed with error(-111): 连接被拒绝: /127.0.0.1:34509
Caused by: java.net.ConnectException: finishConnect(..) failed with error(-111): 连接被拒绝
	at org.apache.ratis.thirdparty.io.netty.channel.unix.Errors.newConnectException0(Errors.java:166)
	at org.apache.ratis.thirdparty.io.netty.channel.unix.Errors.handleConnectErrno(Errors.java:131)
	at org.apache.ratis.thirdparty.io.netty.channel.unix.Socket.finishConnect(Socket.java:359)
	at org.apache.ratis.thirdparty.io.netty.channel.epoll.AbstractEpollChannel$AbstractEpollUnsafe.doFinishConnect(AbstractEpollChannel.java:715)
	at org.apache.ratis.thirdparty.io.netty.channel.epoll.AbstractEpollChannel$AbstractEpollUnsafe.finishConnect(AbstractEpollChannel.java:692)
	at org.apache.ratis.thirdparty.io.netty.channel.epoll.AbstractEpollChannel$AbstractEpollUnsafe.epollOutReady(AbstractEpollChannel.java:567)
	at org.apache.ratis.thirdparty.io.netty.channel.epoll.EpollEventLoop.processReady(EpollEventLoop.java:491)
	at org.apache.ratis.thirdparty.io.netty.channel.epoll.EpollEventLoop.run(EpollEventLoop.java:399)
	at org.apache.ratis.thirdparty.io.netty.util.concurrent.SingleThreadEventExecutor$4.run(SingleThreadEventExecutor.java:1007)
	at org.apache.ratis.thirdparty.io.netty.util.internal.ThreadExecutorMap$2.run(ThreadExecutorMap.java:74)
	at org.apache.ratis.thirdparty.io.netty.util.concurrent.FastThreadLocalRunnable.run(FastThreadLocalRunnable.java:30)
	at java.base/java.lang.Thread.run(Thread.java:1474)
[timer1] ERROR org.apache.ratis.client.impl.OrderedAsync -  (Repeated 2 times in the last 5.000s) client-81A1BAC35978: Failed* RaftClientRequest:client-81A1BAC35978->n3@group-D7F925094F13, cid=105, seq=26*, RW, Message:0804106118bc8b94a387...(size=35) due to java.util.concurrent.CompletionException: org.apache.ratis.protocol.exceptions.AlreadyClosedException: client-81A1BAC35978->n3 is closed. caused by AlreadyClosedException
[timer7] ERROR org.apache.ratis.client.impl.OrderedAsync -  (Repeated 22 times in the last 5.002s) client-81A1BAC35978: Failed* RaftClientRequest:client-81A1BAC35978->n3@group-D7F925094F13, cid=105, seq=26*, RW, Message:0804106118bc8b94a387...(size=35) due to java.util.concurrent.CompletionException: org.apache.ratis.protocol.exceptions.NotLeaderException: Server n3@group-D7F925094F13 is not the leader caused by NotLeaderException
[timer6] ERROR org.apache.ratis.client.impl.OrderedAsync -  (Repeated 18 times in the last 5.000s) client-B3A4BDF107A0: Failed* RaftClientRequest:client-B3A4BDF107A0->n3@group-D7F925094F13, cid=106, seq=26*, RW, Message:0804106218bd8b94a387...(size=35) due to java.util.concurrent.CompletionException: org.apache.ratis.protocol.exceptions.NotLeaderException: Server n3@group-D7F925094F13 is not the leader caused by NotLeaderException
[timer0] ERROR org.apache.ratis.client.impl.OrderedAsync -  (Repeated 21 times in the last 5.002s) client-23592F087F3B: Failed* RaftClientRequest:client-23592F087F3B->n3@group-D7F925094F13, cid=107, seq=26*, RW, Message:0807106318f18d94a387...(size=11) due to java.util.concurrent.CompletionException: org.apache.ratis.protocol.exceptions.NotLeaderException: Server n3@group-D7F925094F13 is not the leader caused by NotLeaderException
[timer6] ERROR org.apache.ratis.client.impl.OrderedAsync -  (Repeated 5 times in the last 5.001s) client-B3A4BDF107A0: Failed* RaftClientRequest:client-B3A4BDF107A0->n1@group-D7F925094F13, cid=106, seq=26*, RW, Message:0804106218bd8b94a387...(size=35)
java.util.concurrent.CompletionException: org.apache.ratis.protocol.exceptions.LeaderNotReadyException: n1@group-D7F925094F13 is in LEADER state but not ready yet.
	at java.base/java.util.concurrent.CompletableFuture.wrapInCompletionException(CompletableFuture.java:323)
	at java.base/java.util.concurrent.CompletableFuture.encodeThrowable(CompletableFuture.java:376)
	at java.base/java.util.concurrent.CompletableFuture.completeThrowable(CompletableFuture.java:391)
	at java.base/java.util.concurrent.CompletableFuture$UniAccept.tryFire(CompletableFuture.java:729)
	at java.base/java.util.concurrent.CompletableFuture.postComplete(CompletableFuture.java:531)
	at java.base/java.util.concurrent.CompletableFuture.completeExceptionally(CompletableFuture.java:2221)
	at org.apache.ratis.grpc.client.GrpcClientProtocolClient$AsyncStreamObservers.completeReplyExceptionally(GrpcClientProtocolClient.java:409)
	at org.apache.ratis.grpc.client.GrpcClientProtocolClient$AsyncStreamObservers.access$000(GrpcClientProtocolClient.java:308)
	at org.apache.ratis.grpc.client.GrpcClientProtocolClient$AsyncStreamObservers$1.onNext(GrpcClientProtocolClient.java:327)
	at org.apache.ratis.grpc.client.GrpcClientProtocolClient$AsyncStreamObservers$1.onNext(GrpcClientProtocolClient.java:313)
	at org.apache.ratis.thirdparty.io.grpc.stub.ClientCalls$StreamObserverToCallListenerAdapter.onMessage(ClientCalls.java:568)
	at org.apache.ratis.thirdparty.io.grpc.ForwardingClientCallListener.onMessage(ForwardingClientCallListener.java:33)
	at org.apache.ratis.thirdparty.io.grpc.internal.DelayedClientCall$DelayedListener.deliverMessage(DelayedClientCall.java:529)
	at org.apache.ratis.thirdparty.io.grpc.internal.DelayedClientCall$DelayedListener.onMessage(DelayedClientCall.java:513)
	at org.apache.ratis.thirdparty.io.grpc.internal.ClientCallImpl$ClientStreamListenerImpl$1MessagesAvailable.runInternal(ClientCallImpl.java:662)
	at org.apache.ratis.thirdparty.io.grpc.internal.ClientCallImpl$ClientStreamListenerImpl$1MessagesAvailable.runInContext(ClientCallImpl.java:649)
	at org.apache.ratis.thirdparty.io.grpc.internal.ContextRunnable.run(ContextRunnable.java:37)
	at org.apache.ratis.thirdparty.io.grpc.internal.SerializingExecutor.run(SerializingExecutor.java:133)
	at java.base/java.util.concurrent.ThreadPoolExecutor.runWorker(ThreadPoolExecutor.java:1090)
	at java.base/java.util.concurrent.ThreadPoolExecutor$Worker.run(ThreadPoolExecutor.java:614)
	at java.base/java.lang.Thread.run(Thread.java:1474)
Caused by: org.apache.ratis.protocol.exceptions.LeaderNotReadyException: n1@group-D7F925094F13 is in LEADER state but not ready yet.
	at org.apache.ratis.client.impl.ClientProtoUtils.toRaftClientReply(ClientProtoUtils.java:421)
	at org.apache.ratis.grpc.client.GrpcClientProtocolClient$AsyncStreamObservers$1.onNext(GrpcClientProtocolClient.java:318)
	... 12 more
[timer0] ERROR org.apache.ratis.client.impl.OrderedAsync -  (Repeated 5 times in the last 5.000s) client-B3A4BDF107A0: Failed* RaftClientRequest:client-B3A4BDF107A0->n1@group-D7F925094F13, cid=106, seq=26*, RW, Message:0804106218bd8b94a387...(size=35) due to java.util.concurrent.CompletionException: org.apache.ratis.protocol.exceptions.AlreadyClosedException: client-B3A4BDF107A0->n1 is closed. caused by AlreadyClosedException
[timer1] ERROR org.apache.ratis.client.impl.OrderedAsync -  (Repeated 4 times in the last 5.000s) client-23592F087F3B: Failed* RaftClientRequest:client-23592F087F3B->n1@group-D7F925094F13, cid=107, seq=26*, RW, Message:0807106318f18d94a387...(size=11)
java.util.concurrent.CompletionException: org.apache.ratis.protocol.exceptions.LeaderNotReadyException: n1@group-D7F925094F13 is in LEADER state but not ready yet.
	at java.base/java.util.concurrent.CompletableFuture.wrapInCompletionException(CompletableFuture.java:323)
	at java.base/java.util.concurrent.CompletableFuture.encodeThrowable(CompletableFuture.java:376)
	at java.base/java.util.concurrent.CompletableFuture.completeThrowable(CompletableFuture.java:391)
	at java.base/java.util.concurrent.CompletableFuture$UniAccept.tryFire(CompletableFuture.java:729)
	at java.base/java.util.concurrent.CompletableFuture.postComplete(CompletableFuture.java:531)
	at java.base/java.util.concurrent.CompletableFuture.completeExceptionally(CompletableFuture.java:2221)
	at org.apache.ratis.grpc.client.GrpcClientProtocolClient$AsyncStreamObservers.completeReplyExceptionally(GrpcClientProtocolClient.java:409)
	at org.apache.ratis.grpc.client.GrpcClientProtocolClient$AsyncStreamObservers.access$000(GrpcClientProtocolClient.java:308)
	at org.apache.ratis.grpc.client.GrpcClientProtocolClient$AsyncStreamObservers$1.onNext(GrpcClientProtocolClient.java:327)
	at org.apache.ratis.grpc.client.GrpcClientProtocolClient$AsyncStreamObservers$1.onNext(GrpcClientProtocolClient.java:313)
	at org.apache.ratis.thirdparty.io.grpc.stub.ClientCalls$StreamObserverToCallListenerAdapter.onMessage(ClientCalls.java:568)
	at org.apache.ratis.thirdparty.io.grpc.ForwardingClientCallListener.onMessage(ForwardingClientCallListener.java:33)
	at org.apache.ratis.thirdparty.io.grpc.internal.DelayedClientCall$DelayedListener.deliverMessage(DelayedClientCall.java:529)
	at org.apache.ratis.thirdparty.io.grpc.internal.DelayedClientCall$DelayedListener.onMessage(DelayedClientCall.java:513)
	at org.apache.ratis.thirdparty.io.grpc.internal.ClientCallImpl$ClientStreamListenerImpl$1MessagesAvailable.runInternal(ClientCallImpl.java:662)
	at org.apache.ratis.thirdparty.io.grpc.internal.ClientCallImpl$ClientStreamListenerImpl$1MessagesAvailable.runInContext(ClientCallImpl.java:649)
	at org.apache.ratis.thirdparty.io.grpc.internal.ContextRunnable.run(ContextRunnable.java:37)
	at org.apache.ratis.thirdparty.io.grpc.internal.SerializingExecutor.run(SerializingExecutor.java:133)
	at java.base/java.util.concurrent.ThreadPoolExecutor.runWorker(ThreadPoolExecutor.java:1090)
	at java.base/java.util.concurrent.ThreadPoolExecutor$Worker.run(ThreadPoolExecutor.java:614)
	at java.base/java.lang.Thread.run(Thread.java:1474)
Caused by: org.apache.ratis.protocol.exceptions.LeaderNotReadyException: n1@group-D7F925094F13 is in LEADER state but not ready yet.
	at org.apache.ratis.client.impl.ClientProtoUtils.toRaftClientReply(ClientProtoUtils.java:421)
	at org.apache.ratis.grpc.client.GrpcClientProtocolClient$AsyncStreamObservers$1.onNext(GrpcClientProtocolClient.java:318)
	... 12 more
[timer4] ERROR org.apache.ratis.client.impl.OrderedAsync -  (Repeated 4 times in the last 5.001s) client-23592F087F3B: Failed* RaftClientRequest:client-23592F087F3B->n1@group-D7F925094F13, cid=107, seq=26*, RW, Message:0807106318f18d94a387...(size=11) due to java.util.concurrent.CompletionException: org.apache.ratis.protocol.exceptions.AlreadyClosedException: client-23592F087F3B->n1 is closed. caused by AlreadyClosedException
[timer7] ERROR org.apache.ratis.client.impl.OrderedAsync -  (Repeated 4 times in the last 5.008s) client-81A1BAC35978: Failed* RaftClientRequest:client-81A1BAC35978->n1@group-D7F925094F13, cid=105, seq=26*, RW, Message:0804106118bc8b94a387...(size=35)
java.util.concurrent.CompletionException: org.apache.ratis.protocol.exceptions.LeaderNotReadyException: n1@group-D7F925094F13 is in LEADER state but not ready yet.
	at java.base/java.util.concurrent.CompletableFuture.wrapInCompletionException(CompletableFuture.java:323)
	at java.base/java.util.concurrent.CompletableFuture.encodeThrowable(CompletableFuture.java:376)
	at java.base/java.util.concurrent.CompletableFuture.completeThrowable(CompletableFuture.java:391)
	at java.base/java.util.concurrent.CompletableFuture$UniAccept.tryFire(CompletableFuture.java:729)
	at java.base/java.util.concurrent.CompletableFuture.postComplete(CompletableFuture.java:531)
	at java.base/java.util.concurrent.CompletableFuture.completeExceptionally(CompletableFuture.java:2221)
	at org.apache.ratis.grpc.client.GrpcClientProtocolClient$AsyncStreamObservers.completeReplyExceptionally(GrpcClientProtocolClient.java:409)
	at org.apache.ratis.grpc.client.GrpcClientProtocolClient$AsyncStreamObservers.access$000(GrpcClientProtocolClient.java:308)
	at org.apache.ratis.grpc.client.GrpcClientProtocolClient$AsyncStreamObservers$1.onNext(GrpcClientProtocolClient.java:327)
	at org.apache.ratis.grpc.client.GrpcClientProtocolClient$AsyncStreamObservers$1.onNext(GrpcClientProtocolClient.java:313)
	at org.apache.ratis.thirdparty.io.grpc.stub.ClientCalls$StreamObserverToCallListenerAdapter.onMessage(ClientCalls.java:568)
	at org.apache.ratis.thirdparty.io.grpc.ForwardingClientCallListener.onMessage(ForwardingClientCallListener.java:33)
	at org.apache.ratis.thirdparty.io.grpc.internal.DelayedClientCall$DelayedListener.deliverMessage(DelayedClientCall.java:529)
	at org.apache.ratis.thirdparty.io.grpc.internal.DelayedClientCall$DelayedListener.onMessage(DelayedClientCall.java:513)
	at org.apache.ratis.thirdparty.io.grpc.internal.ClientCallImpl$ClientStreamListenerImpl$1MessagesAvailable.runInternal(ClientCallImpl.java:662)
	at org.apache.ratis.thirdparty.io.grpc.internal.ClientCallImpl$ClientStreamListenerImpl$1MessagesAvailable.runInContext(ClientCallImpl.java:649)
	at org.apache.ratis.thirdparty.io.grpc.internal.ContextRunnable.run(ContextRunnable.java:37)
	at org.apache.ratis.thirdparty.io.grpc.internal.SerializingExecutor.run(SerializingExecutor.java:133)
	at java.base/java.util.concurrent.ThreadPoolExecutor.runWorker(ThreadPoolExecutor.java:1090)
	at java.base/java.util.concurrent.ThreadPoolExecutor$Worker.run(ThreadPoolExecutor.java:614)
	at java.base/java.lang.Thread.run(Thread.java:1474)
Caused by: org.apache.ratis.protocol.exceptions.LeaderNotReadyException: n1@group-D7F925094F13 is in LEADER state but not ready yet.
	at org.apache.ratis.client.impl.ClientProtoUtils.toRaftClientReply(ClientProtoUtils.java:421)
	at org.apache.ratis.grpc.client.GrpcClientProtocolClient$AsyncStreamObservers$1.onNext(GrpcClientProtocolClient.java:318)
	... 12 more
[timer1] ERROR org.apache.ratis.client.impl.OrderedAsync -  (Repeated 4 times in the last 5.000s) client-81A1BAC35978: Failed* RaftClientRequest:client-81A1BAC35978->n1@group-D7F925094F13, cid=105, seq=26*, RW, Message:0804106118bc8b94a387...(size=35) due to java.util.concurrent.CompletionException: org.apache.ratis.protocol.exceptions.AlreadyClosedException: client-81A1BAC35978->n1 is closed. caused by AlreadyClosedException
